tenure_months,monthly_spend,orders_per_month,support_tickets,uses_discounts,app_sessions,churn
7,294.86,3,1,1,8,0
55,2112.44,7,2,1,15,0
47,2861.39,1,0,1,15,0
32,2521.62,5,0,0,18,0
31,976.15,1,2,1,13,0
61,349.31,2,3,1,16,0
7,2832.98,4,2,1,14,0
50,2823.78,1,2,0,16,0
15,1690.76,1,3,0,14,1
7,1998.49,4,1,1,16,0
38,1495.28,5,0,1,11,0
70,1375.34,2,3,0,10,0
53,534.46,1,2,0,13,0
55,470.91,3,4,0,17,0
51,851.65,5,2,1,13,0
56,2542.59,2,1,0,13,0
37,608.33,3,3,1,9,0
10,834.76,5,0,0,13,0
60,1736.12,1,0,0,7,0
32,802.37,2,0,1,11,0
36,656.98,0,2,0,7,0
27,1777.29,3,2,0,6,1
13,1230.66,3,2,0,19,0
66,1953.25,7,1,1,8,0
56,2754.17,4,3,0,9,0
46,622.78,7,2,1,10,0
29,2757.61,5,1,0,7,0
59,2726.97,4,1,1,14,0
39,2521.45,3,1,1,10,0
32,1967.6,2,2,0,7,1
32,1936.41,2,2,1,16,0
17,1989.8,5,2,0,9,1
7,2133.39,0,3,0,11,1
40,246.15,4,2,0,12,0
64,2882.66,4,0,0,10,0
5,1839.69,1,0,0,7,0
61,2388.1,3,3,0,12,0
59,1256.39,1,1,1,7,0
20,234.71,4,2,1,13,1
45,1627.26,5,1,0,18,1
12,1620.13,4,2,1,8,0
54,1423.57,4,2,0,13,0
50,1151.21,7,1,1,14,0
26,899.51,1,2,1,10,0
5,1677.13,4,1,1,10,0
69,1250.78,0,0,0,16,0
32,2915.81,2,3,0,16,1
64,684.2,2,0,0,12,0
49,1095.06,3,1,1,17,0
56,1023.09,4,2,1,17,0
54,1721.27,2,1,0,12,1
14,1597.98,4,1,0,12,0
26,2002.47,1,3,0,14,0
34,2860.0,4,1,1,13,0
36,998.62,1,0,1,13,0
4,2139.76,3,1,0,13,0
39,270.11,2,0,1,16,0
11,934.69,3,0,1,11,0
53,1498.42,4,1,1,20,0
49,286.79,6,1,1,16,0
66,1929.47,5,0,1,15,0
53,2099.27,4,1,0,18,0
27,2290.85,0,1,0,17,0
69,1646.41,4,1,1,12,0
30,1891.05,2,2,1,17,0
24,1308.98,4,1,0,10,0
65,315.51,1,2,0,9,0
27,479.87,4,1,1,20,0
6,2033.99,3,2,0,20,0
34,2987.55,2,2,1,10,0
57,244.25,6,1,0,14,0
14,1761.23,2,1,0,17,0
33,2302.82,4,2,0,9,0
10,2514.97,3,2,1,10,0
49,1726.57,3,0,1,8,0
34,1935.76,1,1,0,13,0
24,2150.83,3,1,1,12,0
17,2605.11,5,1,1,9,0
41,542.41,3,1,1,19,0
48,2793.31,3,5,1,13,0
67,272.85,4,0,0,16,0
32,2541.36,3,0,0,5,0
12,414.87,4,0,1,14,0
60,744.96,1,4,1,16,0
45,210.9,1,1,0,13,1
50,1446.72,2,2,1,13,0
7,1136.21,5,0,0,12,0
23,664.78,2,4,1,10,0
55,1463.05,3,5,1,10,0
60,1326.64,2,2,1,18,0
31,2349.45,1,2,0,17,0
58,2700.76,3,1,0,7,0
60,2027.19,0,0,1,5,0
28,548.35,1,1,1,7,1
64,1027.09,2,2,1,10,0
21,2757.29,4,0,1,11,0
18,448.46,2,3,1,18,0
49,1339.2,2,0,1,14,0
46,2839.01,4,1,1,10,0
10,2861.86,2,1,1,9,0
60,1351.37,1,1,1,15,0
15,2068.71,5,2,0,5,0
58,1478.89,4,2,1,12,0
1,2309.69,3,0,0,11,0
57,288.43,4,2,1,12,0
56,603.64,5,0,1,9,0
56,1919.76,2,0,0,15,0
48,851.15,1,1,0,20,0
34,2064.95,3,1,1,11,0
51,1183.42,2,2,1,17,0
20,2682.61,1,1,0,16,0
56,2493.93,2,1,0,11,0
40,1579.95,4,2,1,12,0
33,2364.11,5,2,1,16,0
36,959.19,2,2,1,17,0
41,1583.93,3,0,1,13,0
3,752.95,2,1,1,13,0
10,2610.48,4,3,0,10,0
18,2504.59,2,1,1,12,0
9,2726.02,3,1,1,15,0
32,2656.94,11,1,0,20,0
48,2886.87,6,3,0,9,0
47,839.34,1,0,1,15,0
34,2809.11,1,0,0,15,0
61,1799.4,5,1,1,12,0
41,1382.99,0,1,0,15,0
6,1769.05,9,0,0,12,0
55,1159.29,0,0,0,9,0
41,1007.95,3,1,1,9,0
46,875.68,2,0,0,14,0
41,430.8,3,1,1,8,0
40,1590.38,5,2,0,17,0
7,2685.73,2,0,0,6,0
40,1964.43,3,0,0,9,0
57,1658.73,3,0,1,14,0
22,1400.06,5,2,0,14,0
43,1500.32,7,1,1,19,0
3,785.98,4,1,0,12,0
25,2504.22,4,2,0,8,1
32,755.47,3,1,1,12,0
70,2206.54,4,0,1,15,0
16,2327.96,0,0,0,14,1
20,1809.63,3,0,0,11,0
30,2616.19,1,0,0,7,0
71,1014.94,4,1,0,7,0
61,2668.53,1,1,0,11,0
3,2242.35,1,0,1,10,0
17,2436.5,2,0,0,14,1
59,2060.82,2,0,0,23,0
5,2569.76,3,1,0,17,0
61,2980.68,3,0,1,13,0
20,1376.46,4,2,0,9,0
66,2478.96,3,2,1,16,0
21,2284.82,5,3,1,19,0
31,1468.04,4,2,0,15,0
47,2795.46,5,3,1,9,0
9,1304.39,4,3,0,10,1
40,1783.3,0,0,1,19,0
36,496.64,3,3,0,5,0
56,832.17,3,0,1,14,0
71,2553.95,2,0,1,12,0
48,1310.35,1,0,0,9,0
30,1303.44,6,3,0,10,0
29,888.75,2,3,0,16,0
30,1576.51,2,1,1,16,0
58,2456.29,4,0,0,10,0
23,2706.46,5,2,1,10,0
12,396.32,5,3,1,10,0
24,1809.5,2,0,1,8,0
2,1508.37,4,2,1,10,0
8,1919.99,4,0,0,10,0
7,1452.37,4,0,0,9,0
55,1316.21,1,0,1,12,0
52,1521.27,3,2,1,16,0
50,1829.6,2,2,1,16,0
33,1602.75,6,0,1,12,0
51,1522.0,2,2,1,11,0
12,2489.94,4,0,1,10,0
64,2287.81,2,1,1,15,0
36,1155.86,4,2,1,12,0
67,2441.62,4,2,0,13,0
11,2590.22,4,0,0,10,0
36,629.78,5,2,0,9,0
50,1831.51,1,2,0,10,1
36,998.87,1,0,1,11,0
32,2269.68,4,0,0,13,0
12,868.6,4,2,0,17,0
28,2079.93,3,0,0,10,0
17,914.35,4,2,1,16,0
22,1631.2,4,1,1,11,0
49,2856.21,4,0,1,14,0
45,1267.66,4,0,1,14,0
44,2652.07,3,2,1,16,0
26,2963.44,4,5,0,6,1
69,2649.58,4,0,1,6,0
7,664.42,3,1,0,11,0
25,2495.04,2,1,0,18,0
9,290.02,5,2,1,12,0
25,1301.25,0,2,0,11,0
69,2638.05,2,2,1,15,0
27,2128.51,4,1,1,12,0
65,1691.67,1,0,1,7,0
36,1286.02,6,2,1,9,0
50,2474.43,2,1,0,15,0
33,2186.76,4,1,0,13,0
19,1511.53,2,1,0,19,0
55,2698.96,5,4,1,14,0
69,843.85,1,0,0,16,0
19,677.1,1,0,1,10,0
56,1999.85,5,1,0,12,0
19,2921.58,2,1,0,22,0
51,892.32,3,0,0,8,0
57,899.08,3,1,1,12,0
32,590.6,1,1,0,13,1
53,2609.58,2,0,0,18,0
20,833.91,5,0,0,8,0
6,1608.9,3,1,0,11,1
7,2974.44,2,2,1,13,0
32,233.99,5,0,1,17,0
65,1758.16,2,1,0,9,1
10,1634.41,6,2,1,11,0
33,2460.85,6,0,1,14,0
50,1194.79,4,2,1,16,0
15,1348.96,4,1,0,13,1
52,670.23,1,2,0,15,0
22,2274.28,6,0,1,14,0
58,2397.18,2,2,0,9,0
42,582.66,0,1,0,14,1
39,1301.68,7,0,1,19,0
13,2700.13,3,0,1,13,0
33,207.58,1,2,0,12,0
61,1036.53,2,0,0,9,0
2,1754.12,3,1,1,11,0
54,1135.46,2,2,0,11,0
35,961.73,9,2,0,5,0
52,1488.1,3,2,1,16,0
48,708.26,3,0,0,14,0
31,1682.95,3,1,0,11,0
22,2178.75,2,2,1,8,0
45,1810.83,5,1,1,17,0
10,460.71,2,0,0,11,0
42,2564.34,4,0,1,11,0
7,689.94,3,1,0,13,0
47,2341.47,0,1,0,14,0
45,1209.58,0,0,1,10,0
6,2391.73,4,0,0,8,0
54,777.56,4,2,0,12,0
30,722.65,6,2,1,16,0
56,1591.67,2,0,1,11,0
3,292.22,3,2,1,14,0
13,830.83,6,1,1,16,0
36,2227.23,3,4,0,9,1
14,2544.67,2,1,0,18,0
24,426.2,1,0,1,11,0
47,2669.82,0,0,1,12,1
11,2433.05,4,3,1,8,0
49,2635.12,7,0,0,17,0
8,2155.6,3,1,1,10,1
13,2087.63,4,1,1,18,0
42,1670.26,4,4,1,8,0
57,2027.8,7,0,1,11,0
13,2773.51,2,1,0,22,0
22,481.46,3,1,0,11,1
66,1084.14,2,2,0,13,0
71,402.87,4,2,1,13,0
42,2845.45,2,2,1,16,1
32,1446.74,5,2,0,14,0
25,2090.96,1,1,1,14,0
44,2555.14,4,2,1,20,0
42,2974.8,1,2,0,17,0
21,652.99,3,4,0,15,0
2,2438.64,2,0,1,7,0
11,2684.78,5,0,0,17,0
69,336.85,2,1,0,11,0
30,2311.45,4,2,0,13,1
35,1193.23,1,1,0,12,0
34,2016.07,2,0,0,9,0
56,1639.33,3,1,0,10,0
5,927.28,2,0,1,10,0
6,578.62,2,3,0,7,0
20,527.45,4,0,0,12,0
35,489.3,3,0,0,14,0
48,1985.81,1,0,1,13,0
35,1183.95,3,1,0,15,0
32,806.57,3,1,1,15,0
67,2137.28,5,1,1,20,0
12,2123.18,3,0,1,14,0
41,1709.67,5,0,1,13,0
39,2817.88,4,3,0,7,1
34,1279.16,2,2,0,7,0
58,2540.42,3,4,1,17,0
19,410.39,0,0,0,13,0
68,2271.53,3,0,0,13,0
24,2967.65,1,0,1,16,0
39,2570.48,2,0,0,8,0
37,1823.06,3,1,0,11,0
61,1954.94,0,3,0,15,1
32,1189.21,0,0,1,8,0
21,2102.56,2,2,0,14,0
2,2357.11,2,1,0,15,0
26,2995.04,0,2,1,10,0
59,1578.9,1,1,1,11,0
1,371.65,1,1,1,13,0
64,1868.4,7,3,0,13,1
39,533.27,1,0,0,15,0
10,885.34,2,1,1,12,0
22,1120.58,4,1,1,14,0
40,2246.88,2,2,1,18,0
23,714.66,3,1,0,12,0
8,664.11,6,0,1,21,0
48,325.9,3,1,0,7,0
48,2645.07,1,0,1,12,0
9,2141.82,2,0,0,7,0
20,311.85,1,2,1,12,0
18,279.22,5,4,0,8,1
47,1764.29,1,0,1,19,0
52,991.1,5,4,0,9,0
52,1870.83,4,1,0,14,0
67,1416.89,3,2,1,17,0
55,2785.28,6,2,1,10,0
23,1005.87,5,0,1,10,0
8,2101.61,2,0,0,10,0
44,351.35,1,1,0,12,0
66,2876.41,2,1,0,12,0
70,2946.12,11,1,0,14,0
17,2269.41,7,1,0,8,0
17,1502.59,3,1,0,17,0
3,815.98,2,0,1,14,0
11,2475.05,1,2,0,10,0
40,2261.79,4,1,0,12,0
39,821.47,1,0,0,14,0
27,1463.4,7,4,1,18,0
23,1495.84,1,0,0,12,0
59,2513.95,5,2,1,21,0
33,2114.77,1,1,1,9,0
58,2000.87,3,1,1,11,0
69,2019.52,1,0,1,16,0
23,957.32,5,1,0,13,0
15,1240.79,1,3,1,15,0
68,327.85,3,0,1,10,0
46,2403.44,4,1,0,11,0
21,1412.4,2,2,1,12,0
45,1427.07,2,2,0,17,0
37,887.0,4,2,1,14,0
65,786.4,1,0,1,10,0
19,1845.9,2,2,1,13,0
71,851.15,3,1,1,13,0
67,379.78,4,2,0,15,0
13,2349.02,2,0,0,11,0
12,1254.11,3,5,0,10,1
38,1264.66,4,0,0,13,0
4,1407.69,1,2,1,8,1
22,2482.13,5,1,1,13,0
31,1098.34,3,1,0,8,0
69,2322.5,4,1,1,10,0
71,2830.73,3,0,1,11,0
11,2050.43,2,1,0,12,0
64,1408.71,1,0,1,7,0
7,2293.81,3,3,0,16,1
54,1482.11,4,0,0,21,0
61,1360.4,2,3,1,4,0
64,1670.79,3,2,1,16,0
16,1089.62,2,3,0,13,0
64,491.9,5,2,0,6,0
9,1361.59,1,1,1,18,0
37,546.8,1,0,1,7,0
34,1349.24,0,2,0,11,0
23,1759.41,7,0,0,11,0
2,2805.99,3,0,1,15,0
55,301.42,3,0,1,8,0
24,1940.08,6,0,0,8,0
47,1481.66,3,0,0,14,0
30,256.73,0,1,1,15,1
27,898.73,2,1,1,18,0
63,531.76,1,1,1,14,0
7,807.02,6,0,0,16,0
53,968.8,6,1,0,12,0
54,1323.66,4,1,1,9,0
27,1681.31,1,2,0,11,0
19,202.77,4,0,1,10,0
1,653.23,3,2,0,17,0
67,461.99,1,1,1,16,0
68,1739.09,3,1,1,6,0
18,1121.41,3,2,1,9,0
3,1735.51,2,2,1,11,0
9,821.11,5,0,0,15,0
5,267.84,5,1,1,14,0
60,2835.83,4,3,1,18,0
64,503.26,2,1,0,11,0
11,555.2,4,1,0,14,0
54,610.33,0,1,1,9,0
13,2947.57,3,1,1,10,0
27,1929.45,1,1,0,12,1
43,1908.81,1,3,0,10,0
52,2962.75,5,1,1,13,0
63,447.63,1,2,1,8,0
4,2928.6,5,1,1,8,0
14,771.24,5,1,0,10,0
20,1944.6,5,1,0,15,0
23,1376.23,3,3,0,7,0
71,1275.07,7,2,1,6,0
56,2807.48,3,1,0,16,0
23,617.84,2,1,1,12,0
69,2991.79,2,1,1,15,0
36,1261.55,4,0,0,14,0
36,2016.57,4,2,0,10,0
31,2910.14,3,2,0,19,0
11,361.28,1,0,1,10,0
67,2784.02,5,2,1,10,0
1,1789.87,1,0,1,8,0
13,2172.31,4,0,1,11,0
17,617.72,3,4,1,11,0
20,1693.48,1,3,1,17,0
10,2085.84,2,0,0,18,0
2,1477.49,4,2,0,13,0
49,633.96,1,1,1,8,0
69,883.53,1,3,0,17,0
9,2592.3,8,2,0,8,0
22,296.52,2,1,1,18,0
36,2184.81,2,2,1,8,0
66,2998.29,2,2,1,19,0
50,220.95,3,2,0,8,0
55,650.93,0,2,0,12,0
42,2087.6,4,1,0,16,1
30,367.97,2,2,0,17,0
15,1851.41,1,2,0,9,0
62,2115.2,6,1,0,22,0
58,1846.81,2,2,0,8,1
2,1222.52,5,3,1,15,0
51,2152.39,4,1,1,15,0
6,1864.02,5,1,1,13,0
53,781.38,0,1,0,8,0
59,1776.78,3,2,0,8,0
10,2669.34,3,0,1,6,0
31,2067.13,4,2,1,13,0
9,1521.02,5,2,0,18,0
41,1100.44,4,1,0,15,0
66,440.48,3,1,0,8,0
6,884.96,4,1,0,12,0
29,231.32,1,0,1,13,0
70,2962.55,5,1,1,14,0
22,822.95,2,1,1,14,0
10,2481.65,2,1,0,12,1
35,672.21,3,1,1,16,0
37,994.08,2,2,0,9,0
48,1371.18,3,1,0,11,0
23,1108.34,3,1,1,6,0
68,2435.38,5,4,1,10,0
37,2881.54,3,0,0,17,0
21,2650.82,4,0,1,10,0
69,630.02,2,1,0,13,0
66,2374.73,4,2,1,9,0
36,614.25,1,0,0,7,0
2,2757.47,1,1,0,14,0
43,1650.06,5,1,1,13,0
40,1141.87,2,2,0,9,0
11,639.67,0,0,0,15,0
46,233.07,4,1,0,9,0
60,894.25,2,4,0,7,0
8,2759.26,5,2,1,14,0
52,2432.33,3,2,0,8,0
10,2915.42,3,1,1,7,0
54,482.13,7,1,1,12,0
30,1858.1,5,1,1,16,1
1,920.02,2,4,1,6,0
69,1720.24,4,1,0,11,0
12,1097.27,3,2,0,10,0
43,993.7,4,0,1,9,0
13,1806.77,7,1,0,11,0
67,713.29,4,2,0,13,0
53,1513.57,4,2,0,10,0
58,2022.27,7,0,1,13,0
31,558.91,0,0,0,12,0
34,2805.66,4,2,0,12,0
46,1616.03,4,1,0,8,0
56,2494.68,4,0,1,11,0
61,2030.94,3,0,0,7,0
2,2188.0,4,2,0,15,0
48,2205.17,3,0,0,8,0
8,2650.28,5,2,0,11,0
21,1918.1,1,0,0,10,0
59,979.01,3,1,0,14,0
18,478.63,1,0,0,13,0
57,1897.5,2,2,0,19,0
33,385.79,4,0,0,10,0
17,875.62,0,0,0,12,0
24,369.98,1,2,1,15,0
38,1736.89,6,1,1,9,0
55,648.95,5,2,0,10,0
44,1909.14,6,1,0,15,0
67,2414.42,1,1,1,10,0
62,2501.27,2,1,1,4,0
54,1066.72,4,1,0,12,0
43,1737.07,3,1,0,13,0
21,1776.43,1,0,1,9,0
30,1524.08,3,1,0,13,0
9,2034.32,4,1,1,17,0
27,788.24,2,1,1,8,0
66,2941.88,1,0,0,16,0
31,474.62,2,0,1,7,0
9,2521.82,5,1,1,9,0
47,1863.47,4,3,0,10,0
69,885.59,3,1,1,14,0
62,2287.89,4,1,1,16,0
20,436.55,3,3,1,17,0
33,2368.37,2,2,1,15,0
38,1851.96,0,3,0,19,0
18,510.1,5,0,0,12,0
20,422.62,1,0,0,15,0
17,2302.34,4,0,0,10,0
71,1020.22,3,1,1,7,0
53,2690.05,1,2,0,12,0
60,2333.8,3,1,0,9,0
58,2154.93,2,0,1,10,0
69,980.1,4,1,0,7,0
8,2185.04,3,0,0,12,1
63,2854.81,3,2,0,13,0
5,456.37,2,1,0,5,0
34,1113.26,3,1,1,7,0
43,857.08,2,0,1,13,1
26,1301.1,7,1,0,12,0
11,2278.53,1,0,1,9,0
14,1527.88,1,3,0,8,1
59,1798.05,1,1,0,16,1
23,1079.63,5,1,0,18,0
23,595.61,4,2,0,16,0
66,947.41,4,0,0,13,0
11,2607.1,0,0,1,8,0
65,1886.77,5,1,0,9,0
66,1258.37,3,1,1,7,0
43,2411.74,2,1,1,11,0
12,380.48,4,0,0,16,0
12,910.9,3,0,0,11,0
21,844.29,4,0,0,9,0
41,2959.02,2,0,0,18,0
11,2177.08,8,0,1,18,0
33,1929.8,2,2,0,16,0
9,213.96,3,3,1,9,0
39,716.07,2,4,0,10,0
2,1979.52,0,2,0,14,1
51,1263.21,3,0,0,12,0
4,2787.99,3,2,1,12,0
14,2341.23,3,0,0,14,0
13,1452.68,1,1,1,12,1
60,2298.64,1,1,1,11,0
4,2931.13,3,0,1,14,0
31,1490.75,8,3,1,9,1
42,1999.07,2,0,0,15,0
37,2772.26,1,0,0,9,0
49,896.29,6,4,0,6,0
58,2682.36,3,0,0,11,0
28,473.13,3,1,1,5,0
59,2015.65,1,2,0,11,1
23,2391.95,3,1,0,14,0
70,1920.9,7,2,0,7,0
36,1587.5,3,1,0,10,0
53,1928.57,0,4,1,10,1
63,624.66,4,0,1,21,0
57,803.6,2,0,0,8,0
61,955.72,4,2,1,16,0
39,1873.78,2,1,1,9,0
4,1437.32,5,2,0,7,0
36,884.53,3,2,1,19,0
13,2671.87,3,1,0,13,0
64,1246.98,3,1,0,12,0
17,1448.89,2,1,1,12,0
17,1347.16,1,0,0,9,0
18,709.44,0,1,1,18,0
46,2248.56,2,2,1,8,0
41,1455.68,1,0,0,15,0
68,245.52,1,2,0,7,0
30,2899.24,5,0,0,14,0
21,2484.14,1,1,0,7,1
4,2225.97,4,2,0,18,0
1,2633.46,2,2,1,13,0
27,2739.06,0,0,1,18,0
66,1144.97,6,1,1,12,0
38,1910.68,0,0,1,11,0
64,1904.66,5,0,1,18,0
8,948.44,3,0,1,10,0
7,821.47,4,0,1,8,0
60,518.94,1,0,1,11,0
8,2046.08,4,0,1,5,0
4,2386.57,1,0,0,15,0
29,2330.67,3,0,1,6,0
66,1085.57,1,1,0,14,0
49,774.73,4,1,0,13,0
8,1470.12,1,1,0,13,0
60,1731.08,2,0,1,12,0
60,2773.44,0,1,0,14,0
57,2649.5,3,2,0,11,0
65,2764.96,3,0,0,15,0
18,2580.73,3,0,1,16,0
70,2900.83,2,4,0,13,0
23,1503.4,3,0,1,11,0
57,332.93,2,1,1,12,0
42,433.97,3,1,0,13,0
56,1292.77,7,0,1,13,0
45,921.52,3,0,1,7,0
46,675.83,5,1,1,9,0
44,2868.97,3,0,0,9,0
56,747.17,3,0,1,13,0
53,2886.26,4,2,0,7,0
10,2330.35,3,1,1,12,0
59,1994.65,2,1,1,10,0
39,2092.85,4,0,0,16,0
23,1128.13,3,0,0,16,0
37,2010.0,4,2,0,10,0
69,722.74,0,1,1,7,0
61,2825.58,4,1,1,10,0
60,1045.02,6,3,0,18,0
33,914.52,3,2,1,13,0
56,2191.26,2,3,1,11,0
28,2038.06,0,0,0,16,0
49,1463.64,2,2,0,11,0
46,1970.85,2,1,1,10,0
18,646.58,3,2,1,17,0
19,2085.32,3,2,0,7,0
5,957.71,1,1,1,19,0
10,963.94,7,0,0,11,0
31,654.1,2,2,1,6,0
34,1130.66,2,1,1,7,0
12,1127.5,2,0,1,17,0
30,1471.7,4,1,1,11,0
43,733.17,1,3,0,12,1
17,740.42,3,1,0,10,0
25,1716.87,2,0,1,13,0
27,560.86,2,5,0,16,0
36,2128.91,4,1,1,9,0
27,2843.05,3,3,1,14,0
53,1395.03,2,2,1,11,0
24,2723.09,5,1,1,12,0
31,475.29,6,3,0,12,0
27,320.28,4,2,0,16,0
13,2219.83,4,1,0,21,0
49,2330.86,0,1,0,11,0
17,2560.56,3,2,0,13,0
22,359.09,0,2,1,13,0
57,2375.34,6,0,1,9,0
68,1254.31,4,2,0,7,0
48,1049.35,3,1,1,6,0
66,684.47,4,0,1,12,0
61,2988.84,4,2,0,14,0
35,378.26,5,2,0,15,0
55,2515.62,2,0,1,13,0
24,1990.58,4,0,0,11,0
33,2258.23,2,3,0,15,1
39,2192.81,6,0,1,14,0
69,2603.62,4,0,0,11,0
61,714.62,2,0,0,13,0
35,202.31,4,1,0,10,0
47,1875.88,1,0,1,15,0
15,1190.8,1,0,0,5,0
58,546.6,1,1,0,9,0
40,721.19,0,0,0,7,0
38,1128.9,2,2,0,15,0
55,396.65,2,3,1,8,1
45,359.36,4,2,1,15,0
6,2764.87,1,1,1,15,1
21,1073.89,0,2,0,13,0
13,2950.25,2,0,1,11,0
53,2900.23,2,1,1,12,0
3,599.2,1,2,0,9,0
15,2201.79,3,3,0,18,1
43,1882.25,2,0,1,16,0
50,2133.81,4,0,1,11,0
36,469.33,3,1,0,8,0
62,727.97,5,0,1,8,0
66,414.59,3,2,0,13,0
10,1891.58,2,1,0,7,0
68,2962.46,4,3,0,7,0
44,2081.56,0,0,0,19,0
46,2190.13,0,1,0,15,0
7,2956.84,2,0,1,15,1
45,2098.43,3,3,1,9,0
52,312.51,2,3,1,8,0
42,2627.62,3,2,1,12,0
6,1221.1,6,2,0,12,0
38,212.22,2,1,1,13,0
67,1620.26,1,3,1,10,0
52,2823.64,1,1,0,11,0
10,920.53,4,2,1,15,0
69,1576.24,1,0,1,8,0
69,686.58,7,2,0,11,0
13,361.54,1,3,1,25,1
57,425.53,3,1,1,12,0
29,2235.63,3,1,1,17,0
43,2619.41,2,0,0,12,0
32,601.24,0,1,1,15,0
56,1007.29,2,2,1,18,0
71,746.08,1,1,0,11,0
57,275.2,1,1,1,13,0
67,1749.61,6,4,0,8,0
68,2159.78,6,2,1,12,0
7,2014.06,2,0,1,7,0
18,1286.55,3,0,1,13,0
52,1754.03,4,4,0,10,1
42,463.48,2,1,0,15,0
4,632.05,0,1,1,10,0
7,2809.02,5,0,1,14,0
37,2332.22,4,2,0,16,0
44,2783.67,4,0,1,9,0
12,2766.7,5,1,0,11,0
13,2018.3,6,2,0,20,0
10,2799.07,2,1,0,13,0
41,1366.77,6,0,0,13,0
1,210.13,4,1,0,16,0
41,375.2,2,0,0,12,0
34,506.56,1,4,1,12,0
34,466.99,5,1,1,7,0
49,1184.77,4,3,1,15,0
38,2163.56,3,1,0,13,0
52,2413.82,5,0,1,13,0
55,1852.6,4,2,0,17,0
66,610.02,5,1,0,10,0
57,2294.12,4,1,1,10,0
37,1193.45,3,1,0,14,0
35,236.38,2,2,1,14,1
17,985.65,1,2,0,13,0
43,1125.68,4,1,0,11,0
10,967.89,0,3,1,14,0
67,2473.24,2,2,1,14,0
60,2327.79,5,2,0,17,0
9,2147.55,4,0,1,9,0
56,589.21,2,0,0,15,0
9,2461.93,4,0,1,6,0
52,2096.09,3,0,0,16,0
7,745.55,4,2,0,14,0
35,2014.66,0,0,0,10,0
47,1553.83,2,1,0,7,1
52,1430.18,2,0,1,14,0
30,513.94,0,1,0,10,0
66,1651.25,2,1,1,12,0
55,479.81,3,1,0,15,0
15,659.91,2,1,0,12,0
48,571.13,1,2,0,10,0
52,2871.5,3,1,0,17,0
24,997.62,5,2,1,14,0
53,1194.57,4,0,0,10,0
64,1101.83,2,3,1,8,1
59,2715.1,4,1,1,18,0
55,1776.3,3,5,1,11,0
46,2773.65,4,1,0,14,0
20,1039.79,4,1,1,10,0
57,521.54,2,0,1,18,0
26,1757.41,4,1,1,15,0
38,1167.5,2,0,1,12,0
23,2445.34,2,1,1,7,0
23,2662.39,4,2,1,11,0
12,1523.21,2,2,0,9,0
69,2919.81,3,1,1,5,0
11,1748.44,6,0,1,11,0
7,958.58,1,1,1,8,0
67,1569.13,4,1,1,5,0
40,304.47,0,1,0,12,0
32,2451.2,4,2,0,9,0
53,484.02,2,0,1,15,0
28,1064.5,5,1,0,13,0
10,1782.89,5,0,1,14,0
52,320.33,2,2,1,9,0
13,422.09,2,1,0,10,0
40,2149.13,6,1,0,15,0
68,400.98,2,1,0,8,0
67,1535.83,6,1,1,10,0
26,1148.35,1,2,0,11,0
56,838.62,3,0,0,12,0
44,728.58,5,2,1,5,1
35,2337.55,2,0,1,15,0
10,2864.32,5,3,0,12,0
27,592.5,5,1,0,6,1
47,2887.11,2,1,0,15,1
71,1865.34,4,2,0,12,0
1,1996.65,3,1,1,10,0
51,2187.79,5,1,1,7,0
61,2171.53,1,0,0,9,0
68,2495.47,6,1,0,12,0
31,1553.71,5,1,1,11,0
9,1693.4,3,2,0,9,0
20,1106.72,5,0,1,12,0
61,494.72,4,1,0,6,0
63,2060.99,2,1,1,6,0
46,294.11,1,2,0,4,0
9,971.78,3,0,1,11,0
9,463.84,8,4,0,13,0
34,734.04,3,1,1,15,0
42,1988.45,4,2,0,15,0
3,1959.73,3,1,1,10,0
49,1378.95,2,1,0,11,0
39,452.48,5,1,0,11,0
1,1413.45,0,2,1,13,0
7,1187.69,1,1,1,5,0
33,2217.29,2,2,1,14,1
52,1821.27,5,3,1,18,0
59,1576.38,6,2,0,9,0
31,1563.55,6,0,0,12,0
21,2905.63,2,1,1,17,1
69,2317.62,6,5,1,14,1
33,1591.54,4,3,1,13,0
23,1541.82,5,0,1,16,0
32,274.14,4,0,1,18,0
1,2839.03,2,5,1,11,1
22,1093.69,0,1,1,9,0
37,916.63,7,0,1,8,0
66,2998.34,0,2,0,9,0
53,2212.33,4,2,1,19,0
56,332.62,5,1,0,11,0
39,373.28,6,1,1,19,0
8,271.4,3,1,1,12,0
28,1878.93,6,2,1,10,0
71,400.38,4,3,1,9,0
4,2813.49,4,0,0,10,1
63,2823.34,3,2,0,14,0
49,1728.95,5,2,0,15,0
21,1926.59,2,2,0,11,0
56,1017.3,4,0,1,15,0
60,379.12,5,0,0,19,0
4,2264.89,2,1,0,14,0
8,485.0,3,0,0,7,1
48,439.56,1,0,0,9,0
71,1071.42,3,2,1,10,0
2,234.9,3,4,0,10,1
48,1415.3,2,1,0,17,0
10,2181.51,2,2,0,14,0
47,2443.78,3,0,1,10,0
45,1892.06,2,3,0,7,0
7,2571.25,5,1,1,15,1
49,1338.21,0,3,0,10,0
64,2576.56,3,1,0,16,0
62,1618.13,2,0,1,12,0
3,824.5,5,2,1,15,0
18,2843.61,2,1,1,12,1
18,969.92,4,0,0,4,0
33,273.36,6,1,0,12,0
11,879.49,3,5,0,7,1
61,1226.73,2,2,0,11,0
56,1183.78,1,1,1,11,0
58,1669.07,4,3,1,10,0
15,2672.76,4,0,0,8,0
2,1018.55,4,1,0,14,0
65,1658.16,4,2,1,16,0
21,1152.39,1,1,1,9,0
47,2500.96,5,0,0,12,0
65,641.28,1,1,0,14,1
3,489.83,1,1,1,15,0
1,1608.39,3,1,1,8,0
1,2081.29,1,1,1,13,0
12,2427.47,0,1,0,10,0
4,1850.95,9,2,1,13,0
59,2366.78,1,0,0,11,0
44,1299.59,4,4,1,21,0
70,292.03,4,2,1,11,0
57,525.08,4,2,1,9,0
69,308.42,3,1,1,5,0
17,1121.04,9,1,0,15,0
21,1587.38,3,1,0,14,0
61,1197.69,7,1,0,14,0
18,1769.68,4,0,1,16,0
5,1545.71,7,1,1,12,1
48,2098.24,3,0,0,9,0
57,2067.49,3,4,1,8,0
69,1090.58,1,1,1,8,0
66,1169.4,2,2,1,13,0
9,1838.41,6,0,0,21,0
55,1870.01,7,2,0,13,0
61,1081.16,5,1,1,14,0
50,1124.89,5,2,0,9,1
59,2143.33,4,2,1,17,0
60,2012.75,5,0,0,12,0
32,578.14,1,4,1,18,1
3,1434.92,4,1,0,13,0
33,2699.58,7,0,1,5,0
15,301.66,4,5,1,12,0
9,2594.46,4,1,1,6,1
9,656.9,1,4,1,7,1
50,1620.3,4,1,1,14,0
36,1388.14,2,1,1,7,0
39,228.36,3,2,1,15,0
53,2763.11,3,1,0,10,0
39,1473.79,3,3,1,11,0
45,2871.95,4,1,1,10,0
7,1002.88,4,0,1,12,0
61,2625.57,2,0,0,12,0
32,2782.69,6,1,0,12,0
12,1759.13,2,1,0,13,0
58,767.5,1,0,0,10,0
53,2118.69,2,1,1,11,0
4,1737.14,3,0,1,14,0
14,2844.68,4,0,1,15,0
2,1429.96,3,1,0,10,1
20,951.84,3,2,0,11,0
8,587.2,5,0,1,11,0
51,2156.17,2,1,0,11,0
38,2927.51,2,0,0,15,0
70,279.36,3,0,0,10,0
54,2273.25,6,2,1,12,0
44,2795.41,3,0,1,13,0
37,409.39,2,1,0,10,0
4,508.48,0,2,0,8,0
5,2137.48,2,1,1,12,0
44,2014.3,1,2,1,10,1
1,392.72,2,1,1,11,0
4,2536.38,3,1,0,20,0
16,1665.59,2,1,1,8,0
63,2740.15,3,1,1,8,0
33,2658.37,3,3,0,13,0
51,2475.02,6,0,1,19,0
30,1644.52,3,4,0,10,1
13,904.79,2,3,1,16,1
27,1616.73,3,1,1,9,0
7,482.27,2,0,0,7,0
55,2044.77,4,1,0,12,0
14,575.14,1,0,0,8,0
27,1631.28,2,4,0,6,0
70,352.27,2,3,0,8,0
43,1038.63,3,3,1,20,0
33,849.83,3,2,0,13,0
39,1936.09,1,0,0,16,0
56,2403.0,2,0,0,15,0
19,360.45,4,1,1,13,1
46,2580.79,1,1,0,9,0
62,2610.15,3,0,0,14,1
41,1158.35,1,3,1,12,0
32,2045.21,2,0,0,10,0
11,1327.32,5,0,1,13,0
18,631.73,2,0,0,16,0
68,1680.25,4,0,1,11,0
39,441.81,3,1,0,18,0
22,2659.72,1,2,0,14,0
30,2788.01,1,2,1,11,0
42,2500.52,2,2,1,8,0
39,1775.08,4,2,1,9,0
50,1761.28,1,4,1,10,1
19,2956.9,2,1,0,9,1
47,894.12,2,0,1,12,0
32,412.66,2,1,0,11,0
67,1773.43,1,3,0,7,0
12,1120.6,2,1,0,13,1
11,1102.55,2,1,1,10,0
33,219.84,2,2,1,18,0
37,1869.47,5,1,0,19,0
50,939.29,2,2,1,15,0
29,726.0,10,0,0,13,0
65,313.21,2,1,1,14,0
34,1220.21,3,1,0,13,0
10,2661.11,1,2,1,14,0
9,1142.68,2,2,0,20,1
70,2101.41,3,1,0,13,0
10,2318.33,3,3,1,10,0
68,1118.68,1,2,1,11,0
20,2500.59,6,1,1,10,1
7,2137.26,0,0,1,17,0
22,1765.88,3,2,1,13,0
44,202.78,2,0,0,9,0
31,298.25,4,1,1,13,0
56,2974.42,2,2,0,8,0
44,2390.39,1,1,1,10,0
29,2825.18,2,1,1,13,0
46,2726.45,3,0,1,5,0
69,257.24,6,0,0,16,0
30,2417.17,4,1,1,12,0
11,1463.21,2,2,0,14,0
30,2410.76,2,1,0,13,0
60,218.8,3,1,0,17,0
16,1006.96,3,1,0,10,0
68,2303.71,2,4,1,17,0
42,2420.46,2,1,0,10,0
43,1935.2,6,0,1,9,0
23,1043.52,4,2,1,16,0
66,1069.02,4,3,1,12,0
3,2906.94,1,1,1,10,1
22,1429.79,2,0,0,16,0
30,1451.95,7,2,0,8,0
34,1746.53,2,0,0,10,0
34,1346.61,3,0,1,16,0
11,1747.48,2,1,0,6,0
17,1410.54,5,2,1,9,0
7,2514.8,4,2,1,15,1
41,2745.34,1,3,0,11,0
25,2809.91,0,1,0,12,1
41,1780.03,6,2,1,17,1
42,1438.02,2,1,0,16,0
50,2174.67,1,1,1,13,0
39,2547.31,1,2,0,17,0
47,1776.35,3,1,0,11,0
42,2159.95,6,1,1,4,0
47,2299.24,1,1,0,10,0
44,2093.9,1,2,1,16,0
23,2289.17,0,0,1,11,0
18,784.21,5,3,1,22,1
56,1595.45,2,1,0,17,0
25,1847.15,5,1,0,12,0
39,206.94,0,0,0,10,0
14,2596.7,0,0,0,4,0
31,1908.07,2,0,1,7,0
38,561.58,0,0,0,18,0
45,2485.8,5,1,0,10,0
38,2207.76,4,3,1,9,0
26,2323.24,4,1,0,12,0
69,1297.72,1,2,1,14,0
37,2591.77,3,2,1,15,0
58,1359.28,2,0,0,9,0
53,1797.43,1,4,1,10,0
40,201.8,3,0,0,11,0
63,2005.64,3,3,0,6,0
10,2210.89,1,1,0,14,0
66,1787.91,1,1,0,12,1
61,1590.36,4,0,0,15,0
36,2467.82,0,0,0,6,0
53,2107.84,5,2,1,11,0
37,978.61,2,1,0,8,1
20,2885.41,3,5,1,10,0
57,2180.35,4,1,1,14,1
18,2966.23,3,3,0,12,1
23,2919.53,2,1,0,8,0
37,2772.95,6,1,0,17,0
60,2315.04,2,0,0,16,0
28,1906.4,3,1,0,13,0
36,682.08,6,0,1,13,0
3,1721.38,1,1,0,13,0
9,2343.05,4,1,1,13,0
4,1658.4,2,0,0,12,1
6,2631.07,3,1,1,8,0
62,507.04,2,1,1,7,0
60,1266.63,2,1,0,10,0
59,1616.7,1,0,0,12,0
4,1410.51,1,3,0,9,1
6,504.04,3,1,1,16,0
20,629.88,1,3,1,10,0
41,2545.33,3,0,1,12,0
24,1556.28,4,2,1,11,0
35,336.42,5,2,1,11,0
13,246.18,2,1,1,17,0
52,1525.73,5,0,1,7,0
23,660.26,3,0,0,14,0
5,2174.35,4,1,0,12,0
53,2426.91,3,3,1,8,0
65,839.23,3,0,1,12,0
2,1858.1,4,2,1,12,0
32,632.45,6,0,1,19,0
59,1050.03,3,3,0,10,0
51,2688.63,3,1,1,9,0
61,1723.47,5,1,0,11,0
30,2680.49,2,0,1,12,0
27,830.69,4,1,0,15,0
51,1124.07,4,1,1,9,0
11,1518.67,4,2,1,13,0
17,1544.22,2,1,1,9,0
43,2993.41,1,1,0,12,0
48,520.45,3,1,1,10,0
9,2585.5,1,0,0,8,1
37,2618.31,6,0,1,12,0
26,1748.96,3,1,1,9,0
36,1163.3,1,0,1,8,0
69,1653.83,4,1,1,19,0
6,1018.91,6,0,0,10,0
71,2437.5,5,2,0,10,0
32,1595.18,2,0,0,11,0
55,2792.36,3,2,1,14,0
31,1943.54,6,2,1,12,0
23,1640.09,3,2,0,11,0
55,2190.99,2,3,0,8,0
49,1611.01,2,1,1,16,0
11,2732.62,2,1,0,10,0
51,716.45,3,0,1,12,0
54,2925.38,0,1,1,8,0
28,2474.13,3,1,1,11,0
66,2610.05,4,2,1,15,0
46,1552.14,3,1,1,12,0
24,2544.16,4,2,0,11,0
1,1058.97,3,0,1,12,0
48,2333.45,4,1,0,21,0
15,593.26,4,1,1,11,0
54,1059.75,8,0,0,8,0
38,1448.05,0,1,1,9,0
34,1102.5,5,3,0,7,0
12,1283.65,2,4,1,10,1
51,2496.29,1,0,1,13,0
12,918.69,1,1,1,11,0
30,2286.79,4,1,0,16,0
60,406.39,2,3,1,12,0
66,2344.07,6,0,1,16,0
71,2417.67,2,0,1,8,0
69,1324.76,1,1,0,8,0
40,2222.94,3,1,0,22,1
15,2762.39,3,3,0,9,0
60,2442.0,6,2,1,8,0
57,1293.25,2,2,0,12,0
71,1555.8,0,1,0,15,0
47,2382.2,2,2,0,8,0
11,1019.26,3,1,0,20,1
36,2450.87,0,1,1,9,0
32,1118.6,6,0,1,6,0
60,2456.77,3,1,1,14,0
28,443.04,2,0,1,12,0
24,324.31,1,0,1,14,0
6,2993.49,2,0,0,11,0
60,2634.48,2,2,1,13,0
54,2671.97,3,2,1,16,0
3,2863.58,8,0,0,7,0
31,1427.29,10,0,0,16,0
35,1003.14,5,2,0,11,0
34,564.07,3,0,1,10,0
66,1603.39,6,0,0,17,0
11,816.14,2,1,0,13,0
22,2819.54,2,2,1,11,0
13,211.21,4,0,1,12,0
18,600.95,5,1,0,13,0
65,890.13,2,2,1,10,0
67,757.08,2,0,0,13,0
4,832.18,2,3,1,16,0
45,2036.93,3,2,0,6,0
17,1117.03,2,0,0,7,1
14,1922.07,1,5,0,18,1
21,2692.72,4,1,1,15,0
14,1887.16,2,0,1,8,0
35,2144.69,1,0,1,15,0
71,1223.41,4,0,0,12,0
42,647.27,2,0,0,10,0
52,1097.64,1,6,1,9,1
36,2899.99,4,0,0,17,0
1,1941.07,2,2,1,10,0
6,977.03,3,1,1,15,0
20,1462.56,2,0,1,11,0
18,2539.44,2,2,0,6,0
60,2071.64,2,1,0,19,0
60,1769.83,2,2,0,19,0
61,2678.46,2,5,1,11,0
46,2082.83,5,2,0,6,0
40,1999.64,3,0,0,13,0
47,731.35,5,0,0,10,0
29,497.89,3,0,0,9,0
48,2902.4,3,1,1,13,1
57,1876.8,3,1,1,15,0
55,1363.91,1,0,1,15,0
44,1849.26,5,2,0,14,0
5,373.07,3,1,1,8,1
52,2501.96,2,1,0,15,0
27,806.61,3,1,0,14,0
53,2452.73,2,0,1,8,0
39,1696.26,4,2,0,8,0
63,974.4,6,2,0,10,0
25,284.59,2,1,0,13,0
67,2484.33,3,2,0,6,0
60,694.09,3,0,1,16,0
24,345.05,3,0,1,15,0
35,2316.46,4,1,1,10,0
38,1180.12,2,1,0,10,0
55,1290.14,0,1,1,9,0
49,891.79,3,1,0,17,0
61,2605.7,4,2,0,12,0
27,1032.52,3,2,1,13,1
36,788.54,5,3,0,15,0
31,1065.9,3,0,1,9,0
65,768.82,7,3,1,10,0
22,1089.43,3,1,1,13,0
42,432.22,1,1,0,11,0
9,643.88,3,2,1,14,0
61,1367.75,4,1,0,10,0
28,2662.51,4,2,1,6,0
25,360.41,3,1,0,15,0
42,795.49,1,0,0,17,0
36,2743.37,5,1,0,15,0
61,2692.04,5,4,1,14,0
38,2102.46,5,1,0,7,0
37,873.33,1,1,0,15,0
8,1375.47,1,2,0,9,0
2,791.42,2,2,0,10,1
29,560.05,1,3,1,6,0
71,1264.0,1,0,0,13,0
66,1812.3,1,0,1,16,0
45,1207.81,7,2,1,9,0
45,1910.31,2,0,0,16,0
28,1029.51,2,1,1,14,0
13,1168.38,3,1,0,8,0
1,2413.89,5,2,0,15,0
25,2659.28,2,1,1,12,0
23,1101.7,1,2,1,11,1
14,1800.24,5,2,1,16,1
19,978.85,3,2,1,17,0
2,349.34,4,1,1,14,0
44,2266.0,6,1,0,16,0
66,678.81,1,2,0,13,0
50,1392.0,2,1,1,13,0
32,1563.73,1,1,1,9,0
30,716.52,1,1,0,14,0
22,464.75,3,1,1,15,0
11,1174.44,3,1,1,12,0
43,2866.4,2,2,0,16,0
41,1922.38,2,0,0,12,0
1,1267.95,1,0,0,9,0
30,308.95,6,0,0,10,0
20,1880.77,4,1,1,12,0
13,458.32,6,0,0,13,0
50,1719.12,4,0,1,12,0
38,2305.46,1,2,0,6,0
45,1386.04,3,1,0,8,0
51,1038.35,4,1,0,13,0
70,332.68,3,1,1,15,0
57,269.38,5,3,1,13,0
45,1404.07,3,1,0,14,0
63,2673.37,2,2,1,19,0
34,883.38,2,0,1,15,0
70,1807.36,4,1,1,15,0
55,2116.06,1,2,0,12,0
47,370.32,1,1,1,17,0
65,628.68,4,2,0,11,0
37,1127.58,3,2,1,5,1
52,2076.26,2,0,0,12,0
21,1429.3,4,0,0,8,0
69,2255.75,5,0,0,13,0
45,2629.27,5,2,1,10,0
56,2323.44,2,1,1,16,0
33,2978.29,2,0,0,21,0
62,2312.21,0,2,1,7,0
6,2586.1,1,4,0,17,1
9,2530.63,3,2,0,20,0
37,2244.74,4,0,0,10,0
53,2445.05,2,2,0,13,0
58,2817.11,5,2,0,11,0
32,1530.58,1,0,0,11,0
47,1987.2,2,2,0,21,0
40,1641.83,7,1,0,11,0
69,2582.9,4,0,0,14,0
47,1407.81,5,0,1,17,0
30,2495.23,2,0,0,9,0
69,2438.19,2,1,0,14,0
8,2893.28,1,0,0,10,0
70,896.98,6,1,0,6,0
11,2186.93,3,2,1,15,0
21,2319.37,0,3,1,12,0
59,2821.58,5,0,0,5,0
53,2739.33,3,2,1,9,0
69,1805.87,5,1,0,20,0
54,1821.63,3,1,0,13,0
46,668.42,3,1,1,16,0
25,2929.9,1,6,1,19,1
1,914.05,3,1,1,18,0
9,2229.26,2,0,0,6,0
22,2428.23,1,1,1,14,1
3,1435.4,0,1,1,9,0
37,791.34,7,0,0,11,0
56,729.09,2,0,0,19,0
69,2598.19,3,0,0,7,0
35,1630.12,1,0,0,13,1
63,452.38,5,1,0,10,0
70,2207.65,2,2,0,8,0
62,900.48,2,1,0,11,0
34,2653.91,2,0,1,6,0
24,1066.8,4,2,1,14,0
70,760.76,2,1,1,10,0
18,437.6,4,0,1,7,0
30,1632.29,2,0,1,10,0
6,1462.07,3,1,1,15,0
57,2303.67,1,1,1,8,0
47,1500.89,2,0,1,6,0
7,1162.68,3,0,1,24,1
16,932.63,5,3,0,14,0
40,978.81,1,0,1,7,0
39,2797.97,4,0,1,7,0
57,662.22,1,3,0,22,0
19,2966.89,5,2,0,13,0
66,1115.37,1,1,0,14,0
32,447.49,2,2,0,13,0
59,896.33,4,3,1,17,0
17,363.56,4,0,1,7,0
3,2412.08,4,3,1,15,0
4,1635.15,4,2,0,10,1
27,1143.56,4,0,1,14,0
68,2053.74,1,0,1,12,0
4,1965.81,6,1,1,17,0
27,2831.64,7,1,0,13,0
8,2891.53,1,2,1,10,1
67,2105.91,6,0,0,14,0
48,2489.88,2,2,0,12,1
55,2418.79,5,1,1,13,0
51,1575.65,6,3,1,16,0
47,2172.48,4,0,0,17,0
55,419.13,1,0,1,15,0
1,2322.46,1,2,1,11,0
62,2893.13,5,2,1,11,0
53,437.93,3,0,0,12,0
53,2541.12,2,2,1,15,0
28,2812.34,2,0,1,6,0
57,833.33,3,0,0,13,0
28,1669.47,4,1,1,16,0
4,2798.0,3,1,1,10,0
65,2888.63,1,2,0,13,0
17,558.07,4,2,0,11,0
8,1177.21,2,2,0,9,0
45,2154.8,2,1,1,11,0
17,820.36,3,1,0,9,0
61,1109.36,1,1,1,4,0
32,265.21,3,1,0,11,0
1,629.86,4,1,0,13,1
68,1774.52,6,0,0,15,0
37,2028.65,5,0,0,6,0
19,2016.95,2,2,0,13,0
49,2379.41,4,3,0,15,0
38,1362.79,3,3,1,7,0
3,965.77,2,1,1,11,0
54,243.63,0,3,0,15,0
29,778.56,2,3,0,8,0
50,1074.69,5,0,0,14,0
64,698.98,5,5,1,12,0
44,256.4,3,0,1,15,0
48,640.85,3,0,1,13,0
19,2065.08,3,3,0,9,0
17,1962.84,3,2,0,14,1
30,2819.91,4,2,1,8,0
61,2434.87,5,2,1,18,0
38,1789.72,1,2,1,21,0
25,585.16,2,2,1,10,0
56,1779.4,3,1,0,13,0
61,372.47,1,0,1,11,0
65,1406.48,1,0,1,10,0
22,1292.72,2,2,0,11,0
51,1397.88,4,1,1,10,0
42,983.51,5,3,1,15,0
32,2120.33,1,2,1,12,0
29,2554.64,3,1,1,12,0
9,2351.85,4,2,1,8,0
20,1957.71,2,0,1,12,0
40,1707.37,6,2,1,17,0
63,287.04,2,0,0,12,0
62,2224.22,4,2,1,20,0
14,1725.95,1,1,1,13,0
49,958.07,4,0,0,12,0
7,1117.96,2,2,1,10,0
48,2819.7,1,1,1,8,0
25,1948.21,1,1,1,11,0
32,1532.55,2,1,1,11,0
51,1938.58,5,2,1,14,0
31,1358.48,2,2,1,17,0
58,1516.51,1,3,0,13,1
38,1012.87,4,0,1,10,0
71,1431.59,2,0,1,13,0
46,2119.66,2,3,0,12,0
22,311.84,3,0,0,11,0
56,2426.08,4,0,0,11,0
29,992.34,2,1,1,15,0
38,2111.17,0,1,1,10,0
10,1999.63,4,0,1,17,0
9,2027.36,2,0,1,15,0
41,1902.76,5,1,1,12,0
14,2885.49,5,2,1,19,0
71,1623.36,2,1,1,12,0
61,2250.49,3,4,1,9,0
50,2175.26,4,1,1,11,0
53,861.55,4,1,1,8,0
43,993.26,2,0,0,12,0
5,1387.25,5,2,1,10,0
28,977.55,4,2,1,7,0
36,1226.88,3,4,0,13,0
65,1294.69,1,2,1,7,0
16,1890.82,5,1,1,12,0
36,815.69,3,2,1,7,0
25,2452.02,5,1,0,10,0
10,1425.1,2,1,0,14,0
8,2177.48,2,2,0,11,0
26,428.04,3,1,0,14,0
6,1515.9,4,0,0,12,0
5,279.01,6,0,0,10,0
25,2092.55,1,2,1,19,0
15,1162.39,1,1,0,11,0
40,2857.91,2,1,0,13,0
2,1107.55,1,3,0,6,1
22,1778.66,3,0,0,11,0
33,920.69,2,0,0,9,0
69,1936.32,3,2,0,17,0
46,1507.72,3,0,1,12,0
63,1237.76,3,0,0,13,0
25,770.33,5,2,1,18,0
32,512.26,5,2,1,13,0
30,535.66,5,0,0,8,0
64,2997.31,1,0,0,15,0
69,1354.47,3,0,1,11,0
69,205.4,3,2,0,13,0
54,2868.2,1,1,0,16,0
36,255.94,2,1,0,7,0
39,1372.04,1,1,0,19,0
70,2208.94,1,2,0,9,0
21,2760.88,1,1,1,12,0
25,2196.08,3,0,0,9,0
64,1498.15,3,1,1,13,0
28,2928.44,6,1,1,10,0
17,310.09,2,0,0,14,0
40,2963.3,2,2,1,11,0
24,2578.3,0,1,1,15,0
64,2801.0,3,0,0,17,0
65,913.36,4,1,0,12,0
22,598.88,2,2,1,15,0
38,2057.28,3,1,0,8,0
70,1644.41,1,1,0,11,0
53,1664.87,6,1,0,6,0
16,2788.93,4,0,1,8,0
42,1936.23,3,0,0,15,0
45,1070.98,5,1,1,15,0
47,1320.19,3,1,1,10,0
2,573.79,2,1,1,15,0
22,738.48,5,0,1,11,0
61,601.38,1,1,0,8,0
18,2468.82,1,0,0,16,0
22,2173.65,2,1,0,17,0
23,1684.97,4,3,1,10,0
13,1248.23,4,1,0,7,1
12,2071.78,2,1,1,12,0
25,2476.13,4,0,1,13,0
63,2667.45,2,0,0,11,0
1,1731.65,3,1,1,10,0
21,2495.68,3,1,1,12,0
5,1631.66,3,1,1,11,1
40,1528.68,6,0,1,7,0
18,2623.21,2,1,1,16,0
57,1281.85,0,2,0,10,0
42,1308.56,2,0,0,18,0
56,1053.75,2,0,1,20,0
46,1652.36,2,1,1,12,0
32,1725.58,4,1,1,14,0
62,2049.29,2,1,1,10,0
34,1405.41,4,2,0,11,0
68,809.94,2,0,1,17,0
71,2627.16,1,1,0,13,0
42,1168.8,2,2,0,12,0
48,2784.24,3,0,1,8,1
19,780.59,3,4,1,20,0
58,1768.16,2,1,1,13,0
48,1702.52,3,0,1,11,0
65,2520.21,5,3,0,13,0
19,588.78,3,3,0,15,0
56,2747.82,6,1,1,8,0
34,1688.0,2,4,0,7,0
14,1841.11,3,2,0,10,0
13,1628.47,5,3,0,10,1
40,300.87,2,1,1,17,0
23,1591.85,1,5,1,15,0
8,937.94,2,1,1,6,0
31,1159.53,5,1,1,17,0
47,2017.48,1,2,0,6,0
23,1593.55,3,3,0,15,0
68,461.01,2,1,1,9,0
56,404.52,3,3,1,17,0
37,719.84,2,1,0,11,0
67,734.48,4,1,1,11,0
31,1903.24,5,0,1,13,0
10,697.88,4,0,1,12,0
3,2668.81,9,3,1,11,0
67,787.33,2,2,1,11,0
69,455.17,2,2,1,10,0
53,2652.09,7,1,1,7,0
8,1026.92,2,0,1,9,1
21,1391.18,3,1,1,12,0
3,2885.27,2,1,0,13,0
4,2844.23,3,0,1,12,1
18,2201.77,1,1,0,10,1
41,393.03,6,0,0,7,0
5,1861.35,3,1,0,15,0
70,2969.42,3,1,0,15,0
33,2851.37,2,1,1,15,0
19,496.81,1,2,1,20,0
37,1308.71,1,1,1,14,0
57,1083.5,5,2,0,6,0
23,563.24,6,0,1,8,0
4,2145.44,1,3,0,13,0
4,966.78,1,3,0,13,1
61,1165.62,0,1,1,14,0
8,453.0,3,1,1,9,0
46,1594.31,4,0,1,9,0
28,642.87,1,0,0,15,0
56,1409.85,7,1,0,12,0
5,601.36,2,2,1,13,0
64,2870.78,4,2,0,7,0
50,605.95,5,0,0,13,0
32,1661.28,2,0,1,13,0
15,751.54,2,1,0,15,1
70,413.81,3,1,1,8,0
22,766.46,3,1,1,11,0
35,353.37,2,2,0,9,0
28,590.31,2,3,0,18,0
17,1581.76,3,0,1,18,0
30,2025.08,5,3,1,17,0
11,444.55,3,2,0,16,0
1,1434.85,6,1,1,19,0
21,1827.49,2,1,0,12,0
8,855.83,2,3,0,8,1
30,1241.82,3,0,1,12,0
62,401.14,3,1,0,11,0
12,816.37,4,1,0,7,0
1,1506.91,3,1,0,8,1
8,2973.24,1,1,0,6,1
37,2989.54,4,1,1,16,0
20,2942.94,2,4,1,9,1
35,1384.64,3,1,0,13,0
3,425.91,2,1,0,12,0
24,1106.01,5,2,0,11,0
30,865.6,1,0,1,12,0
31,239.55,3,0,0,10,0
40,466.65,5,3,0,9,0
56,1468.94,3,0,1,25,0
34,1151.05,3,0,1,12,0
60,704.99,2,1,0,13,0
38,2205.08,3,3,1,17,0
19,1199.92,4,0,0,20,0
17,2585.23,3,1,1,16,0
23,874.74,5,0,0,10,0
43,1707.5,1,1,1,15,0
18,715.59,2,0,1,13,0
65,1586.84,2,2,1,8,0
35,626.91,3,1,1,8,0
62,652.42,4,2,1,11,0
49,1914.23,2,1,0,13,0
24,938.6,3,0,1,12,0
17,682.63,2,1,1,8,0
53,2803.35,1,0,1,9,0
24,320.41,5,1,0,11,0
18,1782.41,1,1,0,8,0
67,1735.14,2,4,1,15,0
35,901.7,3,5,1,12,0
4,1467.76,3,2,0,12,0
36,445.67,7,0,1,9,0
33,2219.56,3,1,0,11,0
62,820.75,6,0,1,15,0
51,741.48,3,1,1,12,0
14,1081.66,3,0,0,9,0
11,2726.64,2,2,0,8,1
43,2430.11,2,1,0,8,0
4,2851.3,1,3,1,8,0
23,2025.49,5,5,0,13,1
10,2056.18,3,0,0,13,0
2,1544.09,1,0,1,7,1
66,2734.52,5,0,0,11,0
7,1630.46,5,0,1,8,0
1,1194.17,4,0,1,12,0
67,1993.05,0,2,1,13,0
14,1729.19,2,2,0,15,0
58,547.26,2,0,1,14,0
3,1299.63,1,3,0,9,1
11,1077.31,3,2,0,13,0
8,2571.13,3,2,0,16,0
51,1260.76,2,1,1,11,0
45,2500.35,3,2,0,4,0
34,1438.69,5,1,1,14,0
18,2309.8,6,0,1,11,0
7,578.79,4,0,0,10,0
41,2789.02,1,2,1,13,0
17,1545.57,1,3,1,15,1
42,927.44,0,1,1,11,0
49,876.17,2,1,1,15,0
61,942.22,3,2,1,13,0
36,1226.83,0,3,1,8,0
1,2209.05,2,1,0,4,0
20,2858.89,2,1,1,14,0
61,2073.3,2,1,1,13,0
38,1732.07,2,2,0,12,1
44,1456.07,2,3,1,9,0
33,2518.94,1,1,1,9,0
12,2579.04,2,2,0,13,1
64,1020.51,4,0,1,7,0
55,2869.58,3,0,1,11,0
71,1306.32,6,3,1,5,0
61,2440.22,1,0,0,10,0
21,2907.1,7,0,0,14,0
19,2170.24,5,1,0,16,0
18,652.34,5,3,1,8,0
66,1841.18,4,1,0,12,0
40,532.58,4,1,0,7,1
33,2409.6,3,0,0,7,0
69,987.68,4,1,0,12,0
43,2146.6,3,0,0,16,0
65,2748.25,4,2,1,11,1
70,706.83,3,1,1,10,0
6,1300.0,2,1,1,8,1
26,2011.93,4,0,0,11,0
53,1375.04,4,2,0,7,0
58,689.49,2,0,0,15,0
11,281.4,2,0,0,14,0
23,1338.47,2,1,0,13,0
39,2017.79,2,1,1,16,0
57,1807.16,0,0,1,8,1
9,637.48,3,0,0,14,0
43,1461.94,7,0,1,8,0
22,1234.52,5,1,0,10,1
16,967.77,4,1,0,11,0
37,2241.96,1,1,1,12,1
30,1067.03,6,0,1,9,0
46,1712.4,2,0,1,10,0
23,2785.03,3,0,1,9,0
59,1709.97,3,0,1,11,0
6,1927.66,3,1,1,8,0
62,405.09,3,1,1,12,0
3,698.78,5,1,1,6,0
53,482.66,1,1,1,14,0
25,2341.48,4,1,0,8,0
28,2540.58,4,0,1,14,0
2,722.07,1,1,0,13,1
50,813.96,3,0,0,21,0
12,1104.98,3,2,1,16,0
47,1855.02,7,0,0,16,0
52,1941.03,3,0,1,11,0
61,2122.91,4,0,0,10,0
51,2734.54,1,1,0,15,0
22,1026.11,4,3,0,14,0
53,2044.53,1,3,1,16,1
59,1767.22,4,2,0,13,0
23,1056.34,5,2,1,6,0
9,2740.76,4,1,0,7,0
64,467.35,6,2,0,11,0
11,2193.6,6,2,0,10,0
43,2238.05,2,1,1,13,0
17,2762.91,2,1,1,8,0
9,1652.03,8,2,0,11,0
56,1100.54,2,0,0,14,0
11,2517.67,6,0,0,13,0
48,2358.27,4,0,1,13,0
50,1600.88,0,0,0,10,0
5,2350.0,3,0,1,12,0
13,950.05,8,3,0,8,0
57,1850.62,2,2,0,14,0
37,2622.51,2,3,1,10,0
9,1090.36,3,2,1,14,0
71,1553.94,2,0,0,12,0
19,2862.93,4,1,1,13,0
1,2434.99,0,0,0,12,0
66,2683.71,10,0,1,8,0
2,1278.69,2,5,0,12,1
40,2990.21,4,1,1,13,0
71,627.18,5,0,1,15,0
42,1652.56,3,1,0,12,0
42,1541.97,5,1,0,12,0
28,2435.61,8,0,1,14,0
10,2744.13,0,1,0,12,0
41,2247.19,5,2,0,13,0
64,1955.09,2,1,1,6,0
7,1396.8,1,0,1,12,0
63,1628.91,3,1,1,11,0
30,1626.04,8,2,0,13,0
39,257.03,2,2,1,9,0
12,1608.53,3,1,0,12,0
45,2596.72,1,1,1,14,0
13,2185.97,3,0,0,6,0
20,2427.98,1,2,0,5,0
52,1293.36,4,1,1,13,0
4,1681.13,0,1,0,14,0
32,293.75,4,2,0,9,0
43,1272.39,1,1,0,14,0
10,1528.36,5,3,1,17,0
21,914.58,5,3,1,7,0
25,287.47,1,2,0,9,0
48,2133.14,1,1,1,5,0
70,1418.25,3,3,0,10,0
60,1363.9,4,1,1,11,0
14,899.96,7,0,0,15,0
2,1705.93,5,0,1,23,0
4,1426.47,4,1,1,13,0
43,1527.16,4,0,0,18,0
12,1826.44,2,0,0,11,1
17,217.71,7,0,1,12,0
61,2741.55,3,0,0,8,0
63,399.04,5,2,1,12,0
60,1462.59,3,1,1,9,0
19,780.64,3,0,1,9,0
44,1666.59,5,3,1,9,0
44,984.64,4,1,1,15,0
14,2608.02,6,0,0,19,0
40,1309.81,7,1,0,10,0
38,1988.52,2,1,1,14,0
29,896.86,3,2,0,10,0
54,254.34,2,1,0,10,0
49,1331.63,3,4,0,10,0
38,1702.16,4,2,1,12,0
52,1486.73,1,2,0,13,0
55,2893.64,4,0,0,12,0
41,2179.15,2,0,0,10,0
20,2987.88,4,2,0,9,0
54,1026.17,1,1,0,15,0
51,2409.35,3,0,1,13,0
70,1755.56,2,0,0,4,0
11,1912.93,4,0,1,10,0
30,2960.39,2,3,1,17,0
66,2031.16,5,2,1,9,0
37,2716.69,2,2,0,15,0
67,2232.1,9,1,0,10,0
1,556.68,3,0,1,11,0
3,2158.39,3,0,1,17,0
57,1556.08,2,0,1,13,1
26,2772.63,1,1,1,15,0
37,2459.14,5,3,0,13,0
31,491.58,2,0,0,12,0
29,574.96,3,1,0,14,0
67,394.91,4,1,1,13,0
7,1581.09,3,1,0,13,0
55,426.16,4,0,0,16,0
64,2226.3,7,3,0,17,0
47,1746.6,3,1,1,14,0
29,2540.48,2,1,0,7,0
12,983.43,1,1,1,9,0
49,1653.59,0,3,1,11,0
34,528.94,1,2,1,11,0
11,2676.91,4,1,0,11,0
26,690.01,3,1,0,12,0
69,486.61,1,1,1,13,0
19,774.14,3,1,1,10,0
13,2457.45,2,1,1,13,0
49,496.28,4,1,0,10,0
15,1920.4,2,1,1,11,0
66,2289.31,8,1,0,15,0
61,2303.03,2,1,1,18,1
70,732.17,2,1,1,17,0
65,372.55,5,1,0,10,0
18,1456.66,1,1,0,10,0
16,766.96,3,2,0,8,0
25,2157.96,1,0,1,13,1
34,1198.74,4,0,1,12,0
63,1458.19,2,4,0,13,0
53,517.76,2,3,1,13,0
46,1789.14,6,0,1,13,0
63,719.47,2,2,1,8,0
46,2101.16,2,1,0,10,0
27,399.27,4,1,1,9,0
30,2932.5,4,4,0,17,0
37,2116.68,1,0,0,19,0
7,708.84,1,0,0,13,0
53,239.47,5,1,1,14,0
47,1136.5,3,0,1,8,0
52,627.88,3,2,0,11,0
38,811.55,2,3,0,15,0
56,2643.7,6,3,1,14,0
68,1888.97,3,1,0,14,0
41,694.08,3,0,1,8,0
32,1758.65,5,1,1,12,0
8,916.19,3,2,0,14,0
56,2933.36,0,3,0,10,0
65,291.72,1,1,1,12,0
50,2250.49,4,1,1,14,0
62,2364.39,5,0,1,12,0
62,388.06,3,1,0,9,0
57,681.23,3,3,0,14,0
36,1276.06,4,3,0,14,0
8,2630.83,2,1,1,11,0
1,1703.6,6,5,0,11,0
15,2034.86,8,2,1,12,0
31,2392.44,0,1,1,11,0
53,2518.74,2,3,0,5,0
33,1533.6,2,1,1,16,0
2,1624.62,5,2,0,12,1
15,2210.42,1,2,1,14,1
70,937.36,4,0,0,15,0
71,2592.57,7,1,0,15,0
27,258.2,2,1,0,14,0
58,748.16,1,1,1,8,0
52,2440.56,1,2,0,12,0
67,1152.72,4,2,1,9,0
64,619.53,2,2,1,10,0
45,722.91,7,1,1,10,0
29,1686.12,4,2,0,12,0
45,2569.31,2,1,1,14,1
23,397.82,1,0,1,9,0
25,285.35,1,0,1,9,0
44,1502.47,5,2,0,17,0
41,2877.32,6,0,1,18,0
42,981.23,3,2,1,12,0
28,2885.68,5,1,0,8,0
30,2685.51,7,0,0,8,0
1,992.78,2,0,0,15,0
43,2487.45,1,1,1,11,0
41,2120.43,3,2,1,8,0
67,1633.1,5,4,0,12,0
36,1384.17,4,1,0,11,0
34,2483.41,0,0,1,13,0
5,2420.62,5,2,1,4,1
14,2319.42,6,1,1,12,0
25,2995.12,6,1,0,15,0
27,1539.83,2,1,1,16,0
26,2459.38,2,2,1,10,0
28,2614.94,3,2,0,16,0
55,792.49,2,2,0,6,0
10,317.79,1,1,1,15,0
24,1333.3,2,0,0,8,0
12,2598.86,2,1,0,15,0
22,1009.49,2,1,1,6,0
49,2160.03,3,0,0,13,0
4,220.57,6,2,1,12,0
25,1195.02,4,0,1,17,0
2,1923.45,4,1,0,18,0
68,563.32,6,0,0,13,0
52,2710.5,1,1,1,14,0
18,637.57,3,3,1,12,0
15,2747.42,3,1,1,15,0
8,805.89,1,0,0,11,0
34,2983.98,2,1,1,13,0
54,1893.3,3,1,1,20,0
42,436.17,3,0,0,15,0
63,382.78,3,0,0,15,0
25,409.78,1,1,0,11,0
20,1851.7,5,2,1,4,0
34,2466.82,7,1,0,18,0
15,1328.3,4,1,1,14,0
70,1445.54,6,1,0,9,0
14,1850.01,3,1,1,10,0
34,1692.51,1,0,1,10,1
38,2126.57,2,0,1,9,0
5,1521.0,2,2,1,13,0
34,2198.81,4,2,1,18,0
33,2992.47,3,2,1,12,1
19,1180.83,4,0,1,6,0
10,234.2,7,1,1,10,0
4,551.75,4,1,1,14,0
1,1749.84,2,3,0,11,0
35,1163.92,2,2,0,14,1
7,2831.95,3,1,0,9,1
69,1956.85,1,2,0,6,0
18,1656.99,3,1,1,11,0
47,2434.51,1,2,1,15,0
48,924.05,4,1,0,9,0
36,2495.27,6,0,1,15,0
63,208.57,5,1,0,14,0
8,1935.1,4,0,1,13,0
17,2817.32,0,0,1,10,0
18,2406.01,1,1,1,13,1
10,2590.18,2,1,1,9,0
21,1311.47,1,1,1,15,0
23,2507.87,2,4,1,17,1
55,1742.33,5,0,1,11,0
22,1931.91,2,1,0,22,0
63,364.96,3,1,1,15,0
55,764.34,1,1,0,15,0
65,1742.7,2,2,0,16,0
8,364.64,5,0,1,14,0
70,2276.05,4,0,0,16,0
44,2552.16,1,1,0,16,0
70,2777.01,2,4,1,13,0
26,484.95,7,2,1,14,0
68,2831.22,4,2,1,13,0
42,389.34,1,1,0,13,0
6,1527.36,3,0,0,16,0
30,2552.7,4,0,0,13,0
10,396.87,3,1,1,14,0
67,251.05,2,0,1,15,0
22,269.85,2,1,1,13,0
16,1631.56,5,1,0,10,0
40,2472.47,2,0,0,8,0
31,556.79,3,0,1,7,0
7,548.91,2,0,0,18,0
58,1791.93,1,2,0,7,0
61,856.03,1,0,1,15,0
53,2244.6,5,0,0,14,0
44,2858.98,2,1,0,15,1
29,2344.89,5,2,1,12,0
39,2656.09,3,2,0,13,0
37,1654.84,3,1,0,18,0
12,2530.49,1,0,1,14,0
6,712.13,8,1,1,12,0
18,391.37,2,0,1,10,0
33,2036.67,5,2,0,10,0
12,345.47,7,1,1,11,0
8,2698.95,3,1,1,9,0
61,2136.35,4,2,1,15,1
27,2866.16,3,0,0,15,0
42,1078.88,3,1,1,7,0
38,1561.24,4,3,0,13,0
53,2276.73,5,2,1,15,0
53,879.78,1,1,0,8,0
22,1717.18,7,0,1,16,0
61,2046.51,5,1,0,9,0
27,2940.66,2,1,0,10,0
60,2285.17,1,1,0,15,0
29,530.77,4,2,0,12,0
8,1530.93,3,1,0,12,0
54,1848.56,6,3,0,19,0
3,610.54,5,1,0,9,0
55,1409.5,3,0,0,14,0
4,995.22,4,0,0,12,0
15,532.72,1,2,0,9,0
43,1633.72,4,1,0,10,0
67,663.77,3,5,0,13,0
30,1853.5,3,2,0,12,0
9,675.15,2,1,0,13,0
17,2226.07,3,1,1,17,0
64,746.68,5,1,1,10,0
52,2709.6,4,0,1,11,0
8,273.39,1,1,0,14,0
28,1661.59,3,1,0,18,1
19,1096.29,3,0,0,11,0
13,830.21,2,2,1,16,0
61,1520.49,1,2,1,11,0
44,2557.65,3,1,0,9,0
13,2762.78,3,4,1,9,1
47,1049.1,3,4,1,19,0
30,631.88,2,0,1,12,0
5,2216.39,4,0,1,8,0
32,1829.6,3,2,0,12,1
14,762.85,1,0,0,19,0
18,2328.83,2,1,1,8,0
63,1653.01,4,1,1,12,0
51,2029.51,5,0,1,12,0
10,1206.15,2,0,1,14,0
61,1429.47,1,4,0,15,1
41,704.96,3,2,1,15,0
63,2318.24,2,1,0,16,0
54,639.63,5,1,0,22,0
25,2379.25,2,1,0,15,0
38,2434.42,3,2,1,10,0
38,2290.48,4,0,0,10,0
52,254.38,2,2,1,12,0
18,964.77,1,1,0,16,0
24,1511.35,3,0,1,10,0
18,1867.52,2,2,0,13,0
22,2773.82,2,0,1,17,0
12,1251.7,4,0,0,16,0
3,2650.07,4,1,0,12,0
67,657.6,4,1,1,13,0
6,1239.59,1,1,1,10,0
64,346.39,3,1,1,10,0
1,2278.97,3,0,1,8,0
56,621.83,3,0,1,9,0
24,919.66,3,2,0,15,0
37,2370.65,5,1,0,13,0
21,1697.21,5,0,1,7,0
35,239.12,2,0,1,9,0
33,206.26,3,0,0,13,0
38,1629.85,1,0,0,7,0
28,1053.88,2,4,0,14,0
39,704.87,2,2,1,13,0
59,1918.06,2,2,1,7,1
31,839.62,0,3,1,14,0
26,1858.18,1,1,0,19,0
10,1261.94,0,1,1,8,1
26,722.89,1,0,0,11,0
9,586.69,2,1,1,15,0
13,863.21,7,2,1,12,0
68,283.53,3,2,1,12,0
7,1062.76,3,1,1,10,1
35,2725.47,2,0,1,12,0
60,2527.81,3,1,0,7,0
68,1241.61,1,1,0,5,0
11,1812.33,2,2,1,14,0
12,1788.61,2,1,0,11,0
27,2520.47,4,2,1,10,0
40,861.61,5,2,1,19,0
69,1029.88,1,2,1,8,0
15,1045.0,1,0,1,9,0
12,314.44,3,2,0,8,0
18,1081.13,3,1,0,18,0
63,2658.16,4,1,1,9,0
3,2753.57,2,2,1,14,0
27,506.98,4,4,1,17,0
9,1482.56,3,1,1,12,1
12,1267.78,4,0,0,13,0
66,1570.21,4,1,1,12,0
1,1753.21,1,1,0,5,0
23,256.72,4,2,1,10,0
65,2558.28,6,1,1,15,0
44,2926.26,2,0,0,6,0
6,2029.53,5,1,0,9,0
34,2049.27,3,0,1,12,0
69,1678.34,3,1,0,5,0
29,1135.97,1,3,1,9,0
38,617.14,2,2,0,12,0
38,1835.38,3,3,0,9,0
47,325.84,5,3,0,14,0
14,2508.61,2,0,0,7,0
60,1378.55,3,3,0,13,0
71,1361.31,2,0,1,15,0
11,1116.08,4,2,1,9,0
59,2914.19,3,1,0,13,0
59,689.77,3,0,0,12,0
53,623.66,4,0,1,13,0
27,663.49,6,0,0,15,0
34,2043.88,4,1,0,13,0
60,2977.31,5,1,1,13,0
11,859.33,3,2,0,14,0
59,2735.73,3,3,0,12,1
66,980.13,4,1,1,8,0
49,2014.12,3,1,0,11,0
25,313.4,1,2,0,11,1
40,1587.83,1,2,0,12,1
4,2032.8,1,2,1,11,0
67,1701.7,4,0,0,9,0
25,865.94,3,0,0,13,0
5,2519.79,1,0,0,15,0
57,2916.38,2,1,1,10,0
47,1485.75,2,4,1,12,0
45,1980.57,4,3,0,15,0
4,2413.16,5,0,1,10,0
54,876.17,2,1,1,9,0
46,2620.46,6,1,1,11,1
57,984.56,1,1,1,13,0
59,2372.33,3,0,0,9,0
16,513.88,1,1,0,10,0
15,1007.48,4,1,1,17,0
66,1694.14,2,2,0,10,0
38,1669.78,5,5,1,16,0
32,2581.21,5,0,1,10,0
21,2989.16,1,0,0,12,0
46,500.19,4,2,1,9,0
54,959.89,4,2,1,21,0
1,1201.27,6,0,0,10,0
40,1540.97,3,0,0,15,0
71,1582.95,3,0,1,10,0
20,2597.35,6,1,1,16,1
20,2357.57,3,1,1,8,0
63,252.78,3,1,0,10,0
5,1474.06,2,1,1,10,0
29,1930.61,2,2,1,8,0
33,1489.11,3,1,0,13,0
57,565.81,3,2,1,16,0
10,1312.93,3,1,1,11,0
31,1352.64,0,1,0,12,0
11,725.6,3,2,1,10,0
56,2317.66,2,1,1,11,0
45,1099.92,3,2,1,10,0
36,1849.16,2,0,0,9,0
28,1644.04,2,2,0,10,0
11,2656.8,4,3,1,9,0
66,541.64,3,1,1,13,0
46,519.94,1,0,0,12,0
23,1040.9,4,0,1,13,0
30,1407.4,2,0,0,5,0
52,1035.92,5,1,0,11,0
52,2336.92,1,0,0,12,0
33,886.74,2,2,1,12,0
22,437.37,3,1,1,20,0
47,1358.64,3,2,0,23,0
47,2365.46,2,0,1,12,0
43,2581.57,6,1,0,12,0
6,2253.37,6,0,1,12,0
34,1762.08,2,0,0,3,0
44,2227.74,3,4,0,15,0
68,2107.89,1,0,0,9,0
38,856.23,4,1,0,11,0
25,1742.12,2,4,1,7,1
40,2357.71,4,1,1,20,0
13,1087.94,3,0,1,11,0
7,2031.12,2,1,1,13,0
49,1548.15,4,0,0,15,0
71,1608.84,3,1,1,11,0
61,452.15,2,2,0,9,0
42,2065.41,5,1,1,7,0
3,2623.92,2,1,1,16,0
71,596.01,2,2,1,9,0
32,1225.1,4,1,0,11,0
21,336.27,5,3,0,16,0
64,282.97,5,1,1,9,0
53,2971.04,5,2,1,11,0
54,1581.72,3,0,1,11,0
20,1195.45,1,1,0,10,0
71,969.66,4,1,1,15,0
33,2944.04,1,1,1,9,0
38,906.3,4,2,1,9,0
54,2231.98,3,2,1,8,0
47,994.52,4,1,1,8,0
13,397.37,2,1,1,13,0
22,2113.17,3,0,1,7,0
26,204.57,1,2,0,9,0
68,2092.1,3,0,0,9,0
51,901.05,0,2,0,10,0
27,2289.09,7,1,1,15,0
53,2355.3,2,2,0,10,0
53,2227.5,1,1,0,10,0
28,268.55,8,0,1,13,0
29,2170.46,1,3,1,18,0
64,2972.41,4,1,0,14,0
40,879.35,3,2,0,10,0
11,967.87,5,3,0,13,0
52,2477.87,4,0,1,11,0
42,649.11,4,1,0,13,0
37,2049.63,5,0,1,12,0
52,2314.07,2,0,0,14,0
65,304.05,3,0,1,11,0
24,1750.53,5,3,0,9,0
30,1812.46,4,0,0,15,0
14,1049.64,6,2,0,9,0
46,2653.77,1,2,1,8,0
29,655.7,4,2,0,10,0
25,1219.75,7,1,1,11,0
50,2576.27,4,0,0,8,0
29,733.8,3,2,0,16,0
33,2499.85,4,0,1,6,0
32,421.39,2,0,0,9,0
19,1569.84,1,0,0,11,0
9,410.93,1,1,0,14,0
59,2098.13,3,2,1,11,0
7,2413.68,2,1,0,13,1
24,2579.6,4,0,1,13,0
48,2947.53,2,0,1,14,0
10,2081.64,1,1,0,5,0
47,2353.37,1,0,0,11,0
53,1616.12,2,2,1,8,0
48,2755.66,5,0,0,10,0
22,2002.52,2,2,0,17,1
2,2673.94,2,1,1,11,1
64,859.27,4,2,1,11,0
24,1590.87,3,0,0,11,0
58,2243.49,1,3,0,10,0
15,767.62,3,3,1,13,0
12,791.75,2,0,0,14,0
56,2938.52,5,1,0,6,0
67,1416.91,6,0,1,10,0
62,709.08,1,0,1,9,0
54,1128.1,4,5,1,23,0
18,1312.65,4,3,1,9,1
65,1944.64,1,2,1,16,0
48,2784.44,2,1,0,13,1
13,2962.45,1,0,1,12,1
10,2024.76,2,0,0,16,0
62,2159.78,3,1,1,12,0
20,1101.12,5,1,1,15,0
55,2600.04,3,0,1,10,0
10,809.84,1,1,0,12,0
20,497.87,5,0,1,9,0
21,2925.12,3,0,1,6,1
20,2619.59,1,1,0,14,1
48,1050.21,6,1,1,14,0
65,2090.48,8,0,0,15,0
65,1507.65,3,0,0,14,0
53,1104.76,2,0,0,9,0
15,1002.97,3,2,1,15,0
69,580.88,6,1,0,9,0
39,1738.09,8,4,1,11,0
39,1450.47,3,1,0,15,0
50,1634.12,3,1,1,12,0
55,803.0,1,0,0,14,0
68,2828.11,0,2,1,11,0
42,1988.06,3,0,0,13,0
44,2718.88,1,1,1,12,0
53,505.96,1,0,1,10,0
19,1943.98,1,1,0,18,0
22,2578.49,6,0,1,5,0
45,1126.58,2,1,1,8,0
5,746.4,2,0,0,18,0
23,942.06,3,2,1,8,0
51,964.21,4,3,1,20,0
70,1452.16,3,1,1,14,0
37,1112.7,7,1,0,14,0
29,959.57,5,0,0,9,0
32,2015.83,1,1,0,12,1
49,348.49,4,1,0,8,0
39,1153.02,2,2,1,8,0
2,2131.31,3,3,1,8,0
39,692.38,3,0,1,10,0
29,818.6,3,1,1,15,0
50,761.87,3,1,0,13,0
63,202.59,1,2,0,23,0
69,1526.55,1,2,0,15,0
44,309.08,1,0,1,15,0
26,964.23,3,1,0,12,1
32,2985.45,4,1,1,16,0
13,2771.51,2,0,0,12,0
67,802.21,1,1,1,13,0
61,1068.01,4,0,0,9,0
61,1498.37,1,0,0,14,0
24,2564.36,8,0,0,6,0
23,2447.41,0,2,1,8,0
61,553.48,0,0,0,11,0
39,548.46,4,0,0,13,0
51,1366.85,1,1,0,10,0
35,2636.27,5,0,0,13,0
32,2669.84,2,1,0,11,0
45,500.62,4,2,1,12,0
58,1808.03,3,0,1,11,0
24,635.89,3,1,0,11,0
58,2121.16,6,2,1,11,0
18,2766.01,4,2,0,8,0
29,1473.35,4,1,1,6,0
65,432.63,4,1,0,9,0
68,1821.91,2,2,1,14,0
66,1343.85,4,3,0,12,0
23,2470.52,2,2,0,16,0
60,1152.96,1,3,0,11,1
67,2649.71,3,0,0,12,0
70,966.36,1,3,1,11,0
2,641.05,2,1,0,13,1
53,1058.15,3,1,0,7,0
71,297.76,1,0,0,12,0
55,987.49,3,0,1,7,0
17,2048.33,5,0,0,16,0
55,598.39,1,1,0,7,0
8,511.82,3,1,1,16,0
35,570.68,6,1,1,13,0
45,417.14,1,2,0,17,0
33,2648.98,2,1,1,10,0
50,2843.52,3,3,1,18,1
18,330.37,2,0,1,20,0
44,2328.2,3,0,0,17,0
46,2264.02,7,0,0,13,0
45,2991.35,5,0,0,11,1
21,1174.04,4,0,1,11,1
22,999.43,2,1,1,10,0
19,1468.63,3,2,0,6,1
33,2598.41,1,2,0,8,1
42,2240.06,5,2,0,13,0
26,1520.55,2,3,0,15,0
30,884.78,3,2,1,11,0
21,2235.64,1,1,0,10,0
16,2592.68,4,0,1,16,0
47,1319.86,4,2,1,8,0
58,2072.04,4,4,0,14,0
21,1320.59,3,1,1,12,0
62,1539.78,0,1,1,9,0
41,1669.75,3,2,1,16,0
12,2372.03,6,2,1,11,0
26,2937.02,1,1,1,11,0
1,1444.23,4,0,0,8,0
3,1158.48,2,1,1,10,0
24,1246.05,5,1,1,10,0
33,574.89,2,1,1,10,1
57,1031.43,5,1,1,9,0
10,442.05,4,6,1,11,0
60,1398.1,3,3,1,18,0
17,668.6,7,0,1,12,0
10,1169.94,4,2,1,4,1
50,2422.02,2,1,0,13,0
55,888.6,1,3,1,11,0
43,1913.3,0,4,1,11,1
9,2723.31,4,0,0,17,1
9,1787.4,5,0,1,8,0
28,742.62,3,0,1,5,0
32,1165.35,2,0,0,13,0
71,1853.03,1,0,1,11,0
21,1618.51,4,0,1,12,0
14,616.14,5,1,0,7,0
68,1451.03,2,1,0,12,0
11,1720.59,5,0,1,14,0
2,948.53,4,3,1,15,0
31,1914.85,7,2,1,17,0
29,396.45,6,0,1,5,0
44,1142.5,1,3,0,12,1
63,2451.98,2,3,0,12,0
67,926.0,4,0,1,15,0
21,1894.5,2,1,0,14,0
70,1348.08,4,0,1,8,0
45,1086.09,2,2,0,14,0
5,2765.17,2,1,1,13,1
67,1161.13,2,0,0,8,0
10,862.69,4,0,0,10,1
42,2746.04,2,1,1,16,0
57,2288.64,2,1,0,12,0
18,2109.04,1,2,1,13,0
20,338.7,4,1,0,16,0
34,567.37,3,3,1,8,0
63,1987.35,3,1,0,11,0
16,786.41,5,0,0,10,0
48,831.79,5,0,0,9,0
33,2381.59,1,2,1,8,0
8,1000.59,2,2,1,11,0
51,400.44,2,0,0,14,0
60,302.01,4,1,1,5,0
41,1440.9,1,0,1,15,0
13,1927.96,3,0,1,10,1
12,2632.88,2,1,1,12,0
31,510.25,1,4,1,15,0
36,750.68,0,1,0,8,0
40,1683.44,2,2,1,18,1
18,1219.5,2,3,1,8,0
36,1551.1,7,2,0,12,0
21,2787.55,3,1,0,13,0
49,1725.7,3,1,0,12,0
57,1362.34,1,0,1,14,0
47,2970.43,3,1,0,5,0
1,382.6,0,1,1,12,0
71,2809.92,3,2,1,8,0
2,1604.65,7,0,1,11,0
71,1610.52,3,1,1,14,0
3,2781.5,3,1,0,16,0
37,1620.51,0,5,0,8,1
8,1427.54,0,0,1,13,0
7,962.97,1,1,1,12,0
49,2044.69,2,2,1,15,0
52,1795.01,3,0,1,11,0
9,800.17,4,1,0,14,0
70,2186.36,5,2,0,17,0
23,2003.44,3,0,1,8,0
23,1312.53,3,1,1,11,0
22,212.32,1,2,0,11,0
33,1450.43,4,2,0,10,0
13,216.96,6,1,1,14,0
31,410.0,5,0,0,15,0
15,1405.71,3,2,0,6,1
4,429.38,5,2,1,13,0
27,971.86,4,4,0,19,1
48,2035.38,3,1,0,14,0
55,1064.12,3,1,0,21,0
26,2993.42,2,1,0,11,0
23,2765.65,3,1,0,7,0
56,1838.87,2,1,1,13,1
49,2907.45,2,0,1,18,0
60,2630.45,2,0,0,10,0
65,1092.92,3,0,1,10,0
59,2298.87,3,2,1,20,0
67,583.13,4,1,1,8,0
30,2116.74,5,1,0,13,0
29,1575.03,7,3,1,15,0
23,247.11,3,1,0,13,0
17,967.84,3,2,0,10,0
54,2875.07,4,3,0,10,0
51,1084.33,5,1,0,12,0
57,708.07,4,2,1,10,0
12,725.09,4,1,1,17,0
35,1541.8,5,2,0,13,0
16,2559.42,2,0,0,18,0
64,2322.4,2,1,1,13,0
19,1423.19,1,2,1,7,0
11,784.44,4,4,0,10,1
41,328.98,5,0,1,13,0
63,1495.36,3,2,1,14,0
66,2481.37,4,1,0,16,0
7,2243.11,9,0,1,15,0
24,1344.08,6,2,1,4,0
11,1865.17,2,1,0,9,0
22,1421.49,4,0,1,13,1
38,1821.25,5,1,1,10,0
20,1649.01,3,1,0,14,1
5,2106.71,3,2,1,10,1
37,1621.58,1,1,1,11,0
4,2833.71,3,2,1,20,0
17,1398.48,3,1,1,9,0
1,244.57,1,2,1,11,0
7,861.85,4,2,0,5,0
31,1601.7,4,0,0,9,0
61,1713.6,6,2,1,14,0
55,1746.68,1,2,1,7,0
8,2200.75,2,1,0,7,0
3,969.01,0,0,1,9,0
25,2061.73,3,1,1,12,0
47,2171.29,3,0,0,8,0
54,1351.59,2,2,1,12,0
59,1326.07,1,1,1,12,0
25,700.99,5,2,1,12,0
12,1359.16,0,3,0,16,0
2,2403.09,3,2,0,14,0
11,2745.12,5,3,0,18,0
5,1862.12,4,1,0,12,0
62,1038.24,1,2,0,12,0
20,2110.41,1,0,1,14,0
59,2272.41,7,1,1,21,0
40,1130.2,2,1,0,13,0
39,2514.33,5,2,0,12,0
33,406.35,3,2,0,15,0
59,230.11,6,1,0,11,0
4,544.32,6,1,1,15,0
7,636.82,3,2,1,13,0
31,2661.0,6,1,1,11,0
29,1389.95,1,1,1,12,1
39,969.81,4,0,0,10,0
53,1401.41,2,1,1,20,0
42,1305.55,5,1,0,10,0
19,1044.09,1,0,0,15,0
24,586.12,2,0,1,9,0
54,2036.56,4,1,1,9,0
15,582.49,2,1,0,16,1
36,2371.19,4,0,0,10,0
39,764.73,1,3,1,16,0
54,2247.84,4,1,0,10,1
51,2455.64,2,2,1,8,0
33,550.91,4,2,1,16,0
22,442.89,5,1,1,11,0
27,2858.8,0,3,0,19,0
30,1496.53,2,1,1,12,0
16,1964.66,5,1,0,10,0
45,265.13,5,0,1,16,0
15,980.39,2,0,1,17,0
47,1615.11,2,1,0,16,0
54,2681.41,4,2,0,12,0
69,960.03,0,0,1,9,0
9,2370.54,3,3,0,10,0
54,2054.2,4,3,1,12,0
7,522.76,4,0,1,12,0
24,1021.45,3,2,1,10,0
13,866.02,0,0,1,13,0
12,1439.08,2,2,1,10,0
13,1978.94,0,2,1,10,0
4,1413.58,3,0,1,19,0
59,884.7,4,0,0,13,0
5,2148.46,5,4,0,10,0
29,1836.52,2,1,1,18,0
50,1654.08,4,1,1,15,0
71,1752.37,4,0,1,6,0
61,821.32,3,1,1,8,0
10,2105.21,2,0,0,9,0
71,1285.0,4,1,1,13,0
47,1217.71,4,1,0,11,0
13,619.26,4,2,1,10,1
32,1871.14,5,0,0,8,0
66,1887.46,2,1,0,10,0
28,1152.84,2,0,0,12,0
14,2607.58,4,0,1,11,0
63,2567.28,1,2,0,16,0
68,505.35,1,0,1,17,0
70,2146.11,4,1,1,12,0
68,1302.74,2,1,1,8,0
62,2999.2,7,3,1,6,0
33,830.07,3,4,0,12,0
14,985.47,3,2,0,15,1
44,1437.9,4,4,0,14,0
16,952.4,2,0,1,14,0
34,2137.58,3,0,0,15,0
47,1546.54,3,1,0,11,0
68,818.46,4,2,0,11,0
21,1617.85,2,3,0,11,0
18,2688.61,2,1,0,12,0
53,2418.71,3,3,1,6,0
1,1596.72,3,2,1,11,0
41,1007.78,1,4,0,8,0
53,703.68,4,1,0,9,0
40,2659.47,5,2,1,10,0
28,2188.47,2,1,1,13,0
59,1802.06,3,2,0,16,0
27,2662.42,3,0,0,11,1
51,540.73,6,2,0,7,0
33,2110.97,1,0,0,18,0
2,806.79,3,1,1,3,0
38,537.62,2,0,0,13,0
4,1503.7,3,3,0,12,1
67,1284.7,2,1,0,17,0
43,2835.29,5,2,0,11,1
27,1107.14,3,0,0,11,0
35,2481.73,2,0,1,15,0
44,2296.72,3,0,1,7,0
19,2070.19,3,0,1,9,0
21,2777.12,3,2,1,15,0
30,1342.19,4,2,1,15,0
19,1291.08,3,2,0,8,0
54,650.65,4,0,1,14,0
8,972.13,4,3,1,15,0
59,2663.37,0,1,0,14,1
25,1528.27,3,0,0,11,0
40,1155.79,0,1,0,12,0
12,805.11,3,1,1,12,0
28,1557.89,7,2,1,8,0
54,2206.66,5,1,1,17,0
20,1002.74,2,0,0,11,0
10,2321.61,3,2,1,13,0
38,1963.41,3,0,1,22,0
12,2405.18,1,1,1,15,1
23,902.55,3,3,0,13,0
32,1966.88,4,2,0,7,0
41,630.46,2,1,1,13,0
46,1218.63,1,2,0,13,0
49,2228.21,3,3,1,14,0
60,1968.67,0,2,0,8,1
5,726.01,3,0,0,17,0
26,2603.36,7,2,0,13,0
1,349.38,1,1,0,14,0
1,1866.6,1,1,1,15,0
16,2954.7,1,0,1,6,0
43,1688.21,3,1,0,11,0
64,2441.88,7,1,0,17,0
55,1866.51,4,1,0,13,0
46,2392.65,0,1,0,9,0
56,2035.66,6,1,0,10,0
13,2135.17,0,0,0,11,1
60,837.87,2,1,1,14,0
64,2277.1,4,2,0,13,1
7,866.15,2,1,0,13,0
34,2945.79,2,1,0,21,0
59,837.8,4,2,1,7,0
34,862.72,3,1,0,14,1
60,2604.28,1,1,1,7,0
67,880.36,4,0,0,11,0
34,1210.53,3,0,1,13,0
5,2200.99,2,6,1,14,0
25,644.5,1,0,1,8,0
16,645.4,3,1,0,17,0
34,1561.8,3,2,1,9,0
42,882.35,4,1,1,15,0
33,859.84,3,4,1,12,1
14,225.87,1,2,1,15,0
22,1237.26,2,0,1,12,0
49,1091.1,4,1,0,15,0
2,287.24,3,1,0,11,0
16,1939.45,2,0,1,9,0
64,1954.63,4,1,0,13,0
8,398.24,6,0,0,21,0
30,1087.72,2,0,1,12,0
15,2643.86,3,1,0,10,1
8,1830.07,4,1,0,11,0
31,1353.53,2,0,1,5,0
38,1502.29,4,3,1,10,1
13,783.18,3,0,0,8,0
6,2473.27,4,1,1,7,1
10,2759.21,3,1,0,13,0
47,2749.86,3,1,1,13,0
62,827.02,1,1,1,11,0
13,1070.07,4,0,1,13,0
23,649.74,6,1,1,7,0
25,1060.16,3,2,0,6,0
26,1131.86,3,1,0,12,0
18,1972.7,4,1,0,16,0
4,731.01,2,2,0,12,0
38,2774.31,3,1,1,19,0
26,488.68,2,1,1,10,0
25,219.26,1,2,0,11,0
19,2593.85,2,2,0,11,0
66,2170.56,0,1,1,12,0
44,1195.01,2,0,0,13,0
30,1867.4,4,0,0,9,0
15,825.92,2,2,1,11,0
57,671.49,2,1,0,18,0
64,1519.22,4,0,0,13,0
3,1188.93,2,1,1,17,0
67,1922.64,3,0,0,10,0
50,810.82,3,0,1,16,0
8,2056.2,3,1,1,14,0
54,2347.21,3,1,1,7,0
8,666.58,3,1,1,12,0
4,322.8,1,0,1,15,0
9,1430.84,1,1,0,14,0
33,2367.27,3,2,1,11,0
44,2022.18,1,0,1,12,0
29,2165.27,3,1,1,19,0
9,1327.95,4,2,1,13,0
15,857.85,1,0,0,13,0
61,1688.98,9,0,1,18,0
69,772.22,4,0,1,11,0
54,2233.44,5,0,0,14,0
8,751.51,2,0,0,8,0
59,1015.54,4,1,1,12,0
50,1618.33,3,0,1,10,0
38,1562.79,3,0,1,10,1
11,1882.38,1,1,1,12,0
71,1424.84,1,0,1,11,0
32,2774.53,2,1,1,14,0
4,2551.82,4,0,1,9,0
15,2661.52,3,0,0,13,0
29,1962.65,5,3,0,16,0
5,1978.02,4,1,1,12,0
23,1905.76,3,1,0,8,0
34,1417.68,0,1,1,8,0
68,1101.9,0,0,1,11,0
7,1857.61,6,0,0,14,0
41,271.49,4,1,0,17,0
66,220.88,3,2,0,4,0
58,2584.6,8,2,1,12,0
66,329.99,2,2,1,11,0
13,1669.43,1,3,1,5,1
57,1921.97,3,1,1,15,0
70,754.88,4,2,0,7,0
24,2708.05,2,3,0,19,0
36,732.27,4,0,1,8,0
38,2676.64,3,2,1,9,0
36,2336.37,6,0,1,17,0
21,874.08,3,1,1,10,0
69,622.08,4,2,1,14,0
68,1085.45,0,2,0,11,0
28,1314.26,4,1,1,11,0
58,888.2,3,3,1,8,0
29,2996.9,4,2,1,4,0
57,843.03,3,0,1,17,0
42,2525.78,1,0,0,8,0
34,645.53,3,3,1,15,0
10,2944.68,2,1,1,12,0
47,831.47,2,2,1,9,0
23,1380.73,1,0,0,7,0
16,1763.98,1,0,0,8,0
14,536.8,4,1,1,12,0
70,2487.1,5,0,0,13,0
8,969.12,3,3,1,6,1
57,1737.96,7,0,1,12,0
62,1738.97,2,0,1,14,0
3,1887.39,3,2,0,9,0
42,355.36,4,3,0,6,0
41,672.13,2,1,1,11,0
26,651.34,2,0,0,12,0
48,1045.74,1,2,1,20,0
30,605.76,3,2,1,15,0
32,2781.38,4,2,1,9,0
31,1636.27,2,1,0,11,0
57,1946.01,3,1,0,18,0
45,1200.97,2,0,1,14,0
27,973.49,2,1,0,6,1
66,1608.9,3,1,1,12,0
57,1024.1,4,2,1,16,0
67,1162.21,6,1,0,11,0
52,1467.7,1,3,0,13,1
28,1616.05,3,2,0,11,1
55,2956.08,2,1,1,13,0
24,825.3,5,3,0,14,0
20,1566.33,3,1,1,10,0
33,618.63,3,1,1,15,0
69,1180.0,5,1,0,11,0
41,2208.47,1,0,0,14,0
28,688.49,6,4,1,13,0
33,1827.78,4,2,0,12,0
21,1366.76,3,0,1,9,0
47,344.42,6,5,1,15,0
25,2812.61,3,0,1,16,0
40,1358.09,3,2,1,17,0
27,2394.99,4,1,0,13,0
23,1365.68,0,1,1,12,0
69,2824.61,3,0,0,11,0
25,1013.32,5,1,1,10,0
6,1354.25,5,5,0,12,0
27,2324.82,5,0,1,17,0
38,1162.27,4,0,1,15,0
7,1220.2,8,1,1,17,0
22,2985.5,4,0,0,12,0
12,1755.72,2,1,1,8,0
36,2130.27,3,2,0,15,1
52,2001.69,2,0,1,9,0
69,2518.19,1,1,0,10,0
28,2613.11,4,2,1,10,0
62,1777.12,7,2,1,14,0
16,1024.76,3,0,1,10,0
56,263.84,1,1,0,17,0
40,1920.33,7,1,1,10,0
54,2511.31,5,0,0,10,0
54,1461.51,3,2,1,11,0
38,661.18,2,3,0,13,0
19,1006.63,4,1,0,18,0
38,1627.97,4,1,1,10,0
59,2542.71,2,0,1,9,0
69,680.91,4,2,0,7,0
66,1914.02,1,0,0,8,0
13,2309.43,1,0,1,14,0
43,2820.93,3,1,0,11,0
8,526.77,4,1,0,16,0
48,2793.9,5,2,0,8,0
71,1884.11,4,3,0,8,0
4,2346.76,7,1,0,9,0
47,350.57,3,3,1,10,0
68,1617.21,4,0,1,10,0
61,1943.36,1,2,0,13,0
28,1059.13,4,2,0,8,0
8,1408.62,2,1,1,11,0
66,1752.03,2,2,1,9,0
66,1747.13,6,0,1,9,0
42,317.21,1,0,1,21,0
70,1430.55,2,1,1,11,0
1,798.69,3,0,0,13,1
44,2766.75,3,2,1,20,0
3,2934.42,3,4,0,9,1
67,1039.01,3,2,1,6,0
49,690.52,3,2,0,10,0
65,814.61,3,2,1,6,0
40,1537.71,7,1,1,9,0
6,2648.62,1,0,1,12,0
2,1600.1,5,1,0,6,0
24,355.1,5,1,1,13,0
53,311.68,9,2,0,10,0
11,836.69,0,0,1,13,1
61,2559.76,4,0,0,14,0
18,1940.15,3,0,1,13,0
36,1776.28,5,2,0,10,0
15,1093.11,2,2,0,11,0
34,2802.39,1,1,1,13,0
33,1127.3,2,1,1,9,0
1,2537.84,3,0,1,8,0
41,2708.53,0,0,0,13,1
56,1553.34,3,0,0,10,0
67,2704.01,0,1,1,8,0
24,975.05,2,2,0,14,0
63,2043.61,4,1,0,9,0
63,446.3,3,1,1,13,0
71,1527.02,3,0,0,11,0
27,808.53,1,0,1,11,0
61,375.74,0,1,0,11,0
41,210.43,2,0,1,12,0
5,1109.31,6,0,1,12,0
20,1850.69,0,1,1,10,0
48,1474.64,1,0,1,10,0
12,1044.95,2,0,1,12,0
31,2975.36,5,2,0,11,1
56,2830.67,2,1,0,16,0
11,551.83,4,2,1,13,0
36,1362.3,5,1,0,3,0
16,2016.77,3,2,1,12,0
39,2253.77,3,1,1,13,0
18,1225.84,2,1,1,8,1
69,2289.59,2,1,0,10,0
6,547.62,1,2,1,17,0
69,1129.08,4,1,0,11,1
57,2206.01,2,0,0,8,0
61,1951.91,4,0,1,9,0
61,2544.19,5,1,1,9,0
14,331.2,2,1,1,14,0
67,688.3,4,3,0,21,0
43,335.78,2,1,0,8,0
69,737.92,2,1,1,10,0
63,211.99,0,0,1,9,0
42,1611.79,1,1,1,8,0
27,1679.28,2,1,0,9,1
9,2042.1,5,1,1,8,0
8,1277.75,3,0,0,11,0
28,208.98,2,3,1,12,0
58,2086.9,3,1,0,7,1
36,352.02,5,3,1,7,0
35,2625.28,5,0,0,10,0
18,263.43,4,3,1,15,0
41,1685.33,1,2,1,13,0
46,2705.77,0,0,1,9,0
70,1802.97,1,3,0,6,0
52,1903.57,2,0,0,11,0
44,2108.51,0,0,1,12,0
65,542.74,2,0,1,8,0
31,2089.8,2,4,1,12,1
67,2664.99,4,2,0,9,0
27,2927.82,0,1,0,14,0
10,1440.55,5,0,0,14,0
30,1164.61,1,1,0,10,0
10,2309.27,4,1,1,15,1
9,1720.05,3,1,1,9,1
63,920.45,4,3,1,13,0
57,682.04,5,0,0,12,0
16,676.64,1,1,0,11,0
60,1485.7,3,1,0,8,0
5,676.35,4,2,1,10,0
21,255.21,0,2,0,13,0
51,345.85,4,2,1,13,0
22,2803.68,1,3,1,14,0
52,404.29,3,1,1,12,0
63,404.91,6,1,1,13,0
5,1463.33,5,4,0,16,0
2,886.28,2,0,1,18,0
67,2895.54,2,1,0,14,0
37,2750.76,1,0,0,13,0
36,1333.28,1,2,0,12,0
33,1456.45,1,0,1,10,0
31,1250.32,8,1,1,13,0
49,306.03,2,2,1,15,0
42,1019.97,3,1,1,10,0
12,543.49,2,1,1,14,0
45,486.64,5,2,1,13,0
48,1770.41,3,1,1,14,0
9,476.54,5,0,0,12,0
27,488.21,3,1,0,9,0
57,1545.44,2,1,0,10,0
44,1438.39,3,2,0,12,0
10,585.38,6,2,0,13,0
3,212.46,4,2,0,15,0
42,740.33,5,0,1,12,0
33,860.5,5,1,1,10,0
69,2440.7,2,0,1,11,0
38,2763.23,2,0,1,12,0
67,1336.64,2,1,1,9,0
16,1334.07,4,1,0,12,0
32,2194.95,1,1,0,13,0
10,1955.38,5,0,0,18,0
41,715.59,3,1,1,11,0
14,501.53,4,3,1,9,0
35,1425.31,5,1,0,14,0
25,1781.52,4,1,0,11,0
14,588.38,0,2,1,11,0
7,1021.17,4,3,1,9,0
37,1056.64,5,1,1,8,0
68,931.63,2,0,1,12,0
15,1490.13,4,3,0,8,0
29,2028.58,3,2,1,14,0
16,1626.29,0,2,1,14,0
58,764.08,1,1,0,13,0
30,488.23,2,1,0,14,0
70,2501.24,1,3,1,8,0
18,1542.05,1,2,0,12,0
6,373.99,1,1,0,13,0
42,922.74,3,0,0,12,0
47,2451.29,2,1,0,10,0
71,2304.83,8,2,0,20,0
62,2652.29,1,5,0,13,0
63,1885.85,3,1,1,14,0
46,1384.14,1,1,0,12,0
26,1394.58,3,1,0,14,0
31,743.2,1,1,1,7,1
10,2022.24,4,2,0,17,0
31,1838.19,6,1,1,12,0
26,633.62,2,1,0,12,0
3,2679.86,4,1,0,19,1
15,1231.71,4,2,0,10,0
38,339.27,3,0,1,21,0
27,1118.07,3,0,1,13,0
71,2635.6,4,0,1,18,0
34,2767.48,6,2,0,10,0
69,1573.12,1,2,0,11,0
47,2877.75,4,2,1,15,0
3,2650.68,1,5,0,13,0
15,2510.65,3,0,0,13,0
51,2607.19,2,1,1,16,0
39,1269.25,3,1,0,11,0
22,2318.11,4,3,1,11,0
38,1816.55,4,1,1,10,0
65,2215.12,1,0,0,8,0
28,697.8,4,3,1,19,0
4,2247.9,1,1,1,14,0
23,2881.26,4,0,1,10,0
67,1047.46,1,3,1,6,0
55,2961.25,4,1,0,10,0
60,1259.45,4,1,0,10,0
65,759.23,5,1,0,10,0
9,514.4,2,0,0,12,0
21,2397.89,1,1,1,11,0
5,1753.51,0,0,1,11,1
1,1059.97,5,2,0,12,1
60,1903.66,1,0,0,10,1
67,1129.88,3,3,1,20,0
12,1455.4,2,2,0,13,0
52,2615.46,2,1,0,14,0
38,2070.87,1,0,1,8,0
5,2334.73,4,0,0,10,0
66,1833.78,5,0,0,14,0
62,2975.91,3,1,0,11,0
41,875.95,1,0,0,11,0
51,934.42,3,1,1,13,0
29,459.17,1,1,0,14,0
57,1751.25,2,4,0,7,0
32,1917.41,8,4,0,9,0
71,2232.69,3,1,1,7,0
5,1139.25,1,3,1,11,0
13,234.32,4,2,0,10,0
69,1970.24,5,0,0,14,0
21,2996.35,3,0,1,12,0
23,1024.74,5,1,1,15,0
57,715.02,3,0,1,16,0
14,988.95,6,0,1,16,0
37,1391.16,2,0,1,20,0
21,902.56,1,2,0,9,0
15,1171.49,3,2,1,15,0
69,1986.98,5,1,0,15,0
15,1166.08,4,0,1,11,0
7,1308.97,5,0,1,11,0
48,312.09,4,2,1,16,0
62,2770.24,2,0,1,11,0
10,1339.28,1,1,1,12,0
51,1118.8,0,1,1,5,0
39,442.16,2,0,1,11,0
59,1975.71,1,1,0,10,0
10,2618.71,1,1,1,12,0
70,315.23,3,2,0,16,0
44,606.76,4,0,0,8,0
60,609.89,2,2,0,15,0
26,1886.37,4,0,0,15,0
67,2779.45,6,1,0,10,0
45,1425.75,3,0,0,13,0
10,1162.66,1,1,1,12,0
66,2344.35,1,1,1,11,0
57,2279.19,4,0,0,15,0
22,890.92,2,2,0,15,0
39,650.31,2,1,0,12,0
28,1201.87,2,3,1,16,0
39,2371.69,4,1,0,11,0
69,2146.18,6,0,1,8,0
64,2064.39,4,1,0,21,0
16,2522.4,4,3,1,16,1
69,975.96,4,1,0,14,0
32,1151.11,1,1,1,18,0
51,318.55,3,0,0,10,0
55,2632.49,2,1,0,9,0
35,1830.8,2,0,1,11,0
33,1034.74,5,2,0,9,0
33,394.37,2,2,0,11,0
62,2225.55,2,1,0,14,0
28,2296.47,2,2,1,13,1
20,2065.3,3,2,0,16,0
26,770.59,0,1,1,13,0
14,2757.0,2,3,1,6,0
28,2308.84,2,0,0,10,1
9,2041.72,6,1,0,13,0
7,2022.64,3,1,0,10,1
52,2732.2,7,2,1,11,0
6,2799.26,2,0,1,13,0
41,1867.78,3,1,1,10,0
56,1366.67,2,2,1,14,0
52,1218.46,4,2,1,8,0
32,2493.42,2,2,0,12,0
14,2004.89,1,2,1,16,0
67,416.34,7,0,0,13,0
60,598.12,2,1,0,12,0
44,2720.52,4,3,1,15,1
7,2676.59,3,1,1,14,0
3,2865.13,2,2,0,22,0
23,1397.98,2,0,1,13,0
12,2395.37,3,0,1,9,0
62,2519.03,5,1,1,15,0
15,1083.95,9,2,0,16,0
21,606.95,0,1,0,17,0
70,2991.67,2,2,0,9,0
59,284.61,2,0,0,16,0
16,1872.54,3,4,1,8,0
28,2020.59,3,2,1,15,0
37,2109.01,2,2,1,11,0
48,915.76,3,1,1,15,0
67,2220.42,1,1,0,10,0
62,805.92,1,0,0,9,0
70,2521.31,3,2,1,18,0
3,813.53,2,2,0,9,0
17,2150.78,2,0,0,10,1
40,2393.56,3,3,0,6,0
4,729.05,1,2,0,11,0
26,866.36,3,1,1,15,0
11,2381.49,2,1,0,4,0
67,440.8,2,1,0,10,0
5,734.13,3,1,0,9,0
11,1475.49,6,1,1,11,0
14,2804.51,1,0,0,14,0
11,1773.26,7,0,1,11,0
41,1285.5,2,0,1,13,0
26,2939.44,5,1,1,15,0
65,1498.39,2,1,0,10,1
19,1414.46,3,0,0,22,0
39,1352.6,6,3,1,11,0
47,1074.1,4,0,1,12,0
45,1111.95,3,0,0,5,0
57,2125.94,3,2,0,18,0
15,314.34,8,1,0,10,0
37,2109.09,4,1,0,10,0
57,763.37,4,2,1,10,0
62,1275.78,3,0,0,8,0
44,610.31,4,0,0,11,0
47,1747.7,7,1,0,12,0
62,2242.18,1,2,1,9,0
45,1193.04,3,1,1,9,0
68,657.57,0,0,0,9,0
10,834.22,2,1,1,13,0
25,2490.72,5,0,0,17,0
8,949.42,3,2,0,7,0
7,2369.17,5,1,1,7,0
34,1127.36,0,2,0,10,1
17,728.45,2,1,1,10,0
29,2236.46,3,1,0,7,1
32,1511.93,1,1,0,5,0
45,287.58,3,0,1,10,0
68,2887.84,4,0,0,21,0
61,613.71,4,1,0,13,0
27,1189.54,0,2,0,12,0
24,1277.42,2,1,1,9,1
55,1570.4,1,2,0,10,0
9,2399.24,0,1,0,10,1
39,217.05,4,0,1,14,0
31,2810.92,3,1,0,15,0
13,2008.77,3,1,1,12,0
44,2861.82,0,0,0,4,0
23,2488.69,2,0,0,12,0
14,2797.95,1,1,1,14,0
47,1882.8,4,2,0,15,0
13,1200.47,5,3,0,16,0
48,1440.16,3,1,0,17,0
12,2042.49,4,0,0,19,0
31,1395.41,2,1,0,6,0
58,2248.68,2,1,1,18,0
17,457.17,3,0,1,12,0
55,2523.96,1,1,0,12,0
52,771.73,5,2,0,14,0
65,2843.05,6,0,1,14,0
12,635.53,5,1,1,9,0
51,561.66,1,0,0,12,0
67,2473.25,2,1,1,14,0
55,2492.37,3,2,0,15,0
14,2268.53,1,0,1,15,0
59,2889.49,6,0,1,10,0
8,957.51,7,0,0,17,0
42,2514.62,5,1,1,9,0
36,1185.71,1,0,0,15,1
38,1704.72,3,1,1,15,0
37,1447.68,4,1,1,12,0
3,216.38,1,2,1,8,0
37,1808.49,4,1,1,14,0
67,2293.02,2,1,0,11,0
32,688.75,7,1,1,15,0
20,2808.64,4,2,1,9,0
71,1685.12,3,1,0,12,0
8,699.09,7,0,1,14,0
35,2008.65,2,0,0,12,0
37,737.38,5,3,0,12,0
34,377.89,5,2,0,8,0
66,2118.88,0,1,1,9,0
30,509.95,2,0,0,13,0
70,497.41,2,1,1,11,0
5,2271.84,4,4,1,10,0
53,354.57,4,1,0,6,0
43,2467.35,3,2,1,12,0
18,2429.22,2,2,0,14,0
17,595.9,2,0,1,11,0
52,1651.47,5,0,0,13,0
46,470.55,1,1,1,12,0
44,1971.2,4,1,0,18,0
4,376.2,4,0,1,12,0
43,2844.55,5,2,1,11,0
70,781.65,4,0,1,8,0
2,2112.11,2,3,1,12,0
34,559.22,3,3,0,6,0
36,786.87,5,1,1,12,0
64,1462.66,3,2,1,10,0
21,1804.67,3,3,0,18,0
34,2996.82,3,1,0,8,0
51,272.59,1,0,1,9,0
5,200.88,4,1,1,6,0
57,1181.03,5,0,0,12,0
59,1225.24,4,1,0,7,0
52,2674.74,1,1,0,11,0
47,2755.23,4,1,1,9,0
54,2665.47,3,1,0,23,0
56,600.9,1,1,1,13,0
65,1353.89,2,0,0,12,0
31,2288.48,1,1,0,9,0
33,1075.31,2,1,1,12,0
46,2057.07,1,1,0,6,0
14,864.0,0,1,0,11,0
61,1105.57,2,2,0,13,0
55,2609.2,8,0,0,13,0
45,901.43,3,1,1,12,0
22,2900.11,2,1,0,12,0
25,1057.53,2,2,0,23,0
31,265.88,2,2,0,10,0
48,913.72,2,0,0,12,0
56,679.37,3,1,1,13,0
48,1619.12,4,0,1,4,0
67,515.6,4,1,0,15,0
69,1952.94,4,2,1,11,0
51,2649.72,3,2,1,16,0
27,1215.05,3,1,1,10,0
43,671.78,5,1,1,14,0
31,1320.07,0,1,0,14,0
45,2400.71,1,0,0,13,0
58,1856.17,6,0,0,12,0
27,483.2,6,0,1,17,0
36,1704.12,2,1,0,15,0
4,1510.64,0,0,0,10,1
53,1115.91,4,4,1,12,0
35,508.45,4,1,0,11,0
33,2947.11,3,2,1,14,0
38,692.92,2,0,1,10,0
16,739.68,2,3,1,13,1
43,607.63,4,1,0,16,0
53,1796.54,1,1,1,13,0
25,1442.27,3,1,1,13,0
10,898.76,4,2,0,8,0
28,1402.39,3,0,0,16,0
15,2085.86,1,3,0,11,1
27,988.76,2,1,0,6,0
45,2762.69,5,1,1,5,0
9,1057.77,1,0,0,5,0
54,754.9,1,1,0,11,0
16,2872.79,3,1,0,11,0
64,2469.57,4,2,1,7,0
53,1160.79,2,0,1,10,0
20,2556.01,2,0,1,13,0
40,1652.68,5,3,0,6,0
8,1170.91,3,1,0,12,0
8,2550.91,3,0,0,7,1
68,2306.06,3,1,1,14,0
57,1034.05,6,1,0,15,0
11,1898.7,2,1,0,16,1
21,1234.29,1,0,1,7,0
15,202.95,3,0,0,15,0
29,2893.08,1,1,1,10,1
21,1738.96,4,1,0,12,0
24,1875.61,1,1,0,9,0
38,1879.7,6,1,1,8,0
14,1741.8,4,3,0,18,0
63,1012.13,1,5,1,7,0
52,2920.41,2,0,1,13,1
54,1940.67,1,2,0,13,0
13,2078.58,1,1,1,5,0
51,1473.42,3,0,0,7,0
60,1006.01,1,1,0,19,0
13,380.18,4,1,0,14,0
54,1180.64,3,2,1,9,0
26,693.07,3,0,1,14,0
56,2053.85,3,1,1,11,0
34,2661.21,2,2,0,16,0
57,1047.71,3,2,1,13,0
11,1132.07,4,2,1,18,0
28,2077.02,2,1,1,8,0
20,617.96,4,2,0,20,0
18,2802.42,2,2,1,15,0
22,1218.77,3,3,1,11,0
28,483.36,8,0,1,11,0
10,689.12,2,2,0,15,0
51,2811.69,8,1,1,19,0
40,891.93,4,0,0,15,0
59,2054.35,4,0,1,15,0
51,637.26,1,0,1,10,0
11,743.48,7,1,1,13,0
5,2661.87,3,0,1,17,1
31,614.49,3,2,1,21,0
35,252.5,2,0,1,15,0
18,1603.45,1,2,0,20,0
56,2615.64,2,0,1,15,0
42,1112.77,3,4,0,10,1
54,558.85,7,0,0,14,0
8,2950.25,1,2,1,11,0
58,2094.87,3,0,1,10,0
15,2581.93,5,0,1,9,0
32,2305.99,0,4,1,12,0
32,2155.08,3,1,1,11,0
59,1276.78,1,0,1,7,0
20,1108.15,1,4,1,16,0
18,2207.48,4,0,0,11,0
25,2206.8,0,0,0,10,1
26,2861.65,7,1,1,13,0
13,1792.25,3,1,0,20,0
13,1024.94,1,2,1,3,0
17,1570.68,3,1,1,6,0
34,1918.4,1,2,0,12,0
25,1394.84,2,2,1,7,0
28,2415.17,7,3,0,12,0
52,1836.92,1,1,0,14,0
18,226.42,0,0,0,14,0
65,1795.55,5,2,1,15,0
54,1974.09,2,3,0,8,1
13,2762.73,6,1,1,10,1
23,1358.42,4,0,0,16,0
14,1808.51,3,0,1,10,0
20,1529.99,5,1,0,9,0
26,1688.64,1,0,0,10,1
10,388.45,5,0,0,22,0
2,2712.39,4,0,0,10,0
32,2749.15,3,1,1,10,0
50,1734.57,2,0,1,8,0
22,1758.36,4,5,0,8,1
62,361.16,2,0,0,15,0
27,1874.26,5,0,1,17,0
64,1401.63,3,3,1,7,0
17,2185.32,2,0,1,17,0
39,331.95,4,0,1,10,0
55,2190.49,2,1,1,14,0
5,1003.3,2,3,0,8,0
67,2024.77,2,0,0,13,0
26,1955.95,3,1,1,15,0
36,835.16,4,2,1,12,0
45,1433.27,1,0,0,11,0
46,2539.77,5,1,0,18,0
2,1895.66,0,1,1,15,0
62,392.47,0,0,0,11,1
45,1440.14,4,1,1,6,0
71,1072.96,0,0,0,11,0
34,1996.61,3,2,1,8,1
44,1920.78,2,0,1,17,0
32,229.11,1,0,1,15,0
64,1901.55,1,0,0,11,0
60,2257.58,6,2,1,13,0
65,2352.44,4,0,0,9,0
36,365.13,0,2,0,11,0
57,1050.24,1,1,1,13,0
26,1379.57,2,0,1,10,0
33,703.36,1,2,1,9,0
54,1378.05,6,2,1,19,0
6,399.16,1,3,1,8,1
51,517.01,3,0,1,7,0
2,2072.35,3,1,0,8,0
42,935.2,3,2,1,5,0
34,2191.94,6,3,1,8,1
34,334.7,1,1,1,13,1
36,1775.57,4,0,0,14,0
35,1296.06,0,2,0,9,0
29,2431.52,1,3,0,12,0
33,2395.06,2,0,1,5,0
41,1251.57,2,2,0,11,0
55,1943.6,3,1,0,18,0
40,837.14,7,5,0,15,0
46,1825.14,4,1,1,9,0
60,427.54,4,1,0,18,0
71,1416.89,2,1,1,11,0
8,711.64,7,2,1,10,0
51,2673.47,2,2,1,12,0
16,1445.72,5,0,0,13,1
14,1854.17,4,2,1,21,0
57,1209.07,5,0,0,15,0
5,1008.47,3,0,0,11,0
61,768.18,7,1,0,15,0
55,2753.24,2,0,0,14,0
71,2438.5,7,1,0,14,0
48,573.13,7,1,0,16,0
62,2290.83,1,1,1,11,0
9,1371.89,4,1,1,12,0
64,243.11,5,1,0,12,0
12,1679.43,2,1,0,8,0
23,564.13,1,2,1,5,0
10,787.82,1,1,0,17,0
29,2148.91,4,2,0,10,0
54,920.0,0,1,0,8,0
20,2697.29,2,2,0,4,1
59,2040.08,3,0,1,8,0
44,2530.39,4,0,0,17,0
45,1922.53,2,0,0,11,0
67,2632.78,2,1,0,11,1
31,1212.72,2,0,0,14,0
25,1737.59,2,0,1,10,0
71,1644.49,2,0,0,13,0
40,2730.61,1,1,0,14,0
44,661.76,5,0,0,9,0
22,1818.57,3,0,1,17,0
16,2312.41,1,3,1,18,0
13,1236.14,3,1,1,19,0
16,2629.23,6,0,1,16,0
14,1244.44,2,1,0,17,0
54,685.26,0,0,0,15,0
5,1835.34,2,2,1,11,0
45,1377.59,5,1,1,13,0
68,242.53,6,2,0,10,0
55,395.55,3,0,1,11,0
29,746.78,2,0,1,6,1
5,2354.12,2,1,0,10,0
60,2697.71,2,2,0,14,0
1,1727.79,6,1,1,11,0
49,495.58,2,0,1,14,0
48,1696.37,3,4,0,12,0
14,2595.7,1,3,0,9,1
53,2298.54,3,2,1,12,0
13,1015.07,0,1,1,12,0
17,546.89,3,0,1,11,0
58,2721.91,2,0,0,11,0
70,2591.45,3,1,1,9,0
19,350.4,3,2,1,14,1
66,2506.29,6,1,0,11,0
65,472.2,4,2,1,17,0
55,377.19,4,1,0,12,0
10,2324.08,3,0,0,18,0
22,1701.67,3,1,0,12,0
49,1360.73,1,1,1,14,0
71,2730.81,3,2,0,9,0
58,2550.05,3,0,1,11,0
30,361.35,1,3,0,18,0
17,1925.04,5,1,1,8,0
69,2362.35,5,1,1,11,0
20,1741.37,4,2,0,13,0
25,2952.42,5,1,1,9,0
69,2120.93,3,0,1,7,0
40,491.6,4,3,1,10,0
19,755.23,2,0,1,14,0
1,2513.49,4,1,1,8,0
31,2990.92,2,3,0,12,0
71,475.35,8,2,1,16,0
31,480.92,4,1,1,15,0
50,2337.48,8,1,0,15,0
18,380.19,3,1,1,12,1
56,391.97,5,4,0,8,0
56,2688.69,3,0,1,13,0
44,2441.26,5,3,1,10,0
55,2668.38,2,0,1,10,0
42,2021.44,4,0,1,13,0
27,1103.1,3,1,1,14,0
53,2737.68,0,1,1,14,0
60,1036.43,3,0,0,11,0
60,971.43,5,1,0,19,0
16,2681.92,2,0,1,11,0
49,2106.3,2,0,0,9,0
1,2707.88,4,0,1,10,0
41,636.52,3,1,1,17,0
41,2866.43,2,2,0,15,0
26,1915.68,1,2,0,14,0
71,2070.5,3,1,0,11,0
63,2759.37,4,1,0,10,0
3,1266.11,3,2,0,14,0
15,2214.81,1,1,0,13,0
15,1992.95,8,1,1,10,1
64,2405.71,5,2,0,15,0
37,2711.44,3,1,1,13,0
52,2104.17,2,0,0,12,0
58,389.39,2,1,1,13,0
55,712.79,1,0,1,13,0
7,2871.14,2,2,0,12,0
10,2912.22,1,0,0,14,0
29,2908.76,0,1,0,14,1
25,303.04,4,1,0,13,0
54,1270.85,7,3,0,13,0
12,2327.08,4,1,0,14,0
27,2308.08,2,4,1,12,1
17,440.54,3,1,1,15,0
14,1906.57,4,4,1,11,0
13,600.03,4,2,0,18,0
14,1580.99,0,0,1,13,0
41,871.12,4,1,0,7,0
30,348.85,3,3,0,13,0
31,424.05,2,1,0,9,0
35,2750.5,4,1,1,12,0
53,2285.01,2,2,0,8,1
62,2809.11,3,5,1,12,0
38,1515.97,3,1,1,16,0
46,1357.22,4,0,1,14,0
53,1203.54,3,1,1,12,0
50,1925.66,6,1,1,9,0
10,1184.37,1,0,0,14,0
70,2289.57,1,0,1,17,0
12,2443.69,5,1,0,12,0
30,2652.36,4,1,1,15,0
47,879.84,4,2,1,19,0
29,1675.66,2,0,0,13,1
18,825.64,5,1,0,11,0
66,305.16,8,1,1,16,0
6,2181.91,7,0,1,20,0
18,1737.15,3,0,1,7,0
71,2227.0,2,0,0,15,0
52,445.34,0,0,1,14,0
7,2987.47,5,0,0,17,0
54,2984.18,4,3,0,15,0
69,1502.0,4,0,1,17,0
7,2624.96,3,1,1,14,0
30,881.99,2,2,1,12,0
34,2265.19,5,3,0,14,0
10,2661.83,5,0,1,12,0
15,2481.07,1,1,1,8,0
13,2472.97,3,1,1,13,1
14,1496.47,3,0,1,15,0
29,2495.97,2,2,1,12,0
33,2133.97,8,0,0,10,0
17,570.86,5,1,0,15,0
21,519.72,4,0,1,13,0
14,2361.38,3,1,0,10,0
57,1951.3,3,0,1,10,0
16,1654.25,3,1,0,8,0
65,2740.33,4,2,1,11,0
39,2046.85,3,0,0,15,0
57,1309.21,7,3,0,16,0
46,1359.01,3,1,0,13,0
19,1894.68,5,2,1,12,0
43,2328.77,1,3,1,10,0
20,1780.19,1,0,1,17,0
9,1624.53,6,2,0,9,0
19,2235.32,3,3,1,12,0
20,2174.74,3,1,0,16,1
10,2524.97,5,1,0,12,0
2,375.15,0,2,0,9,0
68,2313.87,1,1,1,15,0
37,1638.53,1,1,1,9,0
29,409.14,2,0,0,11,0
67,2101.23,1,1,1,12,0
16,2206.31,1,3,1,14,1
29,1666.16,3,0,0,13,0
61,2422.64,3,0,0,8,0
45,1040.69,5,0,0,10,0
29,765.34,1,2,0,8,0
19,1182.06,3,1,1,11,0
3,1348.14,3,1,0,13,0
7,2148.61,0,0,0,11,0
12,2567.46,5,0,1,14,1
56,2218.57,0,1,1,5,0
46,687.17,2,1,1,9,0
31,1225.41,2,0,0,7,0
56,643.56,4,2,1,13,0
12,2122.83,4,1,0,10,0
15,894.88,1,1,0,16,0
28,1671.08,2,1,1,11,0
66,2417.12,0,2,0,13,0
44,2078.63,5,1,0,15,0
61,1035.45,2,1,0,13,0
18,1132.03,5,3,0,14,0
61,2029.42,7,1,1,8,0
6,1738.51,3,0,1,16,0
17,469.9,2,3,0,9,1
38,2647.18,2,0,1,14,0
4,1635.32,2,0,1,8,0
61,1525.41,3,1,1,15,0
62,755.63,2,0,0,12,0
39,1255.58,3,0,0,12,0
22,1131.91,2,1,1,9,0
8,958.06,4,2,0,11,0
44,1788.74,7,3,0,12,0
39,1494.37,4,0,1,15,0
54,2689.75,2,0,0,13,0
43,2835.76,6,3,0,8,0
10,814.53,5,2,0,13,0
9,480.3,7,0,1,13,0
56,2398.95,4,1,0,14,0
12,2985.61,3,1,1,11,0
67,2618.08,6,1,0,7,0
8,266.35,3,3,1,10,0
52,903.54,2,2,1,15,0
70,321.36,3,1,0,10,0
32,2498.18,3,1,1,7,0
5,1827.94,3,2,1,10,0
63,1638.41,2,0,0,10,0
14,1752.46,2,0,0,8,0
38,906.86,4,0,1,16,0
70,1884.59,4,0,0,7,0
53,285.87,1,1,0,7,0
4,2008.83,1,3,1,13,0
59,2256.41,2,1,1,4,0
12,2084.47,3,0,0,11,0
54,1129.93,1,0,0,19,0
45,2513.54,4,0,0,12,0
21,2203.52,4,3,0,11,0
31,559.23,7,4,0,17,0
9,746.4,4,1,1,16,0
71,1983.9,2,0,1,6,0
17,1010.37,1,3,0,15,0
22,534.41,4,0,1,17,0
36,633.91,4,0,0,8,0
48,663.73,2,4,0,16,0
36,1537.81,1,1,1,15,0
36,1900.68,5,0,1,9,0
42,693.93,2,1,1,9,0
61,2194.99,5,2,0,11,0
29,986.84,2,2,1,11,0
60,1072.36,6,2,0,16,0
56,825.8,1,0,1,11,0
69,2398.58,1,0,1,8,0
65,2887.48,5,0,0,11,1
57,1579.0,4,1,1,19,0
18,317.69,2,2,1,11,1
55,929.59,2,1,0,10,0
53,642.54,5,1,1,12,0
21,2559.73,1,0,0,12,0
49,437.59,3,4,0,11,0
18,2906.13,2,0,1,9,0
38,1847.84,2,3,0,15,0
57,1649.67,6,1,1,10,0
14,2572.58,2,1,1,18,0
24,277.13,4,1,0,8,0
57,2376.03,1,2,1,12,0
33,526.49,4,1,0,13,0
69,2554.18,2,0,0,13,0
1,1681.69,2,3,0,10,1
52,371.16,0,1,1,16,0
58,2533.09,5,1,0,11,0
66,276.48,1,2,0,10,0
12,587.44,3,2,0,14,1
70,2433.91,2,2,0,5,0
28,1501.64,1,2,1,8,0
25,2667.89,2,0,1,12,0
26,1979.2,3,2,1,12,0
46,1945.88,2,2,0,10,0
47,1018.26,2,0,1,19,1
34,574.31,5,1,0,11,0
6,2891.28,3,1,0,14,0
71,493.43,2,0,1,9,0
16,1681.23,3,1,0,12,1
7,963.19,1,2,0,9,1
43,939.59,2,0,0,12,0
30,1864.84,4,0,1,6,0
44,2434.22,5,1,1,13,0
63,2376.1,4,0,1,15,0
7,2632.64,3,0,1,13,0
21,1020.13,5,1,1,14,0
37,1504.1,0,1,1,12,0
56,226.14,1,2,1,9,0
43,2291.2,3,1,1,17,0
28,1046.56,1,2,1,20,1
44,1772.18,4,2,0,18,0
70,674.04,7,1,1,10,0
35,2494.32,6,0,1,10,0
63,2488.36,3,1,1,8,0
56,2656.87,6,2,1,19,0
22,328.62,7,2,0,19,0
18,2978.88,5,2,1,13,0
55,893.78,4,2,1,14,1
15,1066.41,3,2,1,9,0
24,898.14,0,2,0,11,0
17,949.09,3,1,1,11,0
44,1747.45,4,0,0,14,0
21,871.47,3,1,0,18,0
47,1302.56,4,4,1,13,1
67,2035.7,3,1,1,12,0
59,2540.87,4,0,0,14,0
68,2139.68,2,0,1,14,0
2,1864.1,4,2,0,18,0
33,613.64,2,3,0,8,0
16,2485.12,2,1,1,19,0
66,304.37,2,2,0,12,0
51,939.74,4,1,0,8,0
23,359.76,0,1,1,12,0
41,2068.8,7,3,1,17,0
43,1231.44,8,3,0,12,0
36,2025.74,3,0,1,8,0
34,1171.69,4,0,0,7,0
4,1476.07,1,0,1,8,0
33,1482.29,3,1,1,8,0
25,327.63,2,2,0,11,0
59,1404.63,1,0,0,11,0
62,1994.98,4,1,1,10,0
54,1728.95,3,1,1,18,0
3,410.79,7,0,0,7,0
60,2070.56,2,0,1,10,0
29,1064.82,2,3,1,15,0
30,240.42,4,0,1,16,0
68,635.67,4,1,0,8,0
62,1593.17,3,1,1,11,0
4,1069.12,3,1,0,14,0
26,2144.27,4,1,1,18,0
54,873.83,5,0,0,14,0
39,2363.83,2,0,0,13,0
19,1002.14,3,0,1,13,0
38,1938.42,3,3,1,17,0
62,2437.81,7,2,0,12,0
16,1279.56,5,0,0,10,0
53,331.05,9,1,0,7,0
53,1699.25,4,0,0,14,0
63,2987.15,2,1,0,8,0
22,2913.18,1,1,0,14,0
16,818.86,2,2,1,10,1
39,2315.95,1,0,0,13,0
38,1165.87,0,2,1,13,0
30,648.76,4,1,0,8,0
56,2064.56,3,0,0,16,0
57,1602.43,2,1,1,17,0
18,1709.85,4,2,0,14,0
57,2516.7,5,0,1,12,0
17,1142.32,4,2,0,14,0
29,2067.87,4,0,1,13,0
2,1225.34,1,2,1,15,0
25,319.63,3,1,0,22,0
69,1258.44,2,0,1,15,0
32,2860.1,4,0,1,17,0
51,1553.13,4,1,1,15,0
8,503.05,5,1,1,11,0
46,2125.92,5,2,1,14,0
27,2897.46,0,0,1,7,1
53,2742.25,2,0,0,7,0
66,1801.49,2,1,1,19,0
38,1253.59,4,1,1,10,0
8,1825.9,3,2,0,16,1
34,2484.61,3,1,1,8,0
9,2611.46,1,1,1,14,0
32,2492.76,3,4,1,10,1
5,1475.33,3,1,1,13,0
46,532.8,4,1,0,16,0
23,1793.69,2,0,1,16,0
15,638.0,4,0,1,8,0
2,370.68,2,2,0,12,0
64,1596.27,2,0,1,11,0
60,2035.05,5,1,1,11,0
58,2591.61,3,0,0,8,1
5,2391.94,3,3,1,7,1
25,2600.27,1,3,0,9,1
69,2328.19,3,0,1,10,0
42,2169.07,4,1,1,19,0
10,228.39,5,0,1,10,1
11,1953.09,4,0,1,13,0
19,537.35,2,1,0,7,0
70,364.27,2,1,0,14,0
13,637.95,3,4,0,14,0
65,2505.22,3,0,1,8,0
49,2282.78,6,0,0,15,0
66,2856.56,2,1,0,6,0
59,2941.13,5,2,0,16,0
24,2701.2,0,3,0,11,1
59,572.19,7,0,1,11,0
13,2659.47,2,1,0,14,0
21,2548.18,1,2,0,11,0
16,2639.04,3,0,1,7,0
10,624.72,6,0,1,14,0
7,527.02,3,1,0,12,0
14,2786.66,6,0,0,6,0
9,686.71,2,1,1,15,0
28,1232.14,3,1,1,12,0
6,1476.76,5,1,0,8,0
5,548.44,1,1,0,13,1
71,257.78,0,2,0,12,0
7,2983.45,4,2,0,12,0
6,2654.64,5,0,0,9,0
3,2754.55,7,2,1,18,0
10,996.78,3,0,0,11,0
38,816.28,3,0,0,14,0
59,1392.43,2,1,0,8,0
53,1469.29,4,3,1,16,0
42,215.68,4,1,0,8,0
7,2381.91,3,0,1,14,0
55,2990.67,2,1,0,8,0
3,1680.33,1,0,1,11,0
45,1287.12,1,3,1,15,1
30,1299.71,2,2,1,9,0
63,469.02,4,1,1,11,0
22,945.25,9,2,0,9,0
46,1605.97,0,1,1,6,0
32,1409.17,1,4,0,10,1
38,1726.1,3,0,0,16,0
67,2577.38,4,2,1,14,0
51,830.68,5,1,0,10,0
30,277.46,4,0,0,12,0
32,307.03,5,3,0,12,0
51,575.67,5,1,1,10,0
25,1797.35,4,1,1,12,0
12,2462.92,4,1,0,13,0
34,2683.06,2,0,0,11,0
5,1978.32,6,1,0,10,0
13,1328.8,3,1,1,11,0
30,632.64,2,1,1,8,1
57,1323.97,1,2,0,14,0
56,1130.76,4,3,0,12,0
19,2636.07,1,3,1,9,0
30,1562.81,3,0,0,17,0
11,833.35,4,2,1,9,0
54,1008.64,2,2,1,11,0
18,582.12,4,1,0,9,0
57,2772.04,2,2,1,6,0
60,340.97,1,1,0,13,0
49,235.97,4,1,0,15,0
24,712.37,4,0,0,9,0
68,2470.45,2,1,0,15,0
49,1665.71,2,0,1,12,0
46,1952.36,3,1,0,7,0
61,1201.65,3,0,1,16,0
63,392.3,0,1,1,15,0
6,2597.24,3,1,0,8,0
63,737.3,2,1,1,14,0
55,292.57,1,1,0,11,0
15,1803.57,3,0,0,14,0
22,433.21,1,1,0,14,0
54,468.13,2,3,0,14,0
16,2441.06,3,1,0,15,0
33,1576.51,0,2,1,18,0
49,876.22,2,2,1,9,0
47,1176.15,1,2,0,8,1
65,2241.87,1,0,0,9,0
8,385.79,4,0,0,8,0
21,526.15,3,2,0,8,0
70,1925.53,0,2,1,11,0
41,1899.52,6,1,1,4,0
18,2922.89,3,0,1,16,0
21,1248.74,1,0,0,5,0
25,382.22,3,2,0,17,0
40,1705.1,3,1,0,11,0
21,1987.37,2,0,0,14,0
45,590.89,5,3,0,12,0
32,1748.01,4,0,0,13,0
44,753.75,3,1,1,10,0
12,2565.24,0,0,0,11,1
45,2538.45,2,2,1,13,0
66,1402.96,4,1,1,4,0
10,2906.88,3,1,1,10,1
24,2943.37,5,3,0,11,0
50,561.9,3,2,1,11,0
44,1229.6,3,0,1,14,0
48,1880.9,1,2,1,15,0
40,437.55,9,2,1,15,0
49,1271.44,3,2,1,9,1
44,931.28,1,2,1,10,0
6,2865.74,5,1,0,12,0
54,1352.44,5,2,0,14,0
32,2335.48,3,0,0,15,0
4,1282.78,3,1,0,10,0
30,569.07,4,4,0,12,0
31,2616.82,2,2,0,6,0
7,201.17,7,0,0,14,0
71,356.63,2,0,0,8,0
16,1220.28,5,4,1,9,0
24,2123.32,1,2,0,15,0
32,1156.77,2,1,1,10,1
60,385.68,5,0,1,7,0
53,1089.95,3,0,1,14,0
55,885.95,6,0,1,9,0
17,215.18,1,3,0,9,0
61,1697.45,1,1,1,8,1
59,526.61,3,1,0,3,0
33,1004.99,3,4,0,7,0
39,1995.33,6,1,1,7,0
3,2230.32,0,1,0,9,0
54,937.68,2,4,0,15,0
69,1121.74,4,0,0,15,0
34,891.35,2,1,1,3,0
39,2879.29,2,2,1,9,0
36,733.46,3,0,0,7,0
6,712.91,1,0,0,13,0
45,1446.1,3,1,1,7,0
52,730.06,5,1,0,8,1
66,638.78,3,2,0,6,0
67,468.46,3,1,0,8,0
35,1992.48,4,0,1,14,0
69,1913.83,2,1,1,8,0
38,2020.46,1,3,0,11,1
46,2365.24,0,2,0,12,1
43,1113.8,2,4,0,7,0
71,2771.59,1,3,0,14,0
53,2252.97,6,1,1,11,0
9,2453.18,2,0,1,12,0
6,2218.69,2,3,0,9,1
30,1203.68,1,2,1,11,0
37,992.49,2,3,0,19,0
48,1383.05,7,0,1,9,0
35,471.69,3,1,1,8,0
37,1463.59,3,2,1,18,1
66,320.79,5,0,0,12,0
24,211.05,2,2,1,8,1
36,2808.2,1,3,0,10,1
40,2130.14,4,1,1,11,0
34,1773.17,6,2,0,13,0
69,1155.09,1,1,0,10,0
69,1797.51,0,1,1,13,0
37,2696.41,3,1,1,19,0
32,2026.66,3,2,0,16,0
42,1886.95,4,1,0,7,0
13,1488.57,2,0,1,13,0
31,1167.95,1,0,0,12,0
16,2155.93,8,0,1,10,0
11,2946.75,5,2,0,13,0
7,1389.32,2,1,0,11,0
42,1298.17,7,3,0,10,0
1,1398.72,3,1,1,19,0
46,1391.52,2,1,1,11,0
31,2973.75,2,2,1,10,0
27,2178.98,7,2,1,14,0
55,1205.72,4,0,1,9,0
39,1240.21,4,1,0,8,0
53,1406.23,4,1,0,9,0
51,302.79,1,0,0,12,0
3,1677.89,3,2,1,12,0
16,2471.87,2,0,0,16,0
41,2049.59,5,0,0,16,0
70,755.58,4,0,1,13,0
11,2238.5,2,0,0,12,0
8,2214.48,4,2,0,12,0
67,935.11,4,0,0,11,0
69,1944.05,3,0,0,10,0
12,1910.66,5,1,1,11,0
29,2551.41,5,1,0,23,1
45,581.0,3,1,0,14,0
14,745.55,2,1,0,6,0
24,1560.71,5,1,1,15,0
29,323.61,6,2,1,16,0
46,1363.66,2,2,0,12,0
22,2407.01,0,2,1,12,1
30,616.4,1,1,0,8,0
21,1487.86,4,2,0,10,0
54,2971.35,2,1,0,9,0
11,1616.58,3,3,0,13,1
17,1595.31,3,2,0,13,1
18,1764.62,1,3,1,12,1
65,720.81,5,1,1,12,0
68,612.06,2,2,0,11,0
36,2096.59,2,0,1,9,0
12,1308.15,2,0,1,13,0
54,1011.74,4,0,0,7,0
35,287.9,6,1,1,8,0
61,2568.94,3,0,0,11,1
26,290.52,1,1,1,13,0
71,2299.95,7,1,0,16,0
58,1269.57,2,1,1,12,0
16,1876.33,6,3,1,11,0
52,893.5,5,0,0,5,0
21,635.12,3,3,0,8,0
25,1693.49,3,4,1,8,0
18,2147.73,4,0,1,12,0
49,747.38,4,2,0,16,0
19,1421.81,6,0,0,15,0
46,1445.03,3,1,0,11,0
42,804.74,2,2,0,10,0
54,1782.14,6,1,1,15,0
71,608.62,6,2,1,20,0
1,1627.3,2,0,0,9,0
71,517.61,1,1,1,8,0
8,1559.52,3,1,1,15,0
38,1072.48,2,0,0,14,0
25,1466.29,4,0,0,10,0
46,1414.5,1,2,0,11,0
52,2742.21,3,1,1,13,0
62,1571.82,4,3,0,8,0
29,2491.8,1,2,0,13,0
67,831.83,0,1,0,8,1
23,1185.83,2,0,1,7,0
15,410.25,0,2,1,8,1
27,1378.09,6,2,1,10,0
38,2072.36,2,3,1,12,0
48,2546.87,4,1,1,13,0
60,1784.56,5,1,0,8,0
16,1992.2,0,1,1,13,0
22,696.35,2,1,0,9,0
67,304.18,1,0,0,7,0
32,2416.73,1,1,1,16,0
18,667.71,3,1,0,17,0
70,455.27,3,5,1,12,0
32,2825.17,2,0,1,6,0
70,2897.86,4,2,1,13,0
66,1925.52,5,2,0,16,0
65,1260.18,1,2,1,11,0
42,2533.07,6,1,1,8,0
57,773.22,5,2,0,12,0
69,1402.3,1,2,1,8,0
20,1199.65,5,0,1,12,0
3,2755.56,2,1,1,16,0
23,2775.38,2,0,0,11,0
46,2022.48,4,3,0,15,0
39,510.07,2,0,1,11,0
6,1550.14,4,2,0,8,0
40,886.92,3,0,0,9,0
13,2677.76,3,1,1,7,0
36,587.53,3,1,1,15,0
41,352.07,4,3,1,13,0
46,2172.4,1,1,0,7,1
30,1469.2,3,0,1,18,0
29,2547.42,4,2,0,13,1
49,408.96,2,0,0,7,0
54,2443.01,4,1,0,9,0
58,304.54,3,2,0,16,0
24,278.6,2,3,1,19,0
31,1491.68,4,2,1,11,0
24,819.62,0,0,1,11,0
38,1862.41,4,0,1,14,0
10,272.29,4,1,0,16,0
31,299.09,3,1,0,9,0
14,2236.02,3,2,0,11,0
38,788.46,7,2,0,16,0
61,2037.97,5,1,0,13,0
70,2299.78,1,1,1,7,0
32,366.13,0,4,1,16,0
4,2355.31,4,3,0,12,0
17,951.58,2,0,1,9,1
8,1290.73,1,4,0,16,1
54,442.59,3,1,1,8,0
70,2548.16,4,0,1,12,0
40,1770.04,2,1,1,12,0
13,1613.06,4,1,1,12,0
2,2911.95,3,3,1,11,0
70,1136.62,4,3,0,11,0
23,2694.18,6,1,0,16,0
8,2215.13,4,0,0,9,0
13,2799.88,5,0,1,13,0
19,2741.85,1,1,0,13,0
47,2974.88,2,1,0,10,0
64,568.69,4,1,0,15,0
20,2428.85,0,4,1,10,0
49,2452.58,5,0,0,9,0
5,2004.25,6,2,1,9,0
1,980.81,3,0,1,10,0
4,2902.42,3,2,1,17,1
66,772.38,3,3,0,18,0
42,1598.81,5,1,0,8,0
58,1660.16,6,1,0,13,0
2,653.12,3,0,1,7,0
2,2223.08,3,0,1,11,1
61,448.83,2,1,1,8,0
8,2140.67,3,0,1,13,0
12,2576.12,3,1,1,13,0
37,1178.31,1,0,0,10,0
44,2186.38,2,3,0,15,1
17,638.97,1,1,0,11,0
32,2568.66,4,3,1,10,0
48,2865.69,3,0,1,10,0
32,627.54,3,2,0,6,0
28,2137.21,2,1,1,13,0
6,1616.33,2,1,1,8,0
33,1688.2,4,0,1,9,0
57,2178.17,3,1,1,11,0
45,1568.47,4,1,0,11,0
64,1880.91,1,2,1,20,0
9,846.52,1,1,1,11,0
1,1259.82,0,1,0,13,0
39,2622.67,0,1,1,7,0
13,507.73,3,0,1,13,0
43,1873.21,8,1,1,12,0
65,716.0,3,3,1,16,0
24,2570.31,2,2,1,8,1
40,1821.32,2,1,0,15,0
49,1328.54,3,1,0,15,0
11,899.51,1,4,1,11,1
64,1423.17,2,1,1,11,0
15,2881.31,3,1,1,12,0
58,1625.79,1,2,1,11,0
47,1514.57,6,1,0,17,0
11,2289.57,2,1,0,16,0
52,1261.33,3,3,1,14,0
14,1396.79,2,0,0,8,0
43,1143.45,4,1,0,10,0
69,622.58,1,0,1,16,0
68,2198.67,3,2,1,16,0
62,2644.49,3,3,1,18,0
36,2735.66,3,3,0,15,0
40,2666.25,3,2,0,15,1
22,1464.99,5,2,1,6,0
66,995.39,3,0,0,13,0
34,1986.19,3,0,0,11,0
55,2873.17,3,1,1,16,0
26,2235.74,1,1,1,10,0
53,1585.58,2,0,0,11,0
16,2128.66,4,2,1,7,0
53,2363.11,6,0,1,7,0
4,2773.95,3,0,1,11,0
8,2337.0,5,1,1,14,0
26,1412.93,3,2,0,11,0
35,966.1,5,1,0,11,0
51,1599.67,5,0,1,11,0
26,1118.9,2,1,0,18,0
2,2839.74,1,1,1,8,0
24,1622.3,5,1,1,11,0
32,1521.76,1,3,0,19,0
39,1174.95,3,2,0,10,0
46,1990.34,2,2,0,11,1
18,1656.14,4,2,1,9,0
44,561.34,0,2,0,13,0
45,2633.78,1,2,1,16,0
56,1205.24,1,0,1,15,0
38,1411.22,3,2,1,14,0
58,775.87,3,1,0,13,0
16,1749.51,3,1,0,12,0
51,2165.75,3,1,1,19,0
4,2667.26,2,2,0,12,0
8,344.5,6,1,1,11,0
62,2925.33,1,2,0,18,0
34,2170.69,3,1,0,9,0
45,996.04,2,0,0,15,0
43,772.53,4,2,0,12,0
50,1029.05,5,1,0,8,0
18,2652.03,2,0,0,18,0
13,1015.89,2,2,0,5,1
4,1495.9,3,5,0,15,0
62,2176.07,1,2,0,12,0
16,2641.57,5,0,0,12,0
41,2044.0,1,0,1,16,0
33,2308.71,4,2,1,17,0
12,685.32,4,2,1,11,0
30,2656.74,5,1,1,14,0
6,972.01,2,0,1,16,0
13,559.46,3,2,0,16,0
10,2933.48,2,1,1,14,0
59,764.59,7,3,0,7,0
41,582.63,3,1,1,9,0
66,1952.86,5,1,1,9,0
31,1092.82,3,1,1,13,0
15,573.38,2,0,1,14,0
44,1883.14,2,3,1,12,0
66,2325.16,4,1,1,11,0
38,2420.96,8,1,1,13,0
2,635.44,7,1,1,12,0
22,1759.23,3,1,0,4,0
66,2478.3,6,2,0,17,0
37,651.04,1,1,1,21,0
68,781.51,4,2,1,11,0
37,206.75,5,2,1,14,0
1,1668.98,4,1,0,20,0
62,745.11,3,0,1,10,0
55,2227.88,0,0,0,11,0
51,2894.2,1,2,0,15,0
69,784.52,1,0,1,14,0
14,2017.47,3,2,0,12,0
65,793.14,3,4,1,11,1
17,250.42,4,0,0,16,0
69,2323.95,3,1,1,12,0
14,1415.21,3,0,0,9,0
40,2851.0,3,1,1,16,0
57,1696.0,2,1,1,11,0
6,640.95,2,2,1,12,0
5,1459.37,0,1,0,7,0
61,768.1,4,3,0,14,0
5,2658.48,2,0,1,9,0
44,2134.53,4,0,0,21,0
67,1155.47,1,1,1,10,0
44,1677.9,3,2,1,12,0
35,2074.54,2,0,1,9,0
30,2392.0,3,1,0,12,0
46,424.41,2,1,1,11,0
41,263.05,1,1,0,12,0
36,520.47,1,1,0,9,0
11,1305.99,4,2,0,16,1
48,1506.78,8,2,0,16,0
53,582.09,2,3,1,6,0
51,1351.23,4,1,0,11,0
6,1436.54,4,0,1,10,0
50,505.45,0,1,0,14,1
52,2766.65,1,0,1,17,0
14,1877.61,4,1,0,12,0
61,1287.9,2,2,1,11,0
38,1619.34,3,1,0,14,0
34,1079.75,3,2,1,17,0
52,2592.13,0,0,0,18,0
37,1810.04,4,2,0,13,0
39,1585.71,7,0,1,18,0
23,2750.48,0,1,1,18,0
66,2546.34,3,3,1,10,0
69,2475.85,0,0,1,16,0
10,831.71,4,2,0,9,1
53,628.74,0,1,1,14,0
2,2132.27,1,3,1,12,1
27,1512.2,3,2,0,23,0
69,2114.4,2,1,0,10,1
13,2329.76,3,1,1,14,1
27,1026.88,3,0,0,11,0
16,997.02,2,1,1,11,0
52,1574.33,3,0,0,14,0
33,965.94,0,1,0,13,0
43,2068.43,3,1,0,6,0
67,2290.85,3,3,1,14,0
37,1521.71,5,1,1,7,0
53,2226.64,4,0,0,8,0
7,1629.23,3,1,1,7,0
16,2196.04,1,1,1,8,0
68,829.91,2,2,0,12,0
62,2268.76,5,1,0,13,0
47,2202.35,2,0,1,19,0
27,946.5,2,4,1,10,1
15,1756.72,2,2,0,10,0
61,2594.87,2,1,1,8,0
56,898.66,3,1,1,16,0
18,2260.74,5,1,1,14,0
42,2871.11,4,4,0,14,0
44,2625.48,1,3,0,9,0
34,1324.26,1,2,1,11,0
66,1900.18,4,0,1,10,0
9,2976.96,5,2,1,11,0
19,1791.62,7,3,1,18,0
7,522.08,0,0,0,14,0
50,327.21,8,1,1,15,0
46,2412.88,3,2,1,17,0
71,1386.16,3,2,0,10,0
39,891.08,3,0,0,19,0
11,1173.48,3,2,1,11,0
33,2320.64,2,0,0,9,0
7,1502.69,0,1,1,10,0
48,2631.8,1,0,0,10,0
48,2257.79,5,1,1,12,0
61,2927.24,2,2,1,16,0
25,2687.81,2,1,0,13,0
23,912.73,2,0,0,15,0
6,2045.37,0,1,1,9,0
30,257.52,3,2,1,17,0
34,2975.1,3,2,0,11,0
54,930.82,3,1,1,9,0
54,2061.43,6,4,1,7,0
10,2577.63,2,1,0,6,0
21,649.3,4,1,1,8,0
37,2574.06,8,0,0,12,0
24,234.29,1,1,0,4,0
2,1437.54,3,1,0,10,0
61,1521.71,1,2,0,16,0
52,1247.45,2,2,1,8,0
37,1841.88,3,1,1,14,0
23,2761.56,4,0,1,9,0
60,1115.57,2,0,0,14,0
3,1821.93,4,1,0,14,0
32,2656.9,1,2,1,10,0
57,2364.39,4,1,0,14,0
68,314.05,6,2,0,10,0
18,2839.81,1,2,0,17,0
47,330.61,4,1,0,12,0
14,1848.52,1,2,0,6,0
9,1810.99,5,0,1,11,0
26,2401.89,1,2,0,22,0
63,615.64,1,0,1,11,0
49,702.24,3,1,0,9,0
35,2305.9,6,0,0,8,0
21,618.61,3,2,1,15,1
11,1514.45,4,1,0,11,0
20,2248.61,2,0,0,19,0
11,2023.48,2,0,1,16,0
14,789.69,6,2,0,9,1
49,1051.09,1,1,1,12,0
10,2913.13,5,0,1,10,0
4,1456.28,4,0,1,10,0
39,324.48,1,2,1,14,0
21,814.84,3,0,1,15,0
33,1158.82,4,2,1,9,0
10,2998.57,3,3,0,10,0
15,1047.54,3,0,0,12,0
32,273.91,1,1,1,18,0
49,1636.18,5,1,1,13,0
30,434.1,2,3,1,15,0
39,967.39,3,1,1,10,0
38,2978.67,2,0,1,6,0
20,2172.99,3,1,1,12,0
20,341.87,2,1,0,3,0
31,1456.32,1,1,0,13,0
3,680.59,1,2,0,12,0
49,544.25,2,1,1,19,0
44,1843.78,2,2,1,16,0
22,1615.84,4,1,1,14,0
27,2280.03,2,3,1,13,1
24,2698.46,1,2,0,7,0
47,890.71,1,1,1,13,0
54,2784.38,4,0,0,7,0
8,1650.38,2,0,0,9,0
30,924.74,3,2,1,19,0
1,2568.2,2,0,1,9,0
33,299.48,3,1,1,9,1
18,1766.63,2,1,0,5,0
24,2220.54,4,1,1,9,0
33,983.94,2,1,0,13,0
23,2617.78,5,2,0,9,0
28,872.8,2,0,0,7,0
55,2551.65,0,1,0,17,0
58,419.93,5,2,0,14,0
1,647.8,4,1,0,12,0
27,1266.76,2,1,1,13,1
61,2591.36,2,0,0,12,0
38,604.84,3,0,0,10,0
15,2651.23,5,1,1,5,0
43,843.25,6,1,1,10,0
11,1467.02,5,1,0,11,0
2,1187.66,7,0,0,15,0
45,530.75,2,0,0,16,0
37,2844.07,4,1,0,12,0
54,1426.9,2,1,0,9,0
25,2132.93,5,2,1,19,0
61,1810.75,1,1,0,9,0
30,1604.8,1,1,1,16,0
53,1926.42,5,1,0,7,0
8,2715.36,7,0,0,10,0
7,2158.07,3,0,0,12,0
56,1690.94,4,0,1,17,0
60,2006.52,8,1,1,9,0
67,1897.9,4,0,0,10,0
24,1412.74,2,1,0,11,0
2,1949.34,2,0,0,10,1
70,1442.0,2,0,0,9,0
43,2321.32,1,2,0,13,1
18,2912.95,1,0,1,9,0
55,2887.62,4,1,1,8,0
65,2498.06,2,2,0,18,0
21,1884.92,6,3,0,12,1
55,2298.13,3,1,0,16,0
56,698.54,3,0,1,8,0
36,1541.25,2,1,1,10,0
45,920.45,5,0,1,12,0
20,209.79,3,0,1,9,0
66,2906.87,6,3,0,12,0
70,2618.78,3,0,0,11,0
70,1638.36,3,3,1,12,0
53,911.63,2,0,0,10,0
4,2140.33,6,4,0,16,0
27,1417.44,4,2,1,11,0
32,2449.38,3,0,1,12,0
69,2998.65,3,4,0,17,1
39,1177.43,4,1,1,9,0
39,884.33,3,0,0,12,0
11,948.67,0,0,0,18,0
57,461.37,4,5,1,8,0
24,1303.33,3,1,0,11,0
7,248.79,2,2,0,14,0
71,520.31,3,0,1,19,0
14,960.75,2,2,1,14,0
2,647.62,1,2,0,13,0
6,2250.05,2,1,0,14,0
33,495.69,2,2,1,11,0
8,2624.78,4,1,1,10,0
60,819.12,3,3,0,13,1
37,504.05,2,0,0,12,0
23,228.3,3,1,0,12,0
1,2202.57,3,2,0,11,0
35,918.53,4,1,0,21,0
11,1626.6,1,2,0,17,0
70,512.52,6,0,0,10,0
21,2958.83,4,0,0,11,0
34,551.08,3,1,1,13,0
2,1353.39,2,3,0,8,1
10,2584.62,1,2,0,12,0
15,885.68,2,2,0,13,0
4,947.52,2,0,1,13,0
52,2463.8,3,3,1,13,0
68,965.35,4,1,0,18,0
70,208.04,1,2,1,16,0
19,1398.16,2,3,0,10,0
57,235.1,1,0,0,13,0
36,2747.42,2,1,0,15,0
4,1997.08,6,0,1,14,0
7,1832.44,3,2,1,5,0
39,764.45,3,0,0,8,0
31,2159.85,3,0,1,12,0
1,2096.31,4,2,0,15,0
67,369.3,1,2,0,6,0
52,2666.37,2,0,1,11,1
36,1822.36,4,5,1,11,0
71,2418.91,2,2,0,10,0
69,936.16,1,1,0,12,0
70,541.73,5,1,1,8,0
19,2166.86,2,1,1,12,0
63,2422.87,4,1,0,13,0
36,1280.89,4,0,0,9,0
52,266.34,3,3,1,12,0
62,2491.11,3,2,1,13,0
12,777.06,1,0,0,13,0
32,1149.29,4,0,0,19,0
10,1959.05,3,0,1,17,0
20,479.87,1,1,1,11,0
30,401.59,2,1,0,14,0
61,271.97,1,2,1,14,0
62,2766.59,6,0,1,12,0
28,1071.87,2,0,1,15,0
24,2049.84,3,1,1,15,0
38,2969.86,4,1,0,9,1
65,2074.46,1,0,0,12,0
70,1670.27,1,0,1,15,0
17,1658.58,5,2,1,10,0
14,1255.37,4,0,0,14,0
51,1879.38,3,2,0,12,0
22,2884.62,0,1,0,14,0
15,2406.52,6,1,0,9,0
3,1387.83,4,0,1,13,0
29,1130.85,2,0,0,18,0
28,2673.89,5,3,1,14,0
40,580.2,2,0,0,15,0
15,2578.84,2,1,0,13,0
51,914.21,3,0,1,8,0
49,2203.76,1,1,1,7,0
33,2457.42,5,4,0,14,0
13,1535.59,2,5,1,9,1
36,738.4,1,1,1,11,1
48,2565.35,1,2,1,11,0
27,1229.02,6,1,0,11,0
19,1097.9,4,1,0,10,0
36,1628.05,2,1,1,13,0
26,1418.24,3,2,0,8,0
29,2112.55,3,2,1,13,0
25,584.15,1,0,0,15,0
22,1419.93,5,0,1,10,0
51,2696.77,4,3,0,13,0
33,300.98,4,1,0,11,0
34,1480.55,2,1,1,10,1
47,2049.49,5,0,0,15,1
26,2685.59,4,2,0,11,0
8,1862.6,2,2,0,12,0
61,2508.56,2,0,0,12,0
4,823.53,3,1,0,11,0
41,1187.87,2,2,1,9,0
19,2837.97,2,0,0,11,0
16,2680.73,2,1,0,9,0
3,1762.27,1,0,1,16,0
64,1531.37,3,1,1,9,0
31,1462.99,2,2,0,18,0
25,364.61,1,1,1,15,0
53,2698.66,1,1,1,14,0
3,2490.82,4,3,1,10,1
41,1477.5,3,0,1,8,0
36,982.43,2,2,0,8,0
40,1160.18,1,0,0,3,0
9,544.85,3,1,0,9,1
68,2221.01,6,1,0,10,0
17,1758.68,6,0,1,10,0
49,855.49,3,2,0,20,0
54,1944.42,3,0,1,13,1
25,2941.84,1,2,0,7,0
10,542.71,2,0,1,13,0
22,1483.76,2,1,0,10,0
58,1583.64,1,1,1,7,0
65,667.03,9,1,0,8,0
67,1688.42,5,1,0,14,0
17,1896.74,2,0,0,12,0
44,640.56,1,1,1,10,0
11,633.23,2,0,0,12,0
51,2597.78,3,3,0,10,0
30,1071.88,5,3,0,10,0
51,1964.93,5,1,0,12,0
49,1954.96,2,1,1,12,0
71,2549.68,3,2,0,14,0
35,2271.7,2,2,1,11,0
25,2553.61,3,1,1,14,0
38,1950.6,2,0,1,14,0
12,1458.48,7,1,1,9,0
8,1301.99,7,0,1,13,1
37,1261.28,5,0,1,9,0
59,1371.5,5,0,1,14,0
38,562.07,4,2,1,12,0
56,1387.08,4,2,0,9,0
13,1290.45,3,1,1,10,0
32,296.8,4,2,0,14,0
44,970.37,3,3,1,9,0
25,2305.34,2,1,0,13,0
2,1818.25,3,1,1,10,0
6,2457.27,3,4,0,14,1
66,1719.53,3,2,0,13,0
43,2591.43,4,2,0,16,0
19,2428.99,0,1,1,14,0
19,475.2,3,0,1,11,0
3,2935.62,2,0,1,15,1
68,241.29,3,1,1,9,0
8,1871.15,4,1,0,9,0
54,2419.03,0,0,0,13,0
18,1129.3,2,1,0,12,0
24,1876.0,7,2,0,7,0
20,1213.94,1,2,0,19,1
59,369.72,2,1,1,16,0
3,223.69,3,1,0,11,0
26,465.61,1,3,0,11,0
20,475.55,2,0,1,12,0
20,1910.49,4,2,0,15,0
14,1672.42,2,1,1,11,0
65,1475.3,2,3,0,10,0
27,2137.38,2,1,1,13,0
30,247.11,1,0,0,9,0
28,958.75,5,0,1,12,0
70,2376.7,3,0,1,11,0
25,2747.94,3,0,1,9,0
25,1427.34,3,1,1,9,0
24,428.16,4,0,1,14,0
24,2436.44,6,2,0,13,0
7,2678.48,3,5,1,13,0
43,1358.25,1,1,0,12,1
2,881.39,3,0,0,12,0
17,323.12,5,2,1,11,1
15,1855.03,1,0,0,14,0
21,2747.63,4,3,1,14,0
54,2098.09,4,0,0,6,0
43,1088.3,4,0,0,12,0
71,2000.09,1,2,1,11,0
25,2529.79,3,1,1,12,0
66,1532.32,3,0,0,18,0
4,2495.3,2,1,0,9,1
36,1297.35,3,2,1,10,0
57,1175.82,7,1,0,9,0
38,1832.37,3,1,1,11,0
67,1501.12,2,0,0,10,0
23,2935.91,1,0,1,11,0
3,1645.89,5,0,0,12,0
55,1278.48,4,3,0,5,0
5,1305.81,3,2,1,9,0
55,1734.23,4,2,1,10,1
53,1193.75,2,1,0,9,0
60,2224.14,1,0,1,17,0
35,1265.86,2,2,0,14,0
64,1275.6,2,0,1,13,0
13,1927.53,2,0,0,10,1
31,370.37,1,1,1,15,0
9,2034.99,2,0,0,10,1
55,1613.92,3,1,0,12,0
51,1468.47,2,0,0,13,0
58,2213.91,0,0,1,11,0
55,2323.12,2,0,1,12,0
22,2569.53,4,1,0,13,0
5,1249.45,4,2,0,13,0
66,1115.71,2,0,0,15,0
35,2200.16,7,0,0,10,0
7,1829.05,1,5,0,11,0
66,1969.04,3,0,0,10,0
71,1755.46,0,3,0,15,1
32,2363.54,3,3,1,13,1
55,732.11,2,1,0,10,0
3,1755.99,3,3,0,10,1
7,642.69,4,1,0,8,1
20,1340.31,2,4,1,7,1
47,2059.18,3,1,0,8,1
10,1580.6,2,0,0,16,0
3,1262.86,2,0,0,7,0
48,2677.92,2,1,0,16,0
55,2363.91,4,1,1,19,0
53,1673.61,5,0,1,12,0
57,2860.15,4,0,1,7,0
58,1388.22,5,0,0,10,0
43,2406.6,2,0,1,15,0
37,670.22,4,2,1,11,0
61,1000.22,1,3,1,18,0
25,1146.64,2,1,1,12,0
7,496.3,4,0,1,12,0
54,1605.05,3,0,0,11,0
20,738.33,7,3,0,12,0
70,1975.72,0,1,1,6,0
30,732.26,4,2,1,9,0
61,545.82,1,1,1,16,0
4,2913.44,4,3,0,15,1
47,2043.07,2,3,1,12,0
32,2822.06,3,2,0,10,0
33,1571.69,1,1,0,11,0
19,293.53,3,0,1,12,0
69,1808.24,2,1,1,12,0
28,1763.32,1,0,0,8,0
61,241.93,0,2,0,11,0
31,2611.48,1,0,0,16,0
4,1935.92,3,0,0,8,0
63,2285.14,1,0,1,10,0
14,1582.98,2,3,1,11,0
20,1931.53,0,3,1,13,1
62,920.92,8,3,1,9,0
64,2926.52,1,2,0,16,0
66,1322.02,1,1,1,14,0
31,654.51,1,2,1,11,0
54,356.56,2,2,1,12,0
24,1981.28,5,1,1,8,0
53,2953.46,2,1,0,15,0
36,2708.22,2,0,1,16,1
4,2165.89,3,1,0,9,0
30,2973.67,4,3,0,14,0
34,2223.92,5,0,1,11,0
19,1149.9,5,1,1,19,0
27,1883.41,4,0,0,7,0
36,423.35,0,1,1,11,0
4,820.71,3,1,1,12,0
11,1369.11,1,0,1,9,0
55,765.09,2,1,0,19,0
25,2869.8,7,5,0,4,1
44,2987.67,4,1,0,19,0
41,1238.62,2,1,1,16,0
40,2185.84,3,3,1,7,0
30,1341.76,6,1,0,12,0
35,590.63,3,1,0,16,0
59,1143.4,1,0,1,15,0
69,853.44,2,2,1,7,0
19,1118.62,4,0,1,13,0
48,802.06,1,3,0,13,0
69,514.57,2,0,1,11,0
1,808.8,2,3,0,6,0
56,2736.12,5,1,0,12,0
36,438.62,0,1,1,13,0
69,1109.32,3,2,0,7,0
42,1679.66,3,1,0,14,0
60,1192.64,3,3,1,14,0
12,1649.3,2,0,1,10,0
11,321.58,2,2,1,12,0
66,2015.99,3,0,1,17,0
38,1777.74,3,0,1,9,0
40,2106.71,0,2,1,10,0
13,1788.32,4,0,0,9,0
17,1426.13,3,1,0,12,0
59,1180.4,0,0,0,15,0
22,834.02,3,1,1,12,0
42,1600.19,4,0,0,17,0
23,272.95,2,0,1,20,0
19,1119.07,5,0,1,7,0
12,2098.04,4,0,0,19,0
67,504.41,3,0,0,11,0
67,376.1,1,0,1,13,0
9,2026.1,5,2,0,13,1
26,1313.77,3,1,0,11,0
41,2445.11,6,1,0,12,0
28,2824.47,5,0,0,14,0
52,2879.71,3,1,1,11,0
19,1391.66,3,0,0,4,0
5,940.12,3,1,1,10,0
24,1904.12,1,0,0,12,0
43,1958.94,0,0,0,5,0
13,1942.57,4,1,1,10,0
58,1100.98,5,0,1,10,0
1,378.5,1,1,0,8,0
5,788.01,2,1,1,17,0
37,632.37,2,0,1,8,0
37,546.92,3,3,0,11,0
21,2793.59,0,2,1,14,0
19,238.77,3,3,0,9,0
5,1885.2,3,5,1,11,1
48,2852.93,0,3,0,14,0
27,1208.15,4,2,0,11,0
9,1675.87,2,3,1,12,0
29,2148.19,3,1,0,17,0
67,1088.08,2,3,0,10,0
19,1537.43,3,1,0,12,0
64,2487.89,3,2,1,9,1
19,2287.0,0,2,0,8,1
14,2463.66,3,3,1,16,0
19,2964.55,3,2,0,14,0
23,1236.92,5,0,1,13,0
9,2291.86,4,0,1,17,0
42,1887.8,3,1,1,14,0
24,2066.49,4,0,0,19,0
51,2271.65,4,1,0,11,0
35,2299.25,6,0,1,9,0
32,2680.09,0,0,1,11,1
34,1178.1,0,0,0,14,0
12,2029.75,2,0,0,9,0
51,984.81,3,1,0,17,0
8,1864.79,8,1,0,11,0
52,2303.29,6,3,0,15,0
71,2414.8,2,1,1,3,0
55,1376.35,4,1,1,12,0
33,1624.42,6,1,0,21,0
23,1134.78,1,2,0,11,0
62,673.3,2,2,1,9,0
19,929.45,2,0,1,6,0
35,2753.98,4,1,1,15,0
55,1065.11,4,1,1,14,0
66,2929.33,2,2,1,4,0
66,876.14,2,3,0,11,0
7,2224.6,3,2,1,8,0
64,1806.93,4,1,1,20,0
9,2151.24,7,2,1,8,0
42,2003.08,5,1,1,11,0
67,2178.9,2,1,0,12,0
47,2735.53,4,2,1,9,0
68,1777.71,2,2,1,15,0
25,389.98,4,2,1,15,0
23,958.31,2,2,0,14,0
24,2183.01,2,1,1,8,0
26,1583.41,6,0,0,10,0
49,1735.95,1,1,1,13,0
33,1870.43,1,2,0,10,1
53,1271.36,3,0,0,9,0
30,2366.91,2,1,0,18,0
22,2225.9,2,1,1,15,0
14,2200.04,6,1,0,14,1
40,2202.87,3,1,1,17,0
64,2693.0,4,2,1,10,0
61,1867.1,5,4,1,13,0
18,2907.8,9,3,1,11,1
34,533.74,4,1,1,12,0
51,1969.49,2,1,1,9,0
44,2207.39,2,0,0,15,0
5,1536.22,2,0,1,6,1
42,1006.98,4,3,1,15,1
3,1740.1,1,0,1,11,0
9,1221.29,1,0,1,14,0
47,2745.55,2,0,1,12,0
8,1199.02,4,1,1,11,0
25,691.98,1,0,1,13,0
42,1813.89,0,0,0,15,0
47,1308.78,2,1,0,15,0
32,468.51,3,1,0,7,0
7,1781.56,3,0,0,19,0
57,1705.97,1,0,1,8,0
68,684.95,3,2,0,20,0
64,1873.39,4,3,1,10,0
54,1788.61,2,2,0,7,0
29,2366.12,1,1,1,10,0
63,1212.4,2,1,1,19,0
35,896.53,1,1,0,11,0
10,2863.42,0,1,1,11,1
61,1771.41,2,2,1,14,0
23,275.99,5,0,1,14,0
67,2497.99,0,1,0,17,0
27,750.92,0,0,0,9,0
62,2400.9,3,0,1,9,0
39,2174.45,5,0,1,13,0
34,2912.68,6,0,0,15,0
22,2903.62,2,1,0,17,0
60,968.35,3,1,1,16,0
5,2346.06,2,3,0,11,0
34,1087.19,1,1,1,8,0
27,1961.75,2,1,1,15,0
39,1873.69,1,1,0,16,0
19,352.72,1,4,0,10,0
48,214.51,0,1,1,15,0
28,361.74,3,1,1,8,0
14,558.24,3,1,1,11,0
14,921.43,2,0,0,11,0
50,2739.47,1,0,1,11,0
19,1652.17,2,1,1,13,0
22,2431.3,1,1,1,9,0
45,2547.27,2,3,1,13,0
24,2257.84,4,1,1,10,0
28,1295.88,1,2,1,13,1
18,2618.81,2,1,1,10,0
25,2277.74,2,3,1,12,1
50,2280.82,2,1,0,13,0
38,2724.41,2,2,1,15,0
71,1876.26,3,1,1,9,0
55,1680.01,5,1,1,14,0
2,2692.46,3,0,1,11,0
27,1472.49,4,2,1,14,0
21,2472.4,2,0,1,13,0
42,350.77,3,0,1,8,0
19,203.61,2,3,0,11,0
69,1679.22,7,0,0,14,0
22,406.11,8,0,0,15,0
38,2934.32,1,1,1,8,0
9,215.4,2,1,1,14,0
65,2210.82,1,3,0,10,0
65,881.48,2,2,0,15,0
57,2909.15,3,0,0,9,0
25,1268.32,5,0,0,16,0
5,276.39,3,3,1,16,0
51,275.42,4,0,0,16,0
31,1749.45,4,1,1,20,0
71,2962.79,3,0,0,10,0
50,2943.37,3,0,1,10,0
39,1144.36,8,3,0,10,0
71,1551.57,2,3,1,10,0
57,481.28,5,0,1,17,0
33,1662.1,2,0,0,17,0
2,1879.16,3,1,1,6,1
7,902.97,6,1,1,15,0
32,1913.92,4,4,0,9,1
40,2719.14,3,0,1,10,0
3,202.67,2,2,1,13,0
9,841.01,1,2,0,13,0
51,787.77,0,2,1,8,0
54,546.88,3,1,1,17,0
3,665.08,3,2,1,8,0
37,1952.56,2,3,0,12,0
6,487.54,6,0,1,7,0
52,2267.89,4,1,1,4,0
60,2683.66,2,0,1,5,0
62,2794.45,4,0,0,10,0
43,2048.49,0,1,1,10,0
45,752.71,1,1,0,16,0
66,438.83,2,0,0,14,0
44,849.67,5,1,1,13,0
32,2893.48,3,0,1,11,0
54,2894.57,2,0,0,10,0
42,1269.37,0,0,0,10,0
60,1112.22,2,1,0,12,0
38,1628.03,3,1,0,13,1
62,1016.73,4,1,0,15,0
4,2943.05,2,3,1,11,1
3,819.42,7,0,1,11,0
8,1233.6,3,1,1,14,0
40,1402.24,1,2,0,13,0
51,550.18,5,4,1,13,0
16,1271.91,5,2,1,9,0
12,2598.85,7,3,1,14,0
62,593.01,2,1,0,16,0
54,1835.26,0,2,0,7,0
47,1338.58,3,2,1,9,0
35,677.5,2,1,1,11,0
30,234.54,5,2,1,9,0
2,965.36,1,1,1,8,0
14,373.12,6,0,1,12,0
64,1254.95,5,2,0,12,0
25,2468.59,5,1,0,15,0
51,2215.12,4,1,0,14,0
50,2852.67,4,0,0,11,0
22,1395.64,1,0,0,15,0
15,2181.84,2,2,1,11,1
50,2062.96,5,0,0,8,0
7,807.73,4,1,0,11,0
36,1050.03,3,1,0,17,0
64,1683.52,3,2,0,9,0
51,2430.64,2,1,1,18,0
55,1493.08,4,0,1,19,0
6,837.68,3,2,0,15,0
15,2981.7,6,1,0,13,0
20,523.62,2,1,1,14,0
21,2876.49,4,0,0,16,0
14,2465.33,1,1,0,12,0
70,2548.9,5,1,0,7,1
12,2425.77,1,2,1,7,1
51,782.88,3,2,0,9,0
42,1971.23,4,0,0,14,0
44,2318.9,2,1,1,18,0
16,2287.92,2,0,0,16,1
22,960.38,4,2,0,6,0
44,707.13,5,1,1,11,0
22,1118.74,2,3,0,11,0
50,1543.56,2,0,0,4,0
3,1806.59,4,1,0,19,0
6,2543.46,4,0,1,8,0
52,2353.3,1,0,0,9,0
44,2093.22,6,3,0,21,0
4,937.77,3,2,1,9,0
64,1540.87,2,2,0,12,0
1,1139.22,9,2,1,12,0
68,857.8,5,3,0,15,0
52,228.69,4,4,1,8,0
71,1150.49,1,2,0,13,0
68,917.13,2,1,1,13,0
23,1801.33,4,3,0,13,0
54,374.44,5,4,0,12,0
15,957.45,5,1,1,15,0
34,325.35,3,1,0,21,0
18,1995.97,0,1,1,9,0
35,1790.93,1,2,1,16,0
62,1144.94,2,0,0,10,0
31,612.54,1,1,1,11,0
7,2882.18,4,3,0,12,0
24,1836.3,0,2,0,11,1
56,2101.52,2,1,1,8,0
38,1687.78,2,1,1,12,0
40,2458.29,4,1,1,5,0
31,2709.86,4,2,1,12,0
21,1271.59,2,0,1,15,0
43,2132.07,0,1,1,16,1
45,843.68,4,3,0,12,1
64,2025.19,3,1,1,7,0
44,1317.64,3,1,0,11,0
71,218.99,3,1,1,14,0
59,2875.48,3,3,1,9,0
6,2631.64,2,3,0,12,0
28,1014.34,3,1,1,12,0
28,2993.72,2,1,0,17,0
1,1087.96,2,0,0,9,1
13,1484.76,2,0,1,14,0
55,2583.53,4,1,0,6,0
26,1052.87,1,1,1,11,0
11,1461.51,0,3,0,9,0
21,2063.64,3,0,1,12,0
20,565.31,3,0,0,10,0
13,1382.58,2,1,0,24,0
8,1066.35,3,2,1,9,0
55,2094.97,5,3,0,8,0
59,580.71,4,0,1,14,0
36,851.65,1,1,1,9,0
44,2191.85,4,2,1,9,0
66,637.43,2,0,0,11,1
60,1381.65,3,0,0,16,0
3,2196.07,0,1,1,20,0
68,2343.31,2,2,0,13,0
5,465.67,1,1,0,8,0
2,2585.59,3,1,0,13,0
29,2227.12,3,0,1,11,0
53,1150.02,3,0,0,15,0
6,2338.65,2,3,0,14,0
21,2239.24,5,2,0,10,0
19,1882.5,7,1,1,12,0
29,1763.75,5,2,0,12,0
71,2257.17,2,1,0,8,0
24,2997.93,2,2,0,16,0
15,1819.95,5,0,1,9,0
9,2464.41,5,2,0,16,0
15,2283.97,3,1,0,14,0
10,2596.26,4,0,0,9,0
41,2872.67,4,3,1,15,0
30,740.63,3,1,1,21,0
36,663.29,3,0,1,8,0
60,1841.79,3,1,0,8,0
42,1458.03,2,0,0,14,0
12,1798.02,2,1,0,9,0
27,2434.52,4,1,0,13,0
23,2808.8,4,1,1,13,0
59,1368.76,4,1,1,9,0
22,2210.21,2,2,1,13,0
10,751.04,1,1,1,12,0
53,1696.75,3,2,1,7,0
31,261.05,1,2,0,10,0
7,1610.5,5,0,1,15,0
49,1726.94,5,0,0,15,0
15,2259.25,6,3,0,13,1
62,2018.56,2,1,1,8,0
60,1203.51,1,1,0,14,0
27,216.05,3,0,1,16,0
40,523.36,3,2,1,11,0
41,2924.57,2,1,1,10,0
47,2782.53,5,2,1,7,0
5,1110.26,0,1,0,10,0
24,924.79,1,0,0,10,1
13,1421.97,0,2,0,15,1
50,2131.83,3,0,1,14,0
5,1199.12,4,0,0,12,0
37,388.42,1,1,1,12,0
52,1327.83,4,0,0,10,0
68,929.65,3,3,0,10,0
21,1109.8,2,0,1,8,0
1,656.28,1,2,1,14,0
52,2044.75,7,0,0,9,0
1,1674.57,6,2,0,19,0
5,958.42,4,1,0,11,0
71,1750.81,1,0,1,8,0
62,1579.58,1,2,0,14,0
51,2428.73,2,0,0,13,0
60,2876.76,4,0,0,10,0
6,565.88,3,4,1,9,1
7,2674.96,3,4,1,12,1
22,2173.43,0,0,1,12,0
2,2139.15,2,0,1,8,1
64,1248.04,5,0,0,8,0
4,1162.94,4,0,1,14,0
39,215.79,11,1,1,16,0
61,2950.17,7,0,0,7,0
53,1898.22,6,1,0,4,0
17,1326.52,4,0,1,13,0
34,1722.55,4,0,0,15,0
39,313.48,3,2,1,17,0
55,686.22,4,0,1,10,0
31,1945.41,6,2,1,9,0
21,1639.93,0,1,1,7,0
57,2403.81,2,0,0,13,0
63,2044.48,3,1,0,6,0
35,1884.02,4,1,0,11,0
2,2482.74,4,0,0,14,0
36,391.14,3,2,1,15,0
64,2134.48,4,3,1,8,0
71,2203.65,5,3,1,14,0
29,970.46,3,0,1,17,0
11,747.82,5,3,0,12,0
41,798.79,5,1,1,4,0
59,754.79,0,3,1,9,0
68,1666.59,3,1,1,13,0
4,579.75,0,2,1,9,0
21,2046.0,5,1,1,14,0
34,494.22,6,2,1,11,0
7,275.29,7,2,0,7,0
63,1094.01,3,0,0,13,0
8,737.21,5,0,1,9,0
48,2968.25,2,1,1,9,1
66,1048.39,2,1,0,14,0
49,821.78,4,6,1,10,0
55,750.96,2,2,0,16,0
19,1246.79,6,1,0,11,0
59,1896.38,2,0,1,13,0
30,2389.45,4,2,1,13,0
5,1220.81,3,0,1,8,0
27,1952.72,6,1,0,14,0
25,1549.77,2,2,0,9,0
38,2570.19,1,0,0,4,0
19,1793.32,3,0,1,11,0
33,1011.7,1,1,1,7,0
31,2170.04,3,3,1,11,0
24,2496.18,5,1,0,13,0
50,1503.23,0,2,0,12,0
22,2964.15,3,1,0,13,0
55,2661.47,3,1,0,14,0
18,751.47,5,1,1,15,0
62,2402.92,5,1,0,17,0
26,1882.66,0,3,1,13,0
3,1697.47,4,2,0,13,0
11,1639.03,2,1,1,8,0
58,2589.55,2,3,0,10,0
62,1910.44,8,3,0,13,0
16,1705.58,1,0,0,14,0
43,336.81,1,2,1,12,0
41,1455.25,2,0,0,11,0
10,2742.52,4,1,0,11,0
33,2192.86,5,0,0,18,0
50,342.67,3,1,0,9,0
69,2675.18,3,1,0,13,0
61,2514.67,3,0,0,11,0
7,1730.72,6,1,1,9,0
17,262.74,3,1,1,10,0
32,1774.8,2,3,0,19,0
11,352.85,5,2,1,10,0
41,1097.06,1,0,0,8,0
1,1960.95,4,1,0,13,0
9,2756.16,3,1,0,16,0
4,1201.83,4,0,1,9,0
21,2608.07,5,3,1,12,0
55,2771.41,3,1,1,8,0
13,258.92,2,2,1,17,0
71,870.4,6,3,0,12,0
20,2187.61,4,2,0,10,0
4,2319.16,1,2,1,12,1
24,1298.77,3,0,1,11,0
54,2038.91,2,3,1,8,0
8,1914.04,4,1,0,10,0
6,2271.37,4,0,1,15,1
61,2212.24,4,1,1,13,0
43,440.44,2,3,0,10,0
25,643.1,3,1,1,17,0
54,571.64,2,1,1,11,0
60,2810.94,4,2,1,11,0
26,2757.92,4,1,0,13,0
40,2432.75,5,1,1,10,0
1,526.81,4,2,1,7,0
22,1807.96,2,3,1,8,0
43,724.25,3,1,0,9,1
14,1231.48,1,0,0,16,1
71,947.86,3,1,0,13,0
69,2521.01,2,2,0,13,0
19,604.46,1,0,1,16,0
29,2009.3,4,1,0,11,0
14,2954.91,3,1,0,9,1
36,2123.75,3,0,1,15,0
9,421.85,0,1,1,8,0
28,2741.98,2,0,1,16,0
40,2000.62,3,0,1,18,0
44,1477.67,2,2,1,14,0
43,2047.14,0,0,0,13,0
16,2661.32,3,1,1,16,0
57,1535.96,2,0,1,13,0
50,1687.7,4,0,0,12,0
54,1466.85,4,2,0,12,0
34,403.26,1,2,0,13,0
64,2403.8,0,3,1,10,0
28,553.95,1,1,0,9,0
58,1304.8,3,0,0,13,0
15,1283.1,4,0,1,10,0
18,984.11,3,0,0,15,0
38,1327.02,2,0,0,9,0
40,1930.43,2,1,1,13,0
53,1071.88,2,1,0,12,0
22,683.03,8,1,1,11,0
62,2634.23,3,0,1,17,0
24,2918.33,5,1,0,13,0
38,1484.03,2,1,1,11,0
67,1115.66,1,2,0,9,0
39,332.95,4,1,0,10,0
49,303.18,4,2,1,12,0
65,1300.07,5,2,1,9,0
70,2804.68,4,3,0,13,0
36,2245.98,1,2,1,10,1
30,1177.95,4,1,1,10,0
14,2910.53,5,1,0,11,0
39,1400.52,1,1,0,10,0
66,975.02,5,0,1,10,0
35,1393.79,2,0,0,15,0
25,792.32,0,0,1,8,0
8,2679.79,5,1,0,15,0
28,1211.29,2,0,1,16,0
17,2042.31,3,2,0,10,0
70,1289.33,2,0,1,11,0
38,2724.85,4,2,1,17,0
10,1998.67,4,1,1,15,0
5,1567.11,6,1,1,13,0
61,570.0,4,2,0,13,0
67,2725.37,2,1,0,3,0
55,1731.09,5,1,0,10,0
9,998.15,5,1,0,13,0
7,2658.2,1,2,1,8,1
15,352.43,3,3,0,13,0
54,1079.42,5,0,0,11,0
55,1703.12,5,1,1,13,0
60,1151.48,4,1,1,12,0
7,1534.86,1,1,1,9,0
11,940.09,4,2,1,11,1
64,564.23,2,1,0,11,0
66,303.19,6,2,0,14,0
52,641.41,7,1,1,10,0
8,2868.25,6,0,1,8,0
5,1811.13,3,4,1,7,0
4,1569.09,4,0,1,15,0
50,1276.11,4,0,1,13,0
61,2183.58,4,0,0,10,0
45,595.53,1,0,1,14,0
19,973.16,0,2,1,9,0
54,2036.53,7,1,0,13,0
5,1541.38,3,1,0,11,1
59,2356.26,5,2,0,10,0
64,2711.91,4,2,1,9,0
52,2505.44,2,0,1,18,0
63,715.78,3,0,1,10,0
42,456.12,0,3,0,12,0
34,674.43,5,1,0,14,0
23,2393.89,5,0,0,14,1
66,2758.73,3,1,1,19,0
50,2791.26,2,0,1,18,0
14,1035.0,5,1,0,8,0
68,2552.96,3,4,1,12,0
5,1701.46,5,3,1,9,0
42,2503.82,3,1,1,15,0
14,1735.42,3,1,0,11,1
48,608.5,4,2,1,14,0
30,421.81,1,3,0,6,1
32,2880.21,2,0,0,9,0
48,1392.25,7,4,1,7,0
54,1181.46,3,1,1,15,0
27,1197.65,4,0,1,11,0
71,1261.02,1,1,1,13,0
36,2845.99,1,2,1,21,0
12,375.57,2,3,0,15,0
1,533.37,5,1,1,13,0
15,2411.02,2,2,0,12,0
50,1738.35,1,0,1,7,0
39,559.9,3,3,1,13,0
24,296.49,5,2,0,12,0
35,827.86,3,1,0,11,0
60,930.27,3,1,1,9,0
41,239.8,4,1,0,14,0
5,805.05,3,1,1,23,0
4,2267.29,2,2,0,10,0
35,2595.21,3,0,0,6,0
29,2715.06,4,0,1,9,0
61,1291.76,4,2,0,13,0
42,1094.36,4,1,1,15,0
54,2999.61,1,1,0,14,0
42,2354.15,1,0,1,12,0
25,1704.59,1,1,0,15,0
47,913.36,5,1,0,9,0
45,1099.66,3,2,1,13,0
52,1643.02,2,1,0,9,0
14,1717.83,3,1,0,16,0
46,238.3,5,0,1,19,0
21,2886.32,6,1,0,11,0
57,1811.7,3,2,0,11,0
57,1849.64,1,1,0,8,0
45,792.12,2,2,1,15,0
68,2341.96,2,0,0,15,0
39,2264.34,2,3,1,9,0
2,466.44,2,0,0,14,0
44,1865.98,3,2,1,13,0
56,2042.94,2,2,1,18,0
8,2539.59,2,2,0,12,0
8,777.06,2,0,0,11,0
20,2657.38,4,2,0,10,0
60,1492.15,5,1,0,12,0
38,470.27,2,2,1,14,0
70,495.74,0,2,0,13,0
62,753.85,1,0,1,3,0
40,991.7,1,1,0,14,0
49,1589.94,7,0,0,20,0
24,2296.5,6,1,0,21,0
7,722.83,5,1,1,13,0
29,2979.43,6,4,1,12,0
43,652.26,10,0,1,12,0
13,1878.26,1,0,0,14,1
16,2801.03,5,3,0,6,0
2,2531.02,2,1,1,11,0
53,2014.09,8,1,1,11,0
64,2203.38,0,0,1,11,0
59,575.78,3,0,1,8,0
27,227.06,4,0,1,9,0
43,1415.62,6,4,0,18,0
69,450.65,3,0,1,12,0
42,1201.71,0,0,0,13,0
22,826.48,2,0,1,10,0
25,2765.77,5,1,0,16,0
52,2664.16,4,2,1,14,0
32,2493.04,1,3,0,12,0
60,2199.04,4,1,1,9,0
62,631.4,4,1,1,6,0
3,335.43,1,1,0,14,0
52,2030.89,3,1,0,16,0
27,1998.32,2,1,0,9,0
37,1234.39,6,2,0,14,0
19,1523.52,3,0,1,14,0
27,1569.62,2,3,1,14,1
24,871.8,2,0,0,7,0
4,1079.67,3,1,0,14,0
56,1371.49,4,0,1,13,0
11,1888.9,6,0,1,13,0
27,2876.29,1,4,1,13,1
14,1707.76,3,1,1,5,0
12,2247.26,1,1,1,12,0
27,2459.6,2,1,1,8,0
66,517.82,2,0,0,16,0
68,2028.75,2,0,0,9,0
28,1549.91,1,0,0,7,0
36,1802.81,2,1,0,14,0
70,307.57,1,2,1,14,0
17,2737.4,5,4,1,12,1
68,2867.8,2,2,1,6,0
8,209.75,2,3,0,9,1
17,795.82,4,0,1,11,0
25,704.54,7,1,1,12,0
3,2387.65,5,1,1,11,0
58,1874.62,5,1,0,13,0
61,696.53,0,2,1,8,0
28,2479.12,5,0,1,11,0
60,1189.73,2,2,1,15,0
55,1490.4,2,1,0,18,0
57,1284.46,2,1,1,11,0
57,1659.86,1,1,0,8,0
41,1544.4,4,1,0,17,0
8,968.84,3,4,0,9,0
66,1388.76,1,0,0,15,0
44,2743.34,3,0,1,13,0
64,1608.1,2,3,0,16,0
69,2765.88,3,0,0,8,0
14,1740.36,5,3,0,9,0
29,2352.69,3,3,0,16,0
14,1022.06,4,0,1,11,0
4,2413.16,5,0,1,9,1
69,940.1,3,2,1,12,0
66,254.74,3,2,1,8,0
67,650.04,4,1,1,14,0
63,260.63,4,0,1,8,0
47,2851.78,4,0,0,8,0
38,2999.94,2,2,0,10,0
71,2334.24,0,1,1,9,0
40,502.76,2,1,0,13,0
46,2717.05,2,3,0,11,0
16,2282.57,1,3,0,15,1
54,1130.28,0,0,0,14,0
59,1606.38,4,2,1,8,0
49,2052.93,2,0,1,10,0
36,267.34,3,1,0,8,0
