tenure_months,monthly_spend,orders_per_month,support_tickets,uses_discounts,app_sessions,churn,churn_pred,churn_probability
7,294.86,3,1,1,8,0,0,0.0877304659981777
55,2112.44,7,2,1,15,0,0,0.018408666625937913
47,2861.39,1,0,1,15,0,0,0.06312212385713238
32,2521.62,5,0,0,18,0,0,0.03516482773043705
31,976.15,1,2,1,13,0,0,0.11565878631896061
61,349.31,2,3,1,16,0,0,0.04025005556776569
7,2832.98,4,2,1,14,0,0,0.2034607014019371
50,2823.78,1,2,0,16,0,0,0.1542256699848784
15,1690.76,1,3,0,14,1,0,0.35845775242566413
7,1998.49,4,1,1,16,0,0,0.09601289129438166
38,1495.28,5,0,1,11,0,0,0.020079349274990357
70,1375.34,2,3,0,10,0,0,0.07687768419045923
53,534.46,1,2,0,13,0,0,0.06761749578819287
55,470.91,3,4,0,17,0,0,0.07307585993881817
51,851.65,5,2,1,13,0,0,0.022680830457274058
56,2542.59,2,1,0,13,0,0,0.07055927916289575
37,608.33,3,3,1,9,0,0,0.0919113782330327
10,834.76,5,0,0,13,0,0,0.04188058367189997
60,1736.12,1,0,0,7,0,0,0.04974687406782121
32,802.37,2,0,1,11,0,0,0.03931583853743981
36,656.98,0,2,0,7,0,0,0.17879404172250998
27,1777.29,3,2,0,6,1,0,0.1772527192092226
13,1230.66,3,2,0,19,0,0,0.12948918397529563
66,1953.25,7,1,1,8,0,0,0.010849999967514028
56,2754.17,4,3,0,9,0,0,0.12257234430238664
46,622.78,7,2,1,10,0,0,0.016163699088349692
29,2757.61,5,1,0,7,0,0,0.09968299354403452
59,2726.97,4,1,1,14,0,0,0.031169849234451853
39,2521.45,3,1,1,10,0,0,0.07792247348644718
32,1967.6,2,2,0,7,1,0,0.20021046021044425
32,1936.41,2,2,1,16,0,0,0.11313919076190512
17,1989.8,5,2,0,9,1,0,0.141280788735525
7,2133.39,0,3,0,11,1,1,0.5611404991339354
40,246.15,4,2,0,12,0,0,0.04294505726964757
64,2882.66,4,0,0,10,0,0,0.028718412463949402
5,1839.69,1,0,0,7,0,0,0.22671310899841693
61,2388.1,3,3,0,12,0,0,0.10533324355472563
59,1256.39,1,1,1,7,0,0,0.04979674335993886
20,234.71,4,2,1,13,1,0,0.05682001685328685
45,1627.26,5,1,0,18,1,0,0.02545882214255145
12,1620.13,4,2,1,8,0,0,0.14621242886613214
54,1423.57,4,2,0,13,0,0,0.04391616036754405
50,1151.21,7,1,1,14,0,0,0.009724712603964932
26,899.51,1,2,1,10,0,0,0.14398420139051032
5,1677.13,4,1,1,10,0,0,0.11365202919915392
69,1250.78,0,0,0,16,0,0,0.02777859578623315
32,2915.81,2,3,0,16,1,0,0.2807933585874187
64,684.2,2,0,0,12,0,0,0.018006514379686252
49,1095.06,3,1,1,17,0,0,0.02456975589079786
56,1023.09,4,2,1,17,0,0,0.022926563452646126
54,1721.27,2,1,0,12,1,0,0.056341703925678624
14,1597.98,4,1,0,12,0,0,0.10139076505753614
26,2002.47,1,3,0,14,0,0,0.31281326801882026
34,2860.0,4,1,1,13,0,0,0.07084876233762544
36,998.62,1,0,1,13,0,0,0.044932940006423415
4,2139.76,3,1,0,13,0,0,0.19369912823105892
39,270.11,2,0,1,16,0,0,0.020798028655930206
11,934.69,3,0,1,11,0,0,0.0592014573291257
53,1498.42,4,1,1,20,0,0,0.017433982827805013
49,286.79,6,1,1,16,0,0,0.008352951213499058
66,1929.47,5,0,1,15,0,0,0.00870440786844133
53,2099.27,4,1,0,18,0,0,0.03154231291979219
27,2290.85,0,1,0,17,0,0,0.19151535106258494
69,1646.41,4,1,1,12,0,0,0.016168205689244004
30,1891.05,2,2,1,17,0,0,0.11296875164523662
24,1308.98,4,1,0,10,0,0,0.07438816533568048
65,315.51,1,2,0,9,0,0,0.05178971280723311
27,479.87,4,1,1,20,0,0,0.02494769608828808
6,2033.99,3,2,0,20,0,0,0.19812682614556823
34,2987.55,2,2,1,10,0,0,0.1952349670282687
57,244.25,6,1,0,14,0,0,0.009158361604096414
14,1761.23,2,1,0,17,0,0,0.14199821916930674
33,2302.82,4,2,0,9,0,0,0.13065186976596896
10,2514.97,3,2,1,10,0,0,0.24074709521990767
49,1726.57,3,0,1,8,0,0,0.0304046395413
34,1935.76,1,1,0,13,0,0,0.13070321466760385
24,2150.83,3,1,1,12,0,0,0.09483163785652803
17,2605.11,5,1,1,9,0,0,0.09505595827945003
41,542.41,3,1,1,19,0,0,0.022828462137936337
48,2793.31,3,5,1,13,0,0,0.26809837629446337
67,272.85,4,0,0,16,0,0,0.006887385924660563
32,2541.36,3,0,0,5,0,0,0.0995461552147293
12,414.87,4,0,1,14,0,0,0.03191232567383666
60,744.96,1,4,1,16,0,0,0.09374724186855397
45,210.9,1,1,0,13,1,0,0.04949556645191629
50,1446.72,2,2,1,13,0,0,0.06397155493391782
7,1136.21,5,0,0,12,0,0,0.053747098658397656
23,664.78,2,4,1,10,0,0,0.2356046066011078
55,1463.05,3,5,1,10,0,0,0.16170023869070363
60,1326.64,2,2,1,18,0,0,0.03705688831215401
31,2349.45,1,2,0,17,0,0,0.20348481927384146
58,2700.76,3,1,0,7,0,0,0.07063235677816927
60,2027.19,0,0,1,5,0,0,0.06058946611999178
28,548.35,1,1,1,7,1,0,0.09115596022252902
64,1027.09,2,2,1,10,0,0,0.04086388572570259
21,2757.29,4,0,1,11,0,0,0.07095556805918146
18,448.46,2,3,1,18,0,0,0.12960859034304434
49,1339.2,2,0,1,14,0,0,0.026065434021796244
46,2839.01,4,1,1,10,0,0,0.05637002333540495
10,2861.86,2,1,1,9,0,0,0.24375017518912243
60,1351.37,1,1,1,15,0,0,0.03594804974525963
15,2068.71,5,2,0,5,0,0,0.17717151499440426
58,1478.89,4,2,1,12,0,0,0.032191981713803476
1,2309.69,3,0,0,11,0,0,0.16584819429804834
57,288.43,4,2,1,12,0,0,0.02037599445443495
56,603.64,5,0,1,9,0,0,0.008797408387854536
56,1919.76,2,0,0,15,0,0,0.03335074886079752
48,851.15,1,1,0,20,0,0,0.04378141259606561
34,2064.95,3,1,1,11,0,0,0.07217787002990689
51,1183.42,2,2,1,17,0,0,0.047462627960461995
20,2682.61,1,1,0,16,0,0,0.2167453966846659
56,2493.93,2,1,0,11,0,0,0.07508075934080591
40,1579.95,4,2,1,12,0,0,0.05671794795449246
33,2364.11,5,2,1,16,0,0,0.06241149076538273
36,959.19,2,2,1,17,0,0,0.06689613925004777
41,1583.93,3,0,1,13,0,0,0.02941201822493887
3,752.95,2,1,1,13,0,0,0.12140908302529702
10,2610.48,4,3,0,10,0,0,0.3389798998133157
18,2504.59,2,1,1,12,0,0,0.16007164161781393
9,2726.02,3,1,1,15,0,0,0.1560961801971556
32,2656.94,11,1,0,20,0,0,0.010963945457842968
48,2886.87,6,3,0,9,0,0,0.09962823610996611
47,839.34,1,0,1,15,0,0,0.028009515173940513
34,2809.11,1,0,0,15,0,0,0.11355400341373127
61,1799.4,5,1,1,12,0,0,0.016849859458992446
41,1382.99,0,1,0,15,0,0,0.10325621554684636
6,1769.05,9,0,0,12,0,0,0.02563025530606487
55,1159.29,0,0,0,9,0,0,0.05415172419101068
41,1007.95,3,1,1,9,0,0,0.042128792127138874
46,875.68,2,0,0,14,0,0,0.030582818371680438
41,430.8,3,1,1,8,0,0,0.03480098502419098
40,1590.38,5,2,0,17,0,0,0.04633456934868873
7,2685.73,2,0,0,6,0,0,0.23948749852586704
40,1964.43,3,0,0,9,0,0,0.05397635532651606
57,1658.73,3,0,1,14,0,0,0.01803358481291686
22,1400.06,5,2,0,14,0,0,0.08138833774349878
43,1500.32,7,1,1,19,0,0,0.011189672280006151
3,785.98,4,1,0,12,0,0,0.10091787798839076
25,2504.22,4,2,0,8,1,0,0.1790736110528042
32,755.47,3,1,1,12,0,0,0.043672840166195846
70,2206.54,4,0,1,15,0,0,0.011268603956507478
16,2327.96,0,0,0,14,1,0,0.19826133460175677
20,1809.63,3,0,0,11,0,0,0.0827535812986102
30,2616.19,1,0,0,7,0,0,0.15920751563118357
71,1014.94,4,1,0,7,0,0,0.018917413976548565
61,2668.53,1,1,0,11,0,0,0.08916001890811628
3,2242.35,1,0,1,10,0,0,0.19853438792253317
17,2436.5,2,0,0,14,1,0,0.12839662277370884
59,2060.82,2,0,0,23,0,0,0.023004088471000588
5,2569.76,3,1,0,17,0,0,0.18985940112416505
61,2980.68,3,0,1,13,0,0,0.028735031232468133
20,1376.46,4,2,0,9,0,0,0.13154383535450562
66,2478.96,3,2,1,16,0,0,0.04165290772477852
21,2284.82,5,3,1,19,0,0,0.11224446101139207
31,1468.04,4,2,0,15,0,0,0.07965436315338399
47,2795.46,5,3,1,9,0,0,0.09883299754972852
9,1304.39,4,3,0,10,1,0,0.2339918636297337
40,1783.3,0,0,1,19,0,0,0.05494567379541326
36,496.64,3,3,0,5,0,0,0.13418240762317077
56,832.17,3,0,1,14,0,0,0.013203685467745595
71,2553.95,2,0,1,12,0,0,0.024249696400442926
48,1310.35,1,0,0,9,0,0,0.05469955272386214
30,1303.44,6,3,0,10,0,0,0.08622937696018616
29,888.75,2,3,0,16,0,0,0.15441887434942778
30,1576.51,2,1,1,16,0,0,0.06986504296095343
58,2456.29,4,0,0,10,0,0,0.028833277236395352
23,2706.46,5,2,1,10,0,0,0.11939667304375515
12,396.32,5,3,1,10,0,0,0.10037841015160841
24,1809.5,2,0,1,8,0,0,0.08335658941634141
2,1508.37,4,2,1,10,0,0,0.16886945180749613
8,1919.99,4,0,0,10,0,0,0.09836001623443821
7,1452.37,4,0,0,9,0,0,0.08804449839674186
55,1316.21,1,0,1,12,0,0,0.030483065104998593
52,1521.27,3,2,1,16,0,0,0.0426706970485384
50,1829.6,2,2,1,16,0,0,0.06577201406777117
33,1602.75,6,0,1,12,0,0,0.01798227452435339
51,1522.0,2,2,1,11,0,0,0.06948067723957263
12,2489.94,4,0,1,10,0,0,0.0858112021082717
64,2287.81,2,1,1,15,0,0,0.03611006670692068
36,1155.86,4,2,1,12,0,0,0.05379529444787794
67,2441.62,4,2,0,13,0,0,0.04522260521518215
11,2590.22,4,0,0,10,0,0,0.11653462566597836
36,629.78,5,2,0,9,0,0,0.049450533742988995
50,1831.51,1,2,0,10,1,0,0.13513034234607027
36,998.87,1,0,1,11,0,0,0.04884249024551953
32,2269.68,4,0,0,13,0,0,0.05056382893821105
12,868.6,4,2,0,17,0,0,0.0992009472340068
28,2079.93,3,0,0,10,0,0,0.0763838284200886
17,914.35,4,2,1,16,0,0,0.07152872057413795
22,1631.2,4,1,1,11,0,0,0.06685503777009504
49,2856.21,4,0,1,14,0,0,0.028843128814997992
45,1267.66,4,0,1,14,0,0,0.01692785927044161
44,2652.07,3,2,1,16,0,0,0.08383068035167035
26,2963.44,4,5,0,6,1,1,0.5114780260174847
69,2649.58,4,0,1,6,0,0,0.020545357516830898
7,664.42,3,1,0,11,0,0,0.11405143181653765
25,2495.04,2,1,0,18,0,0,0.13352484135400408
9,290.02,5,2,1,12,0,0,0.06457968365054033
25,1301.25,0,2,0,11,0,0,0.2510693568981876
69,2638.05,2,2,1,15,0,0,0.054662361148491496
27,2128.51,4,1,1,12,0,0,0.06763951254674525
65,1691.67,1,0,1,7,0,0,0.03265092178263825
36,1286.02,6,2,1,9,0,0,0.03862246387839503
50,2474.43,2,1,0,15,0,0,0.07509149363765308
33,2186.76,4,1,0,13,0,0,0.07186411261343313
19,1511.53,2,1,0,19,0,0,0.10491537555898614
55,2698.96,5,4,1,14,0,0,0.09329682287456265
69,843.85,1,0,0,16,0,0,0.0181142572303874
19,677.1,1,0,1,10,0,0,0.07300243782057055
56,1999.85,5,1,0,12,0,0,0.027598981945481143
19,2921.58,2,1,0,22,0,0,0.15674600810364567
51,892.32,3,0,0,8,0,0,0.026437242666591892
57,899.08,3,1,1,12,0,0,0.022109774256647067
32,590.6,1,1,0,13,1,0,0.08327219041617434
53,2609.58,2,0,0,18,0,0,0.04242966035651896
20,833.91,5,0,0,8,0,0,0.038520933210140273
6,1608.9,3,1,0,11,1,0,0.16482359193801932
7,2974.44,2,2,1,13,0,0,0.3255015044872099
32,233.99,5,0,1,17,0,0,0.011023517472660106
65,1758.16,2,1,0,9,1,0,0.04708561919222075
10,1634.41,6,2,1,11,0,0,0.08613491169875089
33,2460.85,6,0,1,14,0,0,0.023494314852838562
50,1194.79,4,2,1,16,0,0,0.030672514563620842
15,1348.96,4,1,0,13,1,0,0.08621839109260189
52,670.23,1,2,0,15,0,0,0.06762594361722093
22,2274.28,6,0,1,14,0,0,0.030186053391776803
58,2397.18,2,2,0,9,0,0,0.11048200909603031
42,582.66,0,1,0,14,1,0,0.07694921807058874
39,1301.68,7,0,1,19,0,0,0.007521748390106379
13,2700.13,3,0,1,13,0,0,0.10222540901965797
33,207.58,1,2,0,12,0,0,0.10843737470107544
61,1036.53,2,0,0,9,0,0,0.025878495409297823
2,1754.12,3,1,1,11,0,0,0.15352606457130138
54,1135.46,2,2,0,11,0,0,0.07036599883849501
35,961.73,9,2,0,5,0,0,0.024665032940439646
52,1488.1,3,2,1,16,0,0,0.042105173497602066
48,708.26,3,0,0,14,0,0,0.02075124836216033
31,1682.95,3,1,0,11,0,0,0.08667008318497832
22,2178.75,2,2,1,8,0,0,0.21378757169817503
45,1810.83,5,1,1,17,0,0,0.022060548247246934
10,460.71,2,0,0,11,0,0,0.08315518995160637
42,2564.34,4,0,1,11,0,0,0.03576587889473146
7,689.94,3,1,0,13,0,0,0.10652709855274826
47,2341.47,0,1,0,14,0,0,0.13028380019039762
45,1209.58,0,0,1,10,0,0,0.05493396834024288
6,2391.73,4,0,0,8,0,0,0.1336639544406367
54,777.56,4,2,0,12,0,0,0.03529118316942622
30,722.65,6,2,1,16,0,0,0.02727955026617833
56,1591.67,2,0,1,11,0,0,0.026667489547255518
3,292.22,3,2,1,14,0,0,0.11472810261549302
13,830.83,6,1,1,16,0,0,0.030797127214149466
36,2227.23,3,4,0,9,1,0,0.29466454098682615
14,2544.67,2,1,0,18,0,0,0.1804299690965393
24,426.2,1,0,1,11,0,0,0.05503276670535234
47,2669.82,0,0,1,12,1,0,0.08468950019085152
11,2433.05,4,3,1,8,0,0,0.27827261256935254
49,2635.12,7,0,0,17,0,0,0.013752920618744129
8,2155.6,3,1,1,10,1,0,0.15735247648394163
13,2087.63,4,1,1,18,0,0,0.07759256415864946
42,1670.26,4,4,1,8,0,0,0.14425744468691554
57,2027.8,7,0,1,11,0,0,0.00834839133643542
13,2773.51,2,1,0,22,0,0,0.173411819609281
22,481.46,3,1,0,11,1,0,0.07011966882534033
66,1084.14,2,2,0,13,0,0,0.04493944896738489
71,402.87,4,2,1,13,0,0,0.013440938380346419
42,2845.45,2,2,1,16,1,0,0.1210445475529174
32,1446.74,5,2,0,14,0,0,0.06242363406880711
25,2090.96,1,1,1,14,0,0,0.13399901027963743
44,2555.14,4,2,1,20,0,0,0.05347902321219678
42,2974.8,1,2,0,17,0,0,0.1918781647804646
21,652.99,3,4,0,15,0,0,0.2077819866906713
2,2438.64,2,0,1,7,0,0,0.19499178471588735
11,2684.78,5,0,0,17,0,0,0.07185930012830775
69,336.85,2,1,0,11,0,0,0.021581364601475722
30,2311.45,4,2,0,13,1,0,0.12187036982725846
35,1193.23,1,1,0,12,0,0,0.10033936923747197
34,2016.07,2,0,0,9,0,0,0.08376190425206574
56,1639.33,3,1,0,10,0,0,0.04340019185069928
5,927.28,2,0,1,10,0,0,0.09317678631554951
6,578.62,2,3,0,7,0,0,0.32411120175133523
20,527.45,4,0,0,12,0,0,0.03717230439927039
35,489.3,3,0,0,14,0,0,0.027943746985912885
48,1985.81,1,0,1,13,0,0,0.047049737117871714
35,1183.95,3,1,0,15,0,0,0.05408644390340472
32,806.57,3,1,1,15,0,0,0.039314650139397285
67,2137.28,5,1,1,20,0,0,0.01145958168479302
12,2123.18,3,0,1,14,0,0,0.0810433443776805
41,1709.67,5,0,1,13,0,0,0.018401414360012417
39,2817.88,4,3,0,7,1,0,0.20832590602360992
34,1279.16,2,2,0,7,0,0,0.14992232754238438
58,2540.42,3,4,1,17,0,0,0.11605934652538838
19,410.39,0,0,0,13,0,0,0.09530480297900418
68,2271.53,3,0,0,13,0,0,0.02265395128629332
24,2967.65,1,0,1,16,0,0,0.11980225640484612
39,2570.48,2,0,0,8,0,0,0.09377568652492867
37,1823.06,3,1,0,11,0,0,0.07731956242178564
61,1954.94,0,3,0,15,1,0,0.16073147992867157
32,1189.21,0,0,1,8,0,0,0.08554201369803437
21,2102.56,2,2,0,14,0,0,0.21443073129025106
2,2357.11,2,1,0,15,0,0,0.25073754298535833
26,2995.04,0,2,1,10,0,0,0.3461816273951852
59,1578.9,1,1,1,11,0,0,0.047965676275444215
1,371.65,1,1,1,13,0,0,0.14043163948643891
64,1868.4,7,3,0,13,1,0,0.02767757424097026
39,533.27,1,0,0,15,0,0,0.04056161604809018
10,885.34,2,1,1,12,0,0,0.10972397393953222
22,1120.58,4,1,1,14,0,0,0.048261840205389525
40,2246.88,2,2,1,18,0,0,0.09446017976733175
23,714.66,3,1,0,12,0,0,0.07168112013026894
8,664.11,6,0,1,21,0,0,0.01755728082454465
48,325.9,3,1,0,7,0,0,0.03664316609567167
48,2645.07,1,0,1,12,0,0,0.06370093013308024
9,2141.82,2,0,0,7,0,0,0.1841126399064162
20,311.85,1,2,1,12,0,0,0.1263473355769524
18,279.22,5,4,0,8,1,0,0.16371790815800935
47,1764.29,1,0,1,19,0,0,0.03445134672720825
52,991.1,5,4,0,9,0,0,0.0821380965656211
52,1870.83,4,1,0,14,0,0,0.03506217775718642
67,1416.89,3,2,1,17,0,0,0.025180426189252238
55,2785.28,6,2,1,10,0,0,0.038841884101818325
23,1005.87,5,0,1,10,0,0,0.026814330404763352
8,2101.61,2,0,0,10,0,0,0.16711345246995882
44,351.35,1,1,0,12,0,0,0.056153715514556925
66,2876.41,2,1,0,12,0,0,0.06300096303847495
70,2946.12,11,1,0,14,0,0,0.005073547732477201
17,2269.41,7,1,0,8,0,0,0.06810317186086397
17,1502.59,3,1,0,17,0,0,0.09401551971516615
3,815.98,2,0,1,14,0,0,0.08046950481952594
11,2475.05,1,2,0,10,0,0,0.40245474282633964
40,2261.79,4,1,0,12,0,0,0.0631562917855356
39,821.47,1,0,0,14,0,0,0.047481910549886215
27,1463.4,7,4,1,18,0,0,0.06623594161606045
23,1495.84,1,0,0,12,0,0,0.10531166620598197
59,2513.95,5,2,1,21,0,0,0.02511026107409445
33,2114.77,1,1,1,9,0,0,0.13218791986271775
58,2000.87,3,1,1,11,0,0,0.03511388582832752
69,2019.52,1,0,1,16,0,0,0.02260918720252644
23,957.32,5,1,0,13,0,0,0.045825428411397195
15,1240.79,1,3,1,15,0,0,0.25306186897079236
68,327.85,3,0,1,10,0,0,0.00885972993503631
46,2403.44,4,1,0,11,0,0,0.058585763954342555
21,1412.4,2,2,1,12,0,0,0.1457347818795611
45,1427.07,2,2,0,17,0,0,0.07972580478166168
37,887.0,4,2,1,14,0,0,0.043183162099974394
65,786.4,1,0,1,10,0,0,0.019839027435928313
19,1845.9,2,2,1,13,0,0,0.17235644971977487
71,851.15,3,1,1,13,0,0,0.013644444396007805
67,379.78,4,2,0,15,0,0,0.01792730116952234
13,2349.02,2,0,0,11,0,0,0.15463733613601066
12,1254.11,3,5,0,10,1,0,0.46184827390688743
38,1264.66,4,0,0,13,0,0,0.028251033677589434
4,1407.69,1,2,1,8,1,0,0.30789411906050096
22,2482.13,5,1,1,13,0,0,0.06707082494619344
31,1098.34,3,1,0,8,0,0,0.07803123388175622
69,2322.5,4,1,1,10,0,0,0.02327093106719495
71,2830.73,3,0,1,11,0,0,0.021851987787187627
11,2050.43,2,1,0,12,0,0,0.20307998669844102
64,1408.71,1,0,1,7,0,0,0.029973642484596455
7,2293.81,3,3,0,16,1,0,0.3307048455052733
54,1482.11,4,0,0,21,0,0,0.013588294191873894
61,1360.4,2,3,1,4,0,0,0.09776433708312704
64,1670.79,3,2,1,16,0,0,0.03185375382627008
16,1089.62,2,3,0,13,0,0,0.2520109567925789
64,491.9,5,2,0,6,0,0,0.023253653428964457
9,1361.59,1,1,1,18,0,0,0.134850510017588
37,546.8,1,0,1,7,0,0,0.04676876629261658
34,1349.24,0,2,0,11,0,0,0.2062701044627859
23,1759.41,7,0,0,11,0,0,0.02700536292224427
2,2805.99,3,0,1,15,0,0,0.13240747110408738
55,301.42,3,0,1,8,0,0,0.014145863878866132
24,1940.08,6,0,0,8,0,0,0.04143487862365113
47,1481.66,3,0,0,14,0,0,0.02934651605082177
30,256.73,0,1,1,15,1,0,0.07133728042410453
27,898.73,2,1,1,18,0,0,0.053693268548147946
63,531.76,1,1,1,14,0,0,0.024573258519666075
7,807.02,6,0,0,16,0,0,0.030832214543053335
53,968.8,6,1,0,12,0,0,0.015217166393486407
54,1323.66,4,1,1,9,0,0,0.02521350943323041
27,1681.31,1,2,0,11,0,0,0.2208220718224652
19,202.77,4,0,1,10,0,0,0.028187160874106373
1,653.23,3,2,0,17,0,0,0.15522452566174613
67,461.99,1,1,1,16,0,0,0.019453559389472398
68,1739.09,3,1,1,6,0,0,0.029025300589629235
18,1121.41,3,2,1,9,0,0,0.1262561463691534
3,1735.51,2,2,1,11,0,0,0.2612598111556501
9,821.11,5,0,0,15,0,0,0.039438448217105265
5,267.84,5,1,1,14,0,0,0.043634197550167286
60,2835.83,4,3,1,18,0,0,0.06197099650270904
64,503.26,2,1,0,11,0,0,0.026816755401307277
11,555.2,4,1,0,14,0,0,0.06813532644898944
54,610.33,0,1,1,9,0,0,0.052734149392043864
13,2947.57,3,1,1,10,0,0,0.18271285040018723
27,1929.45,1,1,0,12,1,0,0.1624702659151357
43,1908.81,1,3,0,10,0,0,0.23675604745695836
52,2962.75,5,1,1,13,0,0,0.0340035600461895
63,447.63,1,2,1,8,0,0,0.04676698983065092
4,2928.6,5,1,1,8,0,0,0.15750769014304364
14,771.24,5,1,0,10,0,0,0.06248945187285838
20,1944.6,5,1,0,15,0,0,0.0680428953949619
23,1376.23,3,3,0,7,0,0,0.2340614426423423
71,1275.07,7,2,1,6,0,0,0.011853797639437716
56,2807.48,3,1,0,16,0,0,0.0539344120008834
23,617.84,2,1,1,12,0,0,0.06895521382884406
69,2991.79,2,1,1,15,0,0,0.04143235174039404
36,1261.55,4,0,0,14,0,0,0.028694906856817148
36,2016.57,4,2,0,10,0,0,0.10426089559770524
31,2910.14,3,2,0,19,0,0,0.1480918954383719
11,361.28,1,0,1,10,0,0,0.08092477628466098
67,2784.02,5,2,1,10,0,0,0.035262725154392965
1,1789.87,1,0,1,8,0,0,0.19200378836551737
13,2172.31,4,0,1,11,0,0,0.0708603775652986
17,617.72,3,4,1,11,0,0,0.21019549149773414
20,1693.48,1,3,1,17,0,0,0.2437375295236778
10,2085.84,2,0,0,18,0,0,0.11674522133838879
2,1477.49,4,2,0,13,0,0,0.1869121283176262
49,633.96,1,1,1,8,0,0,0.04980515555479159
69,883.53,1,3,0,17,0,0,0.06291174504297221
9,2592.3,8,2,0,8,0,0,0.1127199576969821
22,296.52,2,1,1,18,0,0,0.048820148764100395
36,2184.81,2,2,1,8,0,0,0.15095115344152438
66,2998.29,2,2,1,19,0,0,0.05828767190291544
50,220.95,3,2,0,8,0,0,0.04840825936915467
55,650.93,0,2,0,12,0,0,0.08901082800472608
42,2087.6,4,1,0,16,1,0,0.047156107674674444
30,367.97,2,2,0,17,0,0,0.08069534352690659
15,1851.41,1,2,0,9,0,0,0.32396417554856216
62,2115.2,6,1,0,22,0,0,0.012123595268215579
58,1846.81,2,2,0,8,1,0,0.0933597560706543
2,1222.52,5,3,1,15,0,0,0.14688616887733996
51,2152.39,4,1,1,15,0,0,0.02996134596063215
6,1864.02,5,1,1,13,0,0,0.08289275025783874
53,781.38,0,1,0,8,0,0,0.07765424120751158
59,1776.78,3,2,0,8,0,0,0.06915333146343032
10,2669.34,3,0,1,6,0,0,0.14330824710424975
31,2067.13,4,2,1,13,0,0,0.08505536185186954
9,1521.02,5,2,0,18,0,0,0.10426127305822692
41,1100.44,4,1,0,15,0,0,0.03401398952373896
66,440.48,3,1,0,8,0,0,0.021575679490947422
6,884.96,4,1,0,12,0,0,0.09646873814988717
29,231.32,1,0,1,13,0,0,0.040497758925028375
70,2962.55,5,1,1,14,0,0,0.019075594612689897
22,822.95,2,1,1,14,0,0,0.0708574968903448
10,2481.65,2,1,0,12,1,0,0.23948657435042262
35,672.21,3,1,1,16,0,0,0.032679024834756085
37,994.08,2,2,0,9,0,0,0.1156813947220139
48,1371.18,3,1,0,11,0,0,0.04720043330843068
23,1108.34,3,1,1,6,0,0,0.08309021715288159
68,2435.38,5,4,1,10,0,0,0.06870101805219272
37,2881.54,3,0,0,17,0,0,0.06084705292016729
21,2650.82,4,0,1,10,0,0,0.07088919234828521
69,630.02,2,1,0,13,0,0,0.022348505231121894
66,2374.73,4,2,1,9,0,0,0.04148069346697002
36,614.25,1,0,0,7,0,0,0.0636727963452312
2,2757.47,1,1,0,14,0,0,0.35062999622188207
43,1650.06,5,1,1,13,0,0,0.02600122657890284
40,1141.87,2,2,0,9,0,0,0.11269533256796374
11,639.67,0,0,0,15,0,0,0.11947868630560583
46,233.07,4,1,0,9,0,0,0.02656894311923919
60,894.25,2,4,0,7,0,0,0.14045014935458391
8,2759.26,5,2,1,14,0,0,0.15540317898502584
52,2432.33,3,2,0,8,0,0,0.1080623992143977
10,2915.42,3,1,1,7,0,0,0.21604918593958505
54,482.13,7,1,1,12,0,0,0.007110468043241563
30,1858.1,5,1,1,16,1,0,0.03661150160698536
1,920.02,2,4,1,6,0,0,0.44444439135518093
69,1720.24,4,1,0,11,0,0,0.022618389262243698
12,1097.27,3,2,0,10,0,0,0.17689041159841049
43,993.7,4,0,1,9,0,0,0.019895587526165298
13,1806.77,7,1,0,11,0,0,0.056277981601831825
67,713.29,4,2,0,13,0,0,0.02240458497448486
53,1513.57,4,2,0,10,0,0,0.053096403312571636
58,2022.27,7,0,1,13,0,0,0.0074092805476005585
31,558.91,0,0,0,12,0,0,0.07510329315987542
34,2805.66,4,2,0,12,0,0,0.1363818128272782
46,1616.03,4,1,0,8,0,0,0.04849947764142696
56,2494.68,4,0,1,11,0,0,0.0229535704297105
61,2030.94,3,0,0,7,0,0,0.032623608503488014
2,2188.0,4,2,0,15,0,0,0.22111302233917193
48,2205.17,3,0,0,8,0,0,0.0491184741439725
8,2650.28,5,2,0,11,0,0,0.20752628296642683
21,1918.1,1,0,0,10,0,0,0.1401918582297684
59,979.01,3,1,0,14,0,0,0.02566250899063259
18,478.63,1,0,0,13,0,0,0.07886584308014899
57,1897.5,2,2,0,19,0,0,0.06283741818938625
33,385.79,4,0,0,10,0,0,0.026000015638792198
17,875.62,0,0,0,12,0,0,0.12451753748863255
24,369.98,1,2,1,15,0,0,0.10316860621117377
38,1736.89,6,1,1,9,0,0,0.02858663000181771
55,648.95,5,2,0,10,0,0,0.02733544424946511
44,1909.14,6,1,0,15,0,0,0.025796799972136544
67,2414.42,1,1,1,10,0,0,0.05531940100547012
62,2501.27,2,1,1,4,0,0,0.0658144856943535
54,1066.72,4,1,0,12,0,0,0.02592375181351893
43,1737.07,3,1,0,13,0,0,0.058081121448572956
21,1776.43,1,0,1,9,0,0,0.10938288957070648
30,1524.08,3,1,0,13,0,0,0.07737123819339392
9,2034.32,4,1,1,17,0,0,0.08850217235154105
27,788.24,2,1,1,8,0,0,0.07737519774958143
66,2941.88,1,0,0,16,0,0,0.0465330138722429
31,474.62,2,0,1,7,0,0,0.04195499972921648
9,2521.82,5,1,1,9,0,0,0.11464708099058794
47,1863.47,4,3,0,10,0,0,0.10800051730774973
69,885.59,3,1,1,14,0,0,0.01407936123146721
62,2287.89,4,1,1,16,0,0,0.021879349631806058
20,436.55,3,3,1,17,0,0,0.1003524468950261
33,2368.37,2,2,1,15,0,0,0.13418484180954526
38,1851.96,0,3,0,19,0,0,0.237100091125817
18,510.1,5,0,0,12,0,0,0.030263928740200337
20,422.62,1,0,0,15,0,0,0.06724025161437701
17,2302.34,4,0,0,10,0,0,0.0886864811651821
71,1020.22,3,1,1,7,0,0,0.018939377243605768
53,2690.05,1,2,0,12,0,0,0.15779159166769463
60,2333.8,3,1,0,9,0,0,0.053169141688572
58,2154.93,2,0,1,10,0,0,0.032988618400426356
69,980.1,4,1,0,7,0,0,0.019798700795542586
8,2185.04,3,0,0,12,1,0,0.12728913253556287
63,2854.81,3,2,0,13,0,0,0.07672765847094927
5,456.37,2,1,0,5,0,0,0.1754453096537828
34,1113.26,3,1,1,7,0,0,0.058492076245319415
43,857.08,2,0,1,13,1,0,0.026692238028887504
26,1301.1,7,1,0,12,0,0,0.03010296294529919
11,2278.53,1,0,1,9,0,0,0.1706774416751289
14,1527.88,1,3,0,8,1,0,0.4115245451435522
59,1798.05,1,1,0,16,1,0,0.054833410887579384
23,1079.63,5,1,0,18,0,0,0.03904549300438524
23,595.61,4,2,0,16,0,0,0.06830974578459172
66,947.41,4,0,0,13,0,0,0.010706446993765203
11,2607.1,0,0,1,8,0,0,0.2436859932208578
65,1886.77,5,1,0,9,0,0,0.022906904857731104
66,1258.37,3,1,1,7,0,0,0.024252214305748154
43,2411.74,2,1,1,11,0,0,0.08193770180678778
12,380.48,4,0,0,16,0,0,0.03744813271498538
12,910.9,3,0,0,11,0,0,0.07318673291819736
21,844.29,4,0,0,9,0,0,0.046502892807334606
41,2959.02,2,0,0,18,0,0,0.06892115360336948
11,2177.08,8,0,1,18,0,0,0.0201812868106721
33,1929.8,2,2,0,16,0,0,0.13885792851483744
9,213.96,3,3,1,9,0,0,0.16780826958357475
39,716.07,2,4,0,10,0,0,0.2015967979051906
2,1979.52,0,2,0,14,1,0,0.4410491943618766
51,1263.21,3,0,0,12,0,0,0.025950869383527714
4,2787.99,3,2,1,12,0,0,0.2812761927005265
14,2341.23,3,0,0,14,0,0,0.1061995175242819
13,1452.68,1,1,1,12,1,0,0.15705206123564466
60,2298.64,1,1,1,11,0,0,0.06201622878629825
4,2931.13,3,0,1,14,0,0,0.13650481768855469
31,1490.75,8,3,1,9,1,0,0.04438922663684272
42,1999.07,2,0,0,15,0,0,0.051858675815351134
37,2772.26,1,0,0,9,0,0,0.13013794767578404
49,896.29,6,4,0,6,0,0,0.076050144246284
58,2682.36,3,0,0,11,0,0,0.039196224023241646
28,473.13,3,1,1,5,0,0,0.05858857350886862
59,2015.65,1,2,0,11,1,0,0.1093395815177879
23,2391.95,3,1,0,14,0,0,0.12520212648862616
70,1920.9,7,2,0,7,0,0,0.01988849930654913
36,1587.5,3,1,0,10,0,0,0.0755760122697186
53,1928.57,0,4,1,10,1,0,0.2632741514666021
63,624.66,4,0,1,21,0,0,0.005555552539774246
57,803.6,2,0,0,8,0,0,0.027649302243950895
61,955.72,4,2,1,16,0,0,0.020045240459274027
39,1873.78,2,1,1,9,0,0,0.08071240756737333
4,1437.32,5,2,0,7,0,0,0.17474056749402647
36,884.53,3,2,1,19,0,0,0.04649959016403231
13,2671.87,3,1,0,13,0,0,0.1858135099929393
64,1246.98,3,1,0,12,0,0,0.026872546015650877
17,1448.89,2,1,1,12,0,0,0.11198864805532639
17,1347.16,1,0,0,9,0,0,0.13151107219214597
18,709.44,0,1,1,18,0,0,0.10518286612781981
46,2248.56,2,2,1,8,0,0,0.11860436565722036
41,1455.68,1,0,0,15,0,0,0.055349223798308034
68,245.52,1,2,0,7,0,0,0.05016574018823098
30,2899.24,5,0,0,14,0,0,0.05130102525870635
21,2484.14,1,1,0,7,1,0,0.2679179138574925
4,2225.97,4,2,0,18,0,0,0.19225109613183056
1,2633.46,2,2,1,13,0,0,0.334338777501997
27,2739.06,0,0,1,18,0,0,0.11890836546178128
66,1144.97,6,1,1,12,0,0,0.008488657760528715
38,1910.68,0,0,1,11,0,0,0.08466229203527553
64,1904.66,5,0,1,18,0,0,0.008036618938165464
8,948.44,3,0,1,10,0,0,0.06756588079313351
7,821.47,4,0,1,8,0,0,0.05590344132981098
60,518.94,1,0,1,11,0,0,0.019773227666207663
8,2046.08,4,0,1,5,0,0,0.09871150078285926
4,2386.57,1,0,0,15,0,0,0.21141259523685224
29,2330.67,3,0,1,6,0,0,0.07512827217990614
66,1085.57,1,1,0,14,0,0,0.03652222651140856
49,774.73,4,1,0,13,0,0,0.02558022449753404
8,1470.12,1,1,0,13,0,0,0.21475794716798247
60,1731.08,2,0,1,12,0,0,0.024019669920900412
60,2773.44,0,1,0,14,0,0,0.10774924931075816
57,2649.5,3,2,0,11,0,0,0.09085217229624004
65,2764.96,3,0,0,15,0,0,0.02783912476071637
18,2580.73,3,0,1,16,0,0,0.07539019042716785
70,2900.83,2,4,0,13,0,0,0.1770675601703422
23,1503.4,3,0,1,11,0,0,0.05248557770880456
57,332.93,2,1,1,12,0,0,0.022739676001854375
42,433.97,3,1,0,13,0,0,0.035472328756613734
56,1292.77,7,0,1,13,0,0,0.005806635231270264
45,921.52,3,0,1,7,0,0,0.02571616028523063
46,675.83,5,1,1,9,0,0,0.018905467961962928
44,2868.97,3,0,0,9,0,0,0.06875838144519997
56,747.17,3,0,1,13,0,0,0.013308467618261342
53,2886.26,4,2,0,7,0,0,0.1021666994459777
10,2330.35,3,1,1,12,0,0,0.1476500062535551
59,1994.65,2,1,1,10,0,0,0.045812184230136645
39,2092.85,4,0,0,16,0,0,0.03383705642359018
23,1128.13,3,0,0,16,0,0,0.04733904669571829
37,2010.0,4,2,0,10,0,0,0.10119239554245989
69,722.74,0,1,1,7,0,0,0.03872893954678672
61,2825.58,4,1,1,10,0,0,0.03621369575774533
60,1045.02,6,3,0,18,0,0,0.023320920764882985
33,914.52,3,2,1,13,0,0,0.06572928432460268
56,2191.26,2,3,1,11,0,0,0.11643231577167618
28,2038.06,0,0,0,16,0,0,0.12209004384292799
49,1463.64,2,2,0,11,0,0,0.09190690670183392
46,1970.85,2,1,1,10,0,0,0.06602732790958818
18,646.58,3,2,1,17,0,0,0.07701431477717477
19,2085.32,3,2,0,7,0,0,0.23056203901119254
5,957.71,1,1,1,19,0,0,0.12455791947523788
10,963.94,7,0,0,11,0,0,0.028705664230973312
31,654.1,2,2,1,6,0,0,0.10621383850762788
34,1130.66,2,1,1,7,0,0,0.07552602511610662
12,1127.5,2,0,1,17,0,0,0.06232307515480967
30,1471.7,4,1,1,11,0,0,0.049864638261153116
43,733.17,1,3,0,12,1,0,0.14782321134737123
17,740.42,3,1,0,10,0,0,0.0928178958126508
25,1716.87,2,0,1,13,0,0,0.06382861032329089
27,560.86,2,5,0,16,0,0,0.2894971082175102
36,2128.91,4,1,1,9,0,0,0.05913278908942489
27,2843.05,3,3,1,14,0,0,0.22009625273884853
53,1395.03,2,2,1,11,0,0,0.0624390308791923
24,2723.09,5,1,1,12,0,0,0.07251234486168082
31,475.29,6,3,0,12,0,0,0.05591543916866432
27,320.28,4,2,0,16,0,0,0.054643774864087856
13,2219.83,4,1,0,21,0,0,0.09249397427570295
49,2330.86,0,1,0,11,0,0,0.13790092265841053
17,2560.56,3,2,0,13,0,0,0.23027859569226328
22,359.09,0,2,1,13,0,0,0.14778885389834143
57,2375.34,6,0,1,9,0,0,0.013689200206077288
68,1254.31,4,2,0,7,0,0,0.0349979761623001
48,1049.35,3,1,1,6,0,0,0.0395747828318048
66,684.47,4,0,1,12,0,0,0.007687482604423494
61,2988.84,4,2,0,14,0,0,0.0641309742180471
35,378.26,5,2,0,15,0,0,0.035796260129235466
55,2515.62,2,0,1,13,0,0,0.036753073966287846
24,1990.58,4,0,0,11,0,0,0.06190955520921489
33,2258.23,2,3,0,15,1,0,0.23084388136939146
39,2192.81,6,0,1,14,0,0,0.017584360361436263
69,2603.62,4,0,0,11,0,0,0.02115160536502154
61,714.62,2,0,0,13,0,0,0.01911113461144811
35,202.31,4,1,0,10,0,0,0.03482901133019077
47,1875.88,1,0,1,15,0,0,0.042638452366729966
15,1190.8,1,0,0,5,0,0,0.15220366633794488
58,546.6,1,1,0,9,0,0,0.045817804659235885
40,721.19,0,0,0,7,0,0,0.07593629902604317
38,1128.9,2,2,0,15,0,0,0.09362452389429805
55,396.65,2,3,1,8,1,0,0.06793989180149643
45,359.36,4,2,1,15,0,0,0.026396761655489164
6,2764.87,1,1,1,15,1,0,0.2598826840473322
21,1073.89,0,2,0,13,0,0,0.2398121871064677
13,2950.25,2,0,1,11,0,0,0.1526819238261363
53,2900.23,2,1,1,12,0,0,0.07174629503088485
3,599.2,1,2,0,9,0,0,0.2900415526455028
15,2201.79,3,3,0,18,1,0,0.2543888679114649
43,1882.25,2,0,1,16,0,0,0.03567887147274121
50,2133.81,4,0,1,11,0,0,0.023673546266341845
36,469.33,3,1,0,8,0,0,0.05283649296401637
62,727.97,5,0,1,8,0,0,0.008068197945004034
66,414.59,3,2,0,13,0,0,0.026487836976562804
10,1891.58,2,1,0,7,0,0,0.23419433588027466
68,2962.46,4,3,0,7,0,0,0.10342135581898153
44,2081.56,0,0,0,19,0,0,0.0708186825199233
46,2190.13,0,1,0,15,0,0,0.12183153380711689
7,2956.84,2,0,1,15,1,0,0.154125186787681
45,2098.43,3,3,1,9,0,0,0.12910500225016738
52,312.51,2,3,1,8,0,0,0.07159011788458516
42,2627.62,3,2,1,12,0,0,0.10286829547733219
6,1221.1,6,2,0,12,0,0,0.10070811123458864
38,212.22,2,1,1,13,0,0,0.036441315592762695
67,1620.26,1,3,1,10,0,0,0.09177863121707655
52,2823.64,1,1,0,11,0,0,0.12089446235700942
10,920.53,4,2,1,15,0,0,0.0908417151309391
69,1576.24,1,0,1,8,0,0,0.02651903782827398
69,686.58,7,2,0,11,0,0,0.010350715986500763
13,361.54,1,3,1,25,1,0,0.1385095259302714
57,425.53,3,1,1,12,0,0,0.018194346233957444
29,2235.63,3,1,1,17,0,0,0.0696790355043985
43,2619.41,2,0,0,12,0,0,0.07277567075816986
32,601.24,0,1,1,15,0,0,0.07708074548814572
56,1007.29,2,2,1,18,0,0,0.036630898318450976
71,746.08,1,1,0,11,0,0,0.031166485120757537
57,275.2,1,1,1,13,0,0,0.02759687445021339
67,1749.61,6,4,0,8,0,0,0.0586423817180591
68,2159.78,6,2,1,12,0,0,0.018785181195224987
7,2014.06,2,0,1,7,0,0,0.1481865062104934
18,1286.55,3,0,1,13,0,0,0.05121505835285478
52,1754.03,4,4,0,10,1,0,0.13349892503059035
42,463.48,2,1,0,15,0,0,0.04264021154315145
4,632.05,0,1,1,10,0,0,0.19841058900658992
7,2809.02,5,0,1,14,0,0,0.07442744108309508
37,2332.22,4,2,0,16,0,0,0.09021745910941248
44,2783.67,4,0,1,9,0,0,0.04008454461026007
12,2766.7,5,1,0,11,0,0,0.13555316002623188
13,2018.3,6,2,0,20,0,0,0.08181259905035523
10,2799.07,2,1,0,13,0,0,0.2561866395259683
41,1366.77,6,0,0,13,0,0,0.015988813936319304
1,210.13,4,1,0,16,0,0,0.07291655444029888
41,375.2,2,0,0,12,0,0,0.03148106769486644
34,506.56,1,4,1,12,0,0,0.19779374980800674
34,466.99,5,1,1,7,0,0,0.027037664864058432
49,1184.77,4,3,1,15,0,0,0.05003959984676134
38,2163.56,3,1,0,13,0,0,0.0791264639571167
52,2413.82,5,0,1,13,0,0,0.017690927550580594
55,1852.6,4,2,0,17,0,0,0.04287095042563209
66,610.02,5,1,0,10,0,0,0.012571620573454888
57,2294.12,4,1,1,10,0,0,0.032845959183410385
37,1193.45,3,1,0,14,0,0,0.05340686343703283
35,236.38,2,2,1,14,1,0,0.05856301384293867
17,985.65,1,2,0,13,0,0,0.2083044330124952
43,1125.68,4,1,0,11,0,0,0.03834656581324273
10,967.89,0,3,1,14,0,0,0.3243042183695011
67,2473.24,2,2,1,14,0,0,0.056528956185353973
60,2327.79,5,2,0,17,0,0,0.034711689551287166
9,2147.55,4,0,1,9,0,0,0.08514660735363021
56,589.21,2,0,0,15,0,0,0.0193480609996916
9,2461.93,4,0,1,6,0,0,0.108012906660231
52,2096.09,3,0,0,16,0,0,0.029863251315322217
7,745.55,4,2,0,14,0,0,0.12195830750025123
35,2014.66,0,0,0,10,0,0,0.12630125836401054
47,1553.83,2,1,0,7,1,0,0.07897454389456736
52,1430.18,2,0,1,14,0,0,0.024743957781105472
30,513.94,0,1,0,10,0,0,0.1221576546202527
66,1651.25,2,1,1,12,0,0,0.02983726657998394
55,479.81,3,1,0,15,0,0,0.022577029600438767
15,659.91,2,1,0,12,0,0,0.11171463369177527
48,571.13,1,2,0,10,0,0,0.08910034789848524
52,2871.5,3,1,0,17,0,0,0.05956725138053545
24,997.62,5,2,1,14,0,0,0.05111040368781899
53,1194.57,4,0,0,10,0,0,0.019952191008256754
64,1101.83,2,3,1,8,1,0,0.06930758499379895
59,2715.1,4,1,1,18,0,0,0.026173734298259168
55,1776.3,3,5,1,11,0,0,0.17396679519540975
46,2773.65,4,1,0,14,0,0,0.05994380982678143
20,1039.79,4,1,1,10,0,0,0.05843302446075398
57,521.54,2,0,1,18,0,0,0.012330263662515483
26,1757.41,4,1,1,15,0,0,0.053150803188652514
38,1167.5,2,0,1,12,0,0,0.03663021110852085
23,2445.34,2,1,1,7,0,0,0.1656631316156365
23,2662.39,4,2,1,11,0,0,0.14260203017024983
12,1523.21,2,2,0,9,0,0,0.25953185567673454
69,2919.81,3,1,1,5,0,0,0.04738002173605037
11,1748.44,6,0,1,11,0,0,0.03828757074411605
7,958.58,1,1,1,8,0,0,0.17802094015730277
67,1569.13,4,1,1,5,0,0,0.0224488790918032
40,304.47,0,1,0,12,0,0,0.0792271607576707
32,2451.2,4,2,0,9,0,0,0.14156518827135242
53,484.02,2,0,1,15,0,0,0.01558436963587291
28,1064.5,5,1,0,13,0,0,0.04134207201059861
10,1782.89,5,0,1,14,0,0,0.04551233428146296
52,320.33,2,2,1,9,0,0,0.045540754962234725
13,422.09,2,1,0,10,0,0,0.11662930111654309
40,2149.13,6,1,0,15,0,0,0.03203289567655408
68,400.98,2,1,0,8,0,0,0.025944757448669496
67,1535.83,6,1,1,10,0,0,0.010566609264648827
26,1148.35,1,2,0,11,0,0,0.1893548013266031
56,838.62,3,0,0,12,0,0,0.01877525558188483
44,728.58,5,2,1,5,1,0,0.037271232358228296
35,2337.55,2,0,1,15,0,0,0.05637785398855314
10,2864.32,5,3,0,12,0,0,0.2859400132525362
27,592.5,5,1,0,6,1,0,0.047183313864635854
47,2887.11,2,1,0,15,1,0,0.09569064695951757
71,1865.34,4,2,0,12,0,0,0.03323492281112638
1,1996.65,3,1,1,10,0,0,0.17783379210419198
51,2187.79,5,1,1,7,0,0,0.03294586430607226
61,2171.53,1,0,0,9,0,0,0.052907324160024895
68,2495.47,6,1,0,12,0,0,0.018221820941644953
31,1553.71,5,1,1,11,0,0,0.038794337584152516
9,1693.4,3,2,0,9,0,0,0.2401504556022573
20,1106.72,5,0,1,12,0,0,0.028055721004984702
61,494.72,4,1,0,6,0,0,0.021498514704537973
63,2060.99,2,1,1,6,0,0,0.049466633972853176
46,294.11,1,2,0,4,0,0,0.10739016336425429
9,971.78,3,0,1,11,0,0,0.06361734638245893
9,463.84,8,4,0,13,0,0,0.09140074437903212
34,734.04,3,1,1,15,0,0,0.03599972157116354
42,1988.45,4,2,0,15,0,0,0.071469809316147
3,1959.73,3,1,1,10,0,0,0.16691282189011966
49,1378.95,2,1,0,11,0,0,0.05920409691513783
39,452.48,5,1,0,11,0,0,0.025353543355422663
1,1413.45,0,2,1,13,0,0,0.338945886562563
7,1187.69,1,1,1,5,0,0,0.21375443639998828
33,2217.29,2,2,1,14,1,0,0.13190742448229728
52,1821.27,5,3,1,18,0,0,0.04048366353103564
59,1576.38,6,2,0,9,0,0,0.028546433914886097
31,1563.55,6,0,0,12,0,0,0.024409949819261402
21,2905.63,2,1,1,17,1,0,0.14192272825065627
69,2317.62,6,5,1,14,1,0,0.06364895464081644
33,1591.54,4,3,1,13,0,0,0.10003854540124879
23,1541.82,5,0,1,16,0,0,0.025861381392359998
32,274.14,4,0,1,18,0,0,0.013967539376432457
1,2839.03,2,5,1,11,1,1,0.6908130518063375
22,1093.69,0,1,1,9,0,0,0.15339265178847902
37,916.63,7,0,1,8,0,0,0.010962760751442932
66,2998.34,0,2,0,9,0,0,0.1758798356942922
53,2212.33,4,2,1,19,0,0,0.037378037912249085
56,332.62,5,1,0,11,0,0,0.01450627318962064
39,373.28,6,1,1,19,0,0,0.010290057342710232
8,271.4,3,1,1,12,0,0,0.07196391308443263
28,1878.93,6,2,1,10,0,0,0.05924825465999799
71,400.38,4,3,1,9,0,0,0.02454205867837136
4,2813.49,4,0,0,10,1,0,0.15210923421703865
63,2823.34,3,2,0,14,0,0,0.07279053945859071
49,1728.95,5,2,0,15,0,0,0.04094999408498343
21,1926.59,2,2,0,11,0,0,0.22422806563276163
56,1017.3,4,0,1,15,0,0,0.010493439093467779
60,379.12,5,0,0,19,0,0,0.005997124362909958
4,2264.89,2,1,0,14,0,0,0.24034838480945045
8,485.0,3,0,0,7,1,0,0.08161198950731953
48,439.56,1,0,0,9,0,0,0.038590120330588194
71,1071.42,3,2,1,10,0,0,0.02614937599991159
2,234.9,3,4,0,10,1,0,0.3284365459509869
48,1415.3,2,1,0,17,0,0,0.048235906619151954
10,2181.51,2,2,0,14,0,0,0.28304689281994244
47,2443.78,3,0,1,10,0,0,0.03964284194303084
45,1892.06,2,3,0,7,0,0,0.20196715066147475
7,2571.25,5,1,1,15,1,0,0.09756490968691515
49,1338.21,0,3,0,10,0,0,0.20967614946161378
64,2576.56,3,1,0,16,0,0,0.038948036069835566
62,1618.13,2,0,1,12,0,0,0.021603120788866295
3,824.5,5,2,1,15,0,0,0.08343687698912593
18,2843.61,2,1,1,12,1,0,0.18015513193836363
18,969.92,4,0,0,4,0,0,0.06551669396163512
33,273.36,6,1,0,12,0,0,0.020806932120206827
11,879.49,3,5,0,7,1,0,0.46292244850709147
61,1226.73,2,2,0,11,0,0,0.059721976124322854
56,1183.78,1,1,1,11,0,0,0.044681790575942425
58,1669.07,4,3,1,10,0,0,0.057518138035303756
15,2672.76,4,0,0,8,0,0,0.11653088547788049
2,1018.55,4,1,0,14,0,0,0.10467987398970013
65,1658.16,4,2,1,16,0,0,0.023739219656751635
21,1152.39,1,1,1,9,0,0,0.12790810892209825
47,2500.96,5,0,0,12,0,0,0.028851868230572557
65,641.28,1,1,0,14,1,0,0.03141014841898934
3,489.83,1,1,1,15,0,0,0.1289176390481777
1,1608.39,3,1,1,8,0,0,0.16704068303404437
1,2081.29,1,1,1,13,0,0,0.2509389601920937
12,2427.47,0,1,0,10,0,0,0.3500493106956963
4,1850.95,9,2,1,13,0,0,0.048584348505641556
59,2366.78,1,0,0,11,0,0,0.05576625197443713
44,1299.59,4,4,1,21,0,0,0.07139871652774941
70,292.03,4,2,1,11,0,0,0.014421412994672068
57,525.08,4,2,1,9,0,0,0.02552421870277817
69,308.42,3,1,1,5,0,0,0.01633660356383772
17,1121.04,9,1,0,15,0,0,0.019121968546806648
21,1587.38,3,1,0,14,0,0,0.09788573264026393
61,1197.69,7,1,0,14,0,0,0.009266112832089092
18,1769.68,4,0,1,16,0,0,0.04253773574296337
5,1545.71,7,1,1,12,1,0,0.04759779971235256
48,2098.24,3,0,0,9,0,0,0.045140637934510196
57,2067.49,3,4,1,8,0,0,0.14124579879922844
69,1090.58,1,1,1,8,0,0,0.03332951616827067
66,1169.4,2,2,1,13,0,0,0.03597761980654265
9,1838.41,6,0,0,21,0,0,0.035767404286908916
55,1870.01,7,2,0,13,0,0,0.02358712671238841
61,1081.16,5,1,1,14,0,0,0.011480848866253501
50,1124.89,5,2,0,9,1,0,0.04009555281145991
59,2143.33,4,2,1,17,0,0,0.033139414431763506
60,2012.75,5,0,0,12,0,0,0.01601168255842901
32,578.14,1,4,1,18,1,0,0.1720328047732472
3,1434.92,4,1,0,13,0,0,0.12366125635421736
33,2699.58,7,0,1,5,0,0,0.029310373408883112
15,301.66,4,5,1,12,0,0,0.2199269724168623
9,2594.46,4,1,1,6,1,0,0.16576528163415294
9,656.9,1,4,1,7,1,0,0.4121453913448803
50,1620.3,4,1,1,14,0,0,0.025915039765872325
36,1388.14,2,1,1,7,0,0,0.07887986849098903
39,228.36,3,2,1,15,0,0,0.03867745360430546
53,2763.11,3,1,0,10,0,0,0.07382936828227438
39,1473.79,3,3,1,11,0,0,0.1115018935458332
45,2871.95,4,1,1,10,0,0,0.058777089059506016
7,1002.88,4,0,1,12,0,0,0.05091901440881724
61,2625.57,2,0,0,12,0,0,0.0434459363475074
32,2782.69,6,1,0,12,0,0,0.05913828355040522
12,1759.13,2,1,0,13,0,0,0.1731084806506305
58,767.5,1,0,0,10,0,0,0.031471270215478575
53,2118.69,2,1,1,11,0,0,0.05495461236401314
4,1737.14,3,0,1,14,0,0,0.08737314543997848
14,2844.68,4,0,1,15,0,0,0.07610262642049881
2,1429.96,3,1,0,10,1,0,0.17768924472318293
20,951.84,3,2,0,11,0,0,0.13163024646807892
8,587.2,5,0,1,11,0,0,0.03379018532660298
51,2156.17,2,1,0,11,0,0,0.07583390643884416
38,2927.51,2,0,0,15,0,0,0.08364076249879648
70,279.36,3,0,0,10,0,0,0.010653010824087221
54,2273.25,6,2,1,12,0,0,0.02986926752043983
44,2795.41,3,0,1,13,0,0,0.04397172885826512
37,409.39,2,1,0,10,0,0,0.059363894303870485
4,508.48,0,2,0,8,0,0,0.34218510692983306
5,2137.48,2,1,1,12,0,0,0.19545237972406157
44,2014.3,1,2,1,10,1,0,0.13424512435449673
1,392.72,2,1,1,11,0,0,0.12110914828253115
4,2536.38,3,1,0,20,0,0,0.17285153669280856
16,1665.59,2,1,1,8,0,0,0.14502315159162973
63,2740.15,3,1,1,8,0,0,0.046334792292486805
33,2658.37,3,3,0,13,0,0,0.2288897655660015
51,2475.02,6,0,1,19,0,0,0.01110239743721157
30,1644.52,3,4,0,10,1,0,0.27326765190594265
13,904.79,2,3,1,16,1,0,0.1865385267956776
27,1616.73,3,1,1,9,0,0,0.0801128391223605
7,482.27,2,0,0,7,0,0,0.10671707952302649
55,2044.77,4,1,0,12,0,0,0.037468963687893646
14,575.14,1,0,0,8,0,0,0.11138982451772389
27,1631.28,2,4,0,6,0,0,0.3891989315808673
70,352.27,2,3,0,8,0,0,0.05583821406158657
43,1038.63,3,3,1,20,0,0,0.058755323241600065
33,849.83,3,2,0,13,0,0,0.08212467981959092
39,1936.09,1,0,0,16,0,0,0.06798805156497996
56,2403.0,2,0,0,15,0,0,0.040551706730978486
19,360.45,4,1,1,13,1,0,0.04048045240695333
46,2580.79,1,1,0,9,0,0,0.1399907374886261
62,2610.15,3,0,0,14,1,0,0.02980584985752726
41,1158.35,1,3,1,12,0,0,0.14434100033009453
32,2045.21,2,0,0,10,0,0,0.08606115304953339
11,1327.32,5,0,1,13,0,0,0.03836963073181088
18,631.73,2,0,0,16,0,0,0.057800158117002905
68,1680.25,4,0,1,11,0,0,0.011435393250030484
39,441.81,3,1,0,18,0,0,0.03147564560584961
22,2659.72,1,2,0,14,0,0,0.3039843326772059
30,2788.01,1,2,1,11,0,0,0.23953963270639406
42,2500.52,2,2,1,8,0,0,0.14458108222491645
39,1775.08,4,2,1,9,0,0,0.0712501955342869
50,1761.28,1,4,1,10,1,0,0.2185351881425018
19,2956.9,2,1,0,9,1,0,0.2498270785581834
47,894.12,2,0,1,12,0,0,0.025106820600779508
32,412.66,2,1,0,11,0,0,0.06583232525265725
67,1773.43,1,3,0,7,0,0,0.13834995258281926
12,1120.6,2,1,0,13,1,0,0.1380053837251287
11,1102.55,2,1,1,10,0,0,0.12505189773538303
33,219.84,2,2,1,18,0,0,0.05225063063208398
37,1869.47,5,1,0,19,0,0,0.034137712792967366
50,939.29,2,2,1,15,0,0,0.04816453955914289
29,726.0,10,0,0,13,0,0,0.0061286346519732054
65,313.21,2,1,1,14,0,0,0.016292640392611548
34,1220.21,3,1,0,13,0,0,0.061319456800522615
10,2661.11,1,2,1,14,0,0,0.3254170923695833
9,1142.68,2,2,0,20,1,0,0.16833370552431787
70,2101.41,3,1,0,13,0,0,0.03054789366488823
10,2318.33,3,3,1,10,0,0,0.3118273654802596
68,1118.68,1,2,1,11,0,0,0.04668041242833177
20,2500.59,6,1,1,10,1,0,0.06302316076214183
7,2137.26,0,0,1,17,0,0,0.16781265243766424
22,1765.88,3,2,1,13,0,0,0.12338451067044716
44,202.78,2,0,0,9,0,0,0.030493828478266323
31,298.25,4,1,1,13,0,0,0.027702612190259424
56,2974.42,2,2,0,8,0,0,0.149492089507562
44,2390.39,1,1,1,10,0,0,0.10474703310635827
29,2825.18,2,1,1,13,0,0,0.12981292400371028
46,2726.45,3,0,1,5,0,0,0.0562759611686781
69,257.24,6,0,0,16,0,0,0.0037890421701490167
30,2417.17,4,1,1,12,0,0,0.06953330117331057
11,1463.21,2,2,0,14,0,0,0.2206920777299743
30,2410.76,2,1,0,13,0,0,0.13709328920674227
60,218.8,3,1,0,17,0,0,0.016020915620845785
16,1006.96,3,1,0,10,0,0,0.10553188001832088
68,2303.71,2,4,1,17,0,0,0.10261436391309725
42,2420.46,2,1,0,10,0,0,0.11196480187339333
43,1935.2,6,0,1,9,0,0,0.017382186580035704
23,1043.52,4,2,1,16,0,0,0.06342431301951723
66,1069.02,4,3,1,12,0,0,0.03292177705853173
3,2906.94,1,1,1,10,1,0,0.3369892826570718
22,1429.79,2,0,0,16,0,0,0.07055800573105266
30,1451.95,7,2,0,8,0,0,0.05132483954789828
34,1746.53,2,0,0,10,0,0,0.07247851278079391
34,1346.61,3,0,1,16,0,0,0.028928053388461526
11,1747.48,2,1,0,6,0,0,0.22581003575965283
17,1410.54,5,2,1,9,0,0,0.08984170888014645
7,2514.8,4,2,1,15,1,0,0.17622125049601953
41,2745.34,1,3,0,11,0,0,0.3096347125677089
25,2809.91,0,1,0,12,1,0,0.2803872555946019
41,1780.03,6,2,1,17,1,0,0.0290458179206523
42,1438.02,2,1,0,16,0,0,0.06032658951225479
50,2174.67,1,1,1,13,0,0,0.07239262162661096
39,2547.31,1,2,0,17,0,0,0.17860732595593226
47,1776.35,3,1,0,11,0,0,0.057093046809785455
42,2159.95,6,1,1,4,0,0,0.037266515347934535
47,2299.24,1,1,0,10,0,0,0.11837885725181549
44,2093.9,1,2,1,16,0,0,0.10980063408086996
23,2289.17,0,0,1,11,0,0,0.14633363180567552
18,784.21,5,3,1,22,1,0,0.060776063519192944
56,1595.45,2,1,0,17,0,0,0.04105941167543221
25,1847.15,5,1,0,12,0,0,0.06418755960881255
39,206.94,0,0,0,10,0,0,0.0564926940968153
14,2596.7,0,0,0,4,0,0,0.31300232639477416
31,1908.07,2,0,1,7,0,0,0.07404132449500274
38,561.58,0,0,0,18,0,0,0.04807581881353511
45,2485.8,5,1,0,10,0,0,0.05047004341995525
38,2207.76,4,3,1,9,0,0,0.1283331017273269
26,2323.24,4,1,0,12,0,0,0.09590021162555737
69,1297.72,1,2,1,14,0,0,0.04297972733617267
37,2591.77,3,2,1,15,0,0,0.1034666732960661
58,1359.28,2,0,0,9,0,0,0.03226546477689586
53,1797.43,1,4,1,10,0,0,0.20576609540833155
40,201.8,3,0,0,11,0,0,0.024327870542941988
63,2005.64,3,3,0,6,0,0,0.10921803336084372
10,2210.89,1,1,0,14,0,0,0.2515967141955572
66,1787.91,1,1,0,12,1,0,0.052640208164994075
61,1590.36,4,0,0,15,0,0,0.014907828894748301
36,2467.82,0,0,0,6,0,0,0.16806472814238385
53,2107.84,5,2,1,11,0,0,0.03881738317462741
37,978.61,2,1,0,8,1,0,0.08044214332429589
20,2885.41,3,5,1,10,0,1,0.505113669912244
57,2180.35,4,1,1,14,1,0,0.026463510388359035
18,2966.23,3,3,0,12,1,0,0.3581109012782298
23,2919.53,2,1,0,8,0,0,0.23260677861413245
37,2772.95,6,1,0,17,0,0,0.041398153603321934
60,2315.04,2,0,0,16,0,0,0.03335668385471595
28,1906.4,3,1,0,13,0,0,0.09475077183666439
36,682.08,6,0,1,13,0,0,0.010747852812468244
3,1721.38,1,1,0,13,0,0,0.261482192354788
9,2343.05,4,1,1,13,0,0,0.11634222681864136
4,1658.4,2,0,0,12,1,0,0.14708112732436338
6,2631.07,3,1,1,8,0,0,0.2091830564432696
62,507.04,2,1,1,7,0,0,0.026043218532375408
60,1266.63,2,1,0,10,0,0,0.04289890571514412
59,1616.7,1,0,0,12,0,0,0.039620815149676206
4,1410.51,1,3,0,9,1,0,0.4637266338067287
6,504.04,3,1,1,16,0,0,0.07089795457931408
20,629.88,1,3,1,10,0,0,0.21873603327977142
41,2545.33,3,0,1,12,0,0,0.04526198856588951
24,1556.28,4,2,1,11,0,0,0.09204009219462715
35,336.42,5,2,1,11,0,0,0.03217844517036001
13,246.18,2,1,1,17,0,0,0.06463417745792016
52,1525.73,5,0,1,7,0,0,0.01586576356506922
23,660.26,3,0,0,14,0,0,0.042655122428421774
5,2174.35,4,1,0,12,0,0,0.15909499288095283
53,2426.91,3,3,1,8,0,0,0.12223056843483555
65,839.23,3,0,1,12,0,0,0.011004639694052167
2,1858.1,4,2,1,12,0,0,0.17738139726520402
32,632.45,6,0,1,19,0,0,0.009164270512189474
59,1050.03,3,3,0,10,0,0,0.07223468641131163
51,2688.63,3,1,1,9,0,0,0.061607948454457696
61,1723.47,5,1,0,11,0,0,0.02216061576409402
30,2680.49,2,0,1,12,0,0,0.08395379929323088
27,830.69,4,1,0,15,0,0,0.045991380926107724
51,1124.07,4,1,1,9,0,0,0.025405068330269866
11,1518.67,4,2,1,13,0,0,0.11970033756653789
17,1544.22,2,1,1,9,0,0,0.13017570734005401
43,2993.41,1,1,0,12,0,0,0.15688437400864555
48,520.45,3,1,1,10,0,0,0.026956871265481203
9,2585.5,1,0,0,8,1,0,0.2535915991858542
37,2618.31,6,0,1,12,0,0,0.024226348098944212
26,1748.96,3,1,1,9,0,0,0.08668963463651706
36,1163.3,1,0,1,8,0,0,0.059029520746880046
69,1653.83,4,1,1,19,0,0,0.011993980771568082
6,1018.91,6,0,0,10,0,0,0.044528919496729526
71,2437.5,5,2,0,10,0,0,0.03525898195740354
32,1595.18,2,0,0,11,0,0,0.06943218243659795
55,2792.36,3,2,1,14,0,0,0.07037700129074118
31,1943.54,6,2,1,12,0,0,0.051327831844408735
23,1640.09,3,2,0,11,0,0,0.15588968527112423
55,2190.99,2,3,0,8,0,0,0.1683273552051987
49,1611.01,2,1,1,16,0,0,0.04091826439535184
11,2732.62,2,1,0,10,0,0,0.2702827912698953
51,716.45,3,0,1,12,0,0,0.015945851679708106
54,2925.38,0,1,1,8,0,0,0.1332856739200889
28,2474.13,3,1,1,11,0,0,0.0998725812669902
66,2610.05,4,2,1,15,0,0,0.03544791520444718
46,1552.14,3,1,1,12,0,0,0.039955602873270026
24,2544.16,4,2,0,11,0,0,0.1670796909159936
1,1058.97,3,0,1,12,0,0,0.07929496627451886
48,2333.45,4,1,0,21,0,0,0.03541757590614975
15,593.26,4,1,1,11,0,0,0.05425549242606906
54,1059.75,8,0,0,8,0,0,0.006963129416819003
38,1448.05,0,1,1,9,0,0,0.11426251451561524
34,1102.5,5,3,0,7,0,0,0.10252980806755067
12,1283.65,2,4,1,10,1,0,0.3586740099224493
51,2496.29,1,0,1,13,0,0,0.05287302745828393
12,918.69,1,1,1,11,0,0,0.13819383133377236
30,2286.79,4,1,0,16,0,0,0.07202936359021622
60,406.39,2,3,1,12,0,0,0.05010643796523169
66,2344.07,6,0,1,16,0,0,0.007605208716975513
71,2417.67,2,0,1,8,0,0,0.02719391603605589
69,1324.76,1,1,0,8,0,0,0.047358990577913485
40,2222.94,3,1,0,22,1,0,0.05295929138427032
15,2762.39,3,3,0,9,0,0,0.39020439659138495
60,2442.0,6,2,1,8,0,0,0.03173560556350619
57,1293.25,2,2,0,12,0,0,0.06598183101764564
71,1555.8,0,1,0,15,0,0,0.047202265942623396
47,2382.2,2,2,0,8,0,0,0.15283414474895884
11,1019.26,3,1,0,20,1,0,0.08192185389893551
36,2450.87,0,1,1,9,0,0,0.17283849172077498
32,1118.6,6,0,1,6,0,0,0.019631984137535325
60,2456.77,3,1,1,14,0,0,0.03508969769315958
28,443.04,2,0,1,12,0,0,0.03666676503123974
24,324.31,1,0,1,14,0,0,0.046656732470033865
6,2993.49,2,0,0,11,0,0,0.22894885843670715
60,2634.48,2,2,1,13,0,0,0.07658743032345133
54,2671.97,3,2,1,16,0,0,0.06366291680782671
3,2863.58,8,0,0,7,0,0,0.06903663825356621
31,1427.29,10,0,0,16,0,0,0.006784689272325962
35,1003.14,5,2,0,11,0,0,0.05436487037545195
34,564.07,3,0,1,10,0,0,0.02711973453458505
66,1603.39,6,0,0,17,0,0,0.006974209317335319
11,816.14,2,1,0,13,0,0,0.1268274756477123
22,2819.54,2,2,1,11,0,0,0.23789895028745672
13,211.21,4,0,1,12,0,0,0.03103899326264187
18,600.95,5,1,0,13,0,0,0.045955865276451395
65,890.13,2,2,1,10,0,0,0.037548635543599114
67,757.08,2,0,0,13,0,0,0.01624564357425019
4,832.18,2,3,1,16,0,0,0.2264681861795584
45,2036.93,3,2,0,6,0,0,0.1217876220665559
17,1117.03,2,0,0,7,1,0,0.10308251148709113
14,1922.07,1,5,0,18,1,1,0.5621661539831635
21,2692.72,4,1,1,15,0,0,0.08830697819639982
14,1887.16,2,0,1,8,0,0,0.11308176537508434
35,2144.69,1,0,1,15,0,0,0.06709956779241211
71,1223.41,4,0,0,12,0,0,0.010780592285159055
42,647.27,2,0,0,10,0,0,0.03714008980198859
52,1097.64,1,6,1,9,1,0,0.33377972651551546
36,2899.99,4,0,0,17,0,0,0.049038503081323855
1,1941.07,2,2,1,10,0,0,0.2997873691533269
6,977.03,3,1,1,15,0,0,0.08862066085569356
20,1462.56,2,0,1,11,0,0,0.07227054908008924
18,2539.44,2,2,0,6,0,0,0.3376878187795054
60,2071.64,2,1,0,19,0,0,0.04068525151650696
60,1769.83,2,2,0,19,0,0,0.05480912949410964
61,2678.46,2,5,1,11,0,0,0.25058411429731936
46,2082.83,5,2,0,6,0,0,0.07447248870462055
40,1999.64,3,0,0,13,0,0,0.046362841247397354
47,731.35,5,0,0,10,0,0,0.015184698810809515
29,497.89,3,0,0,9,0,0,0.04133435244215602
48,2902.4,3,1,1,13,1,0,0.061986886796930644
57,1876.8,3,1,1,15,0,0,0.02903337169353823
55,1363.91,1,0,1,15,0,0,0.0273653530455748
44,1849.26,5,2,0,14,0,0,0.05182434365472267
5,373.07,3,1,1,8,1,0,0.09554373723349432
52,2501.96,2,1,0,15,0,0,0.07172490569572736
27,806.61,3,1,0,14,0,0,0.06110646247482365
53,2452.73,2,0,1,8,0,0,0.04684774745977476
39,1696.26,4,2,0,8,0,0,0.09199923527083496
63,974.4,6,2,0,10,0,0,0.01896606490344968
25,284.59,2,1,0,13,0,0,0.07043452828164169
67,2484.33,3,2,0,6,0,0,0.07875283511181555
60,694.09,3,0,1,16,0,0,0.010135504051458546
24,345.05,3,0,1,15,0,0,0.026982060746532015
35,2316.46,4,1,1,10,0,0,0.06288960782656317
38,1180.12,2,1,0,10,0,0,0.07801168022147968
55,1290.14,0,1,1,9,0,0,0.06702520518852487
49,891.79,3,1,0,17,0,0,0.02933581757335786
61,2605.7,4,2,0,12,0,0,0.05985823175633872
27,1032.52,3,2,1,13,1,0,0.08155080498610812
36,788.54,5,3,0,15,0,0,0.062264873286038684
31,1065.9,3,0,1,9,0,0,0.037909602553425514
65,768.82,7,3,1,10,0,0,0.014951421865180418
22,1089.43,3,1,1,13,0,0,0.06389514362281513
42,432.22,1,1,0,11,0,0,0.06397657052670509
9,643.88,3,2,1,14,0,0,0.1111724941644034
61,1367.75,4,1,0,10,0,0,0.025927209887840898
28,2662.51,4,2,1,6,0,0,0.15085728388112826
25,360.41,3,1,0,15,0,0,0.05204744537554726
42,795.49,1,0,0,17,0,0,0.037964088461695966
36,2743.37,5,1,0,15,0,0,0.05895761935183035
61,2692.04,5,4,1,14,0,0,0.07870065449071047
38,2102.46,5,1,0,7,0,0,0.06004539224080477
37,873.33,1,1,0,15,0,0,0.07446571771100621
8,1375.47,1,2,0,9,0,0,0.32699870959965377
2,791.42,2,2,0,10,1,0,0.2508357726910081
29,560.05,1,3,1,6,0,0,0.1974478871499273
71,1264.0,1,0,0,13,0,0,0.023062229550260056
66,1812.3,1,0,1,16,0,0,0.02271018412242559
45,1207.81,7,2,1,9,0,0,0.02212408970841432
45,1910.31,2,0,0,16,0,0,0.04399970811601635
28,1029.51,2,1,1,14,0,0,0.0647652753185355
13,1168.38,3,1,0,8,0,0,0.1312000338741488
1,2413.89,5,2,0,15,0,0,0.19776629779001853
25,2659.28,2,1,1,12,0,0,0.1410675260730532
23,1101.7,1,2,1,11,1,0,0.16113952431652853
14,1800.24,5,2,1,16,1,0,0.08578064592492807
19,978.85,3,2,1,17,0,0,0.08513079474974357
2,349.34,4,1,1,14,0,0,0.06327303347112113
44,2266.0,6,1,0,16,0,0,0.028603906800084438
66,678.81,1,2,0,13,0,0,0.04925786477435595
50,1392.0,2,1,1,13,0,0,0.041257729255226805
32,1563.73,1,1,1,9,0,0,0.1107925935278457
30,716.52,1,1,0,14,0,0,0.08879374216268972
22,464.75,3,1,1,15,0,0,0.045900394715667765
11,1174.44,3,1,1,12,0,0,0.09370599846075074
43,2866.4,2,2,0,16,0,0,0.1497276736925096
41,1922.38,2,0,0,12,0,0,0.058606210751536096
1,1267.95,1,0,0,9,0,0,0.1927239675417673
30,308.95,6,0,0,10,0,0,0.01634969853719236
20,1880.77,4,1,1,12,0,0,0.07489262208640186
13,458.32,6,0,0,13,0,0,0.0254217380500239
50,1719.12,4,0,1,12,0,0,0.019127153113233424
38,2305.46,1,2,0,6,0,0,0.24675069969149435
45,1386.04,3,1,0,8,0,0,0.05863377261768629
51,1038.35,4,1,0,13,0,0,0.026847699451825933
70,332.68,3,1,1,15,0,0,0.010401488468706895
57,269.38,5,3,1,13,0,0,0.022944415384689394
45,1404.07,3,1,0,14,0,0,0.046056860391528655
63,2673.37,2,2,1,19,0,0,0.055872642575686506
34,883.38,2,0,1,15,0,0,0.032360835677484504
70,1807.36,4,1,1,15,0,0,0.014738019762201975
55,2116.06,1,2,0,12,0,0,0.12164852222162958
47,370.32,1,1,1,17,0,0,0.032557831194532136
65,628.68,4,2,0,11,0,0,0.025016702389986253
37,1127.58,3,2,1,5,1,0,0.08809205237996681
52,2076.26,2,0,0,12,0,0,0.045314734513151066
21,1429.3,4,0,0,8,0,0,0.06115795029202105
69,2255.75,5,0,0,13,0,0,0.01293577661158456
45,2629.27,5,2,1,10,0,0,0.06283757252300316
56,2323.44,2,1,1,16,0,0,0.044408943885850614
33,2978.29,2,0,0,21,0,0,0.07711814791461202
62,2312.21,0,2,1,7,0,0,0.1311621535667425
6,2586.1,1,4,0,17,1,1,0.5932107436134711
9,2530.63,3,2,0,20,0,0,0.21737346582856437
37,2244.74,4,0,0,10,0,0,0.049049468446269416
53,2445.05,2,2,0,13,0,0,0.11027765914776011
58,2817.11,5,2,0,11,0,0,0.05751487126796168
32,1530.58,1,0,0,11,0,0,0.08658663956767912
47,1987.2,2,2,0,21,0,0,0.07967829739146137
40,1641.83,7,1,0,11,0,0,0.023818214562464583
69,2582.9,4,0,0,14,0,0,0.018442125385062246
47,1407.81,5,0,1,17,0,0,0.011412188638610894
30,2495.23,2,0,0,9,0,0,0.11215604387754967
69,2438.19,2,1,0,14,0,0,0.04467563172314241
8,2893.28,1,0,0,10,0,0,0.2675351112902008
70,896.98,6,1,0,6,0,0,0.011464775009197915
11,2186.93,3,2,1,15,0,0,0.17719430210514978
21,2319.37,0,3,1,12,0,0,0.39775306552124473
59,2821.58,5,0,0,5,0,0,0.031007194167501667
53,2739.33,3,2,1,9,0,0,0.08919085083448333
69,1805.87,5,1,0,20,0,0,0.012247615622609887
54,1821.63,3,1,0,13,0,0,0.04367075802511471
46,668.42,3,1,1,16,0,0,0.023539565899966412
25,2929.9,1,6,1,19,1,1,0.614370765354756
1,914.05,3,1,1,18,0,0,0.08822343871857195
9,2229.26,2,0,0,6,0,0,0.19650421970396667
22,2428.23,1,1,1,14,1,0,0.1634483189466994
3,1435.4,0,1,1,9,0,0,0.271983697176894
37,791.34,7,0,0,11,0,0,0.011909681764901406
56,729.09,2,0,0,19,0,0,0.01726387616959446
69,2598.19,3,0,0,7,0,0,0.03243471332889859
35,1630.12,1,0,0,13,1,0,0.07633213263778033
63,452.38,5,1,0,10,0,0,0.012890676303240286
70,2207.65,2,2,0,8,0,0,0.07669538308192392
62,900.48,2,1,0,11,0,0,0.03345147777376448
34,2653.91,2,0,1,6,0,0,0.09442045641353711
24,1066.8,4,2,1,14,0,0,0.067501897909569
70,760.76,2,1,1,10,0,0,0.02002701223818181
18,437.6,4,0,1,7,0,0,0.03626411223717506
30,1632.29,2,0,1,10,0,0,0.060503183162051506
6,1462.07,3,1,1,15,0,0,0.10651314624753817
57,2303.67,1,1,1,8,0,0,0.07645724939952993
47,1500.89,2,0,1,6,0,0,0.041405749109821595
7,1162.68,3,0,1,24,1,0,0.0424455780222985
16,932.63,5,3,0,14,0,0,0.11949980491917699
40,978.81,1,0,1,7,0,0,0.05094191160260718
39,2797.97,4,0,1,7,0,0,0.05070203268217357
57,662.22,1,3,0,22,0,0,0.06622537193606126
19,2966.89,5,2,0,13,0,0,0.16380228522252369
66,1115.37,1,1,0,14,0,0,0.036965238862548426
32,447.49,2,2,0,13,0,0,0.09231010195221617
59,896.33,4,3,1,17,0,0,0.03054553615754409
17,363.56,4,0,1,7,0,0,0.03624433662257377
3,2412.08,4,3,1,15,0,0,0.26433012250471105
4,1635.15,4,2,0,10,1,0,0.20851413495357235
27,1143.56,4,0,1,14,0,0,0.027538275342368967
68,2053.74,1,0,1,12,0,0,0.028010347560208062
4,1965.81,6,1,1,17,0,0,0.060583055906003845
27,2831.64,7,1,0,13,0,0,0.05195909291933025
8,2891.53,1,2,1,10,1,0,0.4022052188726142
67,2105.91,6,0,0,14,0,0,0.009500565024615845
48,2489.88,2,2,0,12,1,0,0.13322960559723782
55,2418.79,5,1,1,13,0,0,0.024921843742829942
51,1575.65,6,3,1,16,0,0,0.03175993620389855
47,2172.48,4,0,0,17,0,0,0.026434220282776956
55,419.13,1,0,1,15,0,0,0.01856812834501634
1,2322.46,1,2,1,11,0,0,0.385730821540405
62,2893.13,5,2,1,11,0,0,0.040924210737936006
53,437.93,3,0,0,12,0,0,0.01741312873586196
53,2541.12,2,2,1,15,0,0,0.08297825363822114
28,2812.34,2,0,1,6,0,0,0.11804508712124621
57,833.33,3,0,0,13,0,0,0.01741714119547882
28,1669.47,4,1,1,16,0,0,0.04645408736111298
4,2798.0,3,1,1,10,0,0,0.21651336834024248
65,2888.63,1,2,0,13,0,0,0.1190505719534212
17,558.07,4,2,0,11,0,0,0.09735615324772881
8,1177.21,2,2,0,9,0,0,0.25509866555100047
45,2154.8,2,1,1,11,0,0,0.07009087262779819
17,820.36,3,1,0,9,0,0,0.09953397182556209
61,1109.36,1,1,1,4,0,0,0.050191740889767016
32,265.21,3,1,0,11,0,0,0.04829102181909108
1,629.86,4,1,0,13,1,0,0.09662593990247151
68,1774.52,6,0,0,15,0,0,0.007688604522480137
37,2028.65,5,0,0,6,0,0,0.04120650994416235
19,2016.95,2,2,0,13,0,0,0.22625118737824335
49,2379.41,4,3,0,15,0,0,0.10208666093260149
38,1362.79,3,3,1,7,0,0,0.1282268251738791
3,965.77,2,1,1,11,0,0,0.14156685546226447
54,243.63,0,3,0,15,0,0,0.1035985552230945
29,778.56,2,3,0,8,0,0,0.19830327482214014
50,1074.69,5,0,0,14,0,0,0.013461021209672073
64,698.98,5,5,1,12,0,0,0.05407163552820583
44,256.4,3,0,1,15,0,0,0.014299536787972595
48,640.85,3,0,1,13,0,0,0.016200967531513066
19,2065.08,3,3,0,9,0,0,0.29703113959867483
17,1962.84,3,2,0,14,1,0,0.1822001480938082
30,2819.91,4,2,1,8,0,0,0.14060516776453252
61,2434.87,5,2,1,18,0,0,0.026028495373899646
38,1789.72,1,2,1,21,0,0,0.09484075426137709
25,585.16,2,2,1,10,0,0,0.10427294321460817
56,1779.4,3,1,0,13,0,0,0.040495454963058584
61,372.47,1,0,1,11,0,0,0.018065692397319286
65,1406.48,1,0,1,10,0,0,0.0255904115226739
22,1292.72,2,2,0,11,0,0,0.17683030861807136
51,1397.88,4,1,1,10,0,0,0.02723132863140697
42,983.51,5,3,1,15,0,0,0.04390012412870713
32,2120.33,1,2,1,12,0,0,0.1764728670332132
29,2554.64,3,1,1,12,0,0,0.09629637854813064
9,2351.85,4,2,1,8,0,0,0.20331884295573244
20,1957.71,2,0,1,12,0,0,0.08408778992298731
40,1707.37,6,2,1,17,0,0,0.02904620288741751
63,287.04,2,0,0,12,0,0,0.015748491034072703
62,2224.22,4,2,1,20,0,0,0.0275961947661952
14,1725.95,1,1,1,13,0,0,0.16249328399273677
49,958.07,4,0,0,12,0,0,0.018726827453592918
7,1117.96,2,2,1,10,0,0,0.20145284169519415
48,2819.7,1,1,1,8,0,0,0.11920912954679971
25,1948.21,1,1,1,11,0,0,0.14247628409102991
32,1532.55,2,1,1,11,0,0,0.07945838290678307
51,1938.58,5,2,1,14,0,0,0.03387997362589272
31,1358.48,2,2,1,17,0,0,0.08988851601594258
58,1516.51,1,3,0,13,1,0,0.12736514829182582
38,1012.87,4,0,1,10,0,0,0.022310003464608326
71,1431.59,2,0,1,13,0,0,0.014630045805703106
46,2119.66,2,3,0,12,0,0,0.178353179150808
22,311.84,3,0,0,11,0,0,0.043285371819765335
56,2426.08,4,0,0,11,0,0,0.028964156804042268
29,992.34,2,1,1,15,0,0,0.059530714869874955
38,2111.17,0,1,1,10,0,0,0.140263223337647
10,1999.63,4,0,1,17,0,0,0.05642527389315045
9,2027.36,2,0,1,15,0,0,0.1039504913657003
41,1902.76,5,1,1,12,0,0,0.03191184744279799
14,2885.49,5,2,1,19,0,0,0.11490595123398313
71,1623.36,2,1,1,12,0,0,0.025429544611297896
61,2250.49,3,4,1,9,0,0,0.13079351681585344
50,2175.26,4,1,1,11,0,0,0.03688257647438756
53,861.55,4,1,1,8,0,0,0.02242952791938125
43,993.26,2,0,0,12,0,0,0.03813123097520127
5,1387.25,5,2,1,10,0,0,0.118922961755777
28,977.55,4,2,1,7,0,0,0.07731936940488042
36,1226.88,3,4,0,13,0,0,0.1872673528822155
65,1294.69,1,2,1,7,0,0,0.06438974754069467
16,1890.82,5,1,1,12,0,0,0.06574065125673842
36,815.69,3,2,1,7,0,0,0.07412042562546378
25,2452.02,5,1,0,10,0,0,0.08801500587458509
10,1425.1,2,1,0,14,0,0,0.15620970192831032
8,2177.48,2,2,0,11,0,0,0.32324799222210304
26,428.04,3,1,0,14,0,0,0.05413791704650414
6,1515.9,4,0,0,12,0,0,0.0822870468734658
5,279.01,6,0,0,10,0,0,0.0340161303812724
25,2092.55,1,2,1,19,0,0,0.16187277838813047
15,1162.39,1,1,0,11,0,0,0.17479174983988935
40,2857.91,2,1,0,13,0,0,0.12377487902155333
2,1107.55,1,3,0,6,1,0,0.4799119710922394
22,1778.66,3,0,0,11,0,0,0.07730193130557923
33,920.69,2,0,0,9,0,0,0.05615444993376772
69,1936.32,3,2,0,17,0,0,0.03799718799398977
46,1507.72,3,0,1,12,0,0,0.025644157664428378
63,1237.76,3,0,0,13,0,0,0.01719055323529498
25,770.33,5,2,1,18,0,0,0.03834032093734596
32,512.26,5,2,1,13,0,0,0.03469929168718634
30,535.66,5,0,0,8,0,0,0.02538523817163924
64,2997.31,1,0,0,15,0,0,0.05255635593663566
69,1354.47,3,0,1,11,0,0,0.012612483294432583
69,205.4,3,2,0,13,0,0,0.02223309163892264
54,2868.2,1,1,0,16,0,0,0.0957900865936166
36,255.94,2,1,0,7,0,0,0.06503088832486824
39,1372.04,1,1,0,19,0,0,0.07266343968075552
70,2208.94,1,2,0,9,0,0,0.0940844183579573
21,2760.88,1,1,1,12,0,0,0.20179560077736217
25,2196.08,3,0,0,9,0,0,0.09042743413163554
64,1498.15,3,1,1,13,0,0,0.021984352482207613
28,2928.44,6,1,1,10,0,0,0.05931698343129345
17,310.09,2,0,0,14,0,0,0.05687383020114892
40,2963.3,2,2,1,11,0,0,0.16064412162975303
24,2578.3,0,1,1,15,0,0,0.19654947430197806
64,2801.0,3,0,0,17,0,0,0.026731055592327014
65,913.36,4,1,0,12,0,0,0.017522212362135033
22,598.88,2,2,1,15,0,0,0.09348318557036697
38,2057.28,3,1,0,8,0,0,0.09276348078630588
70,1644.41,1,1,0,11,0,0,0.046137580940850555
53,1664.87,6,1,0,6,0,0,0.026202509822132715
16,2788.93,4,0,1,8,0,0,0.09321400002463899
42,1936.23,3,0,0,15,0,0,0.03920671237838587
45,1070.98,5,1,1,15,0,0,0.017723364676686955
47,1320.19,3,1,1,10,0,0,0.03842948042327749
2,573.79,2,1,1,15,0,0,0.10800340911558645
22,738.48,5,0,1,11,0,0,0.023726962344333902
61,601.38,1,1,0,8,0,0,0.044742444032391526
18,2468.82,1,0,0,16,0,0,0.14766178205916378
22,2173.65,2,1,0,17,0,0,0.13356174168625412
23,1684.97,4,3,1,10,0,0,0.15173162157100165
13,1248.23,4,1,0,7,1,0,0.11108829036694046
12,2071.78,2,1,1,12,0,0,0.16026063136266877
25,2476.13,4,0,1,13,0,0,0.05216560833952264
63,2667.45,2,0,0,11,0,0,0.04345583053275341
1,1731.65,3,1,1,10,0,0,0.1621386282358415
21,2495.68,3,1,1,12,0,0,0.11716326776292005
5,1631.66,3,1,1,11,1,0,0.13584416195007495
40,1528.68,6,0,1,7,0,0,0.017524089762184007
18,2623.21,2,1,1,16,0,0,0.14396710488331038
57,1281.85,0,2,0,10,0,0,0.11563739934551256
42,1308.56,2,0,0,18,0,0,0.034651263072822784
56,1053.75,2,0,1,20,0,0,0.014533750881793388
46,1652.36,2,1,1,12,0,0,0.053627212110468295
32,1725.58,4,1,1,14,0,0,0.04596321524245489
62,2049.29,2,1,1,10,0,0,0.042903165398636825
34,1405.41,4,2,0,11,0,0,0.0839303492185626
68,809.94,2,0,1,17,0,0,0.010412256885217464
71,2627.16,1,1,0,13,0,0,0.060992805832073366
42,1168.8,2,2,0,12,0,0,0.09583408227683213
48,2784.24,3,0,1,8,1,0,0.04799386364210257
19,780.59,3,4,1,20,0,0,0.15318682580830453
58,1768.16,2,1,1,13,0,0,0.03797730058108957
48,1702.52,3,0,1,11,0,0,0.02730523516911842
65,2520.21,5,3,0,13,0,0,0.05826359416297724
19,588.78,3,3,0,15,0,0,0.1488253524476558
56,2747.82,6,1,1,8,0,0,0.026414483848180674
34,1688.0,2,4,0,7,0,0,0.3353021169631248
14,1841.11,3,2,0,10,0,0,0.21649833114759365
13,1628.47,5,3,0,10,1,0,0.1917853920214694
40,300.87,2,1,1,17,0,0,0.03007240974335324
23,1591.85,1,5,1,15,0,0,0.4255643959201159
8,937.94,2,1,1,6,0,0,0.1482838316387508
31,1159.53,5,1,1,17,0,0,0.025636675602500873
47,2017.48,1,2,0,6,0,0,0.18067595732824557
23,1593.55,3,3,0,15,0,0,0.19093549993443978
68,461.01,2,1,1,9,0,0,0.019616598127569745
56,404.52,3,3,1,17,0,0,0.035367453549429814
37,719.84,2,1,0,11,0,0,0.06439332116428234
67,734.48,4,1,1,11,0,0,0.012289233248272918
31,1903.24,5,0,1,13,0,0,0.026853979579673885
10,697.88,4,0,1,12,0,0,0.04129010825325277
3,2668.81,9,3,1,11,0,0,0.1116920764613355
67,787.33,2,2,1,11,0,0,0.032552574402394265
69,455.17,2,2,1,10,0,0,0.0279585794005385
53,2652.09,7,1,1,7,0,0,0.022346058082454778
8,1026.92,2,0,1,9,1,0,0.09266819153707657
21,1391.18,3,1,1,12,0,0,0.0770234318430313
3,2885.27,2,1,0,13,0,0,0.30662476908711583
4,2844.23,3,0,1,12,1,0,0.14261937420338497
18,2201.77,1,1,0,10,1,0,0.23805796819368394
41,393.03,6,0,0,7,0,0,0.013837100613084349
5,1861.35,3,1,0,15,0,0,0.1596210216718768
70,2969.42,3,1,0,15,0,0,0.03991490476448522
33,2851.37,2,1,1,15,0,0,0.10898300594024445
19,496.81,1,2,1,20,0,0,0.10200597882129847
37,1308.71,1,1,1,14,0,0,0.07168981746182025
57,1083.5,5,2,0,6,0,0,0.03641974812540822
23,563.24,6,0,1,8,0,0,0.018767828059264864
4,2145.44,1,3,0,13,0,0,0.4971226718991922
4,966.78,1,3,0,13,1,0,0.3759953366660634
61,1165.62,0,1,1,14,0,0,0.043631029090556564
8,453.0,3,1,1,9,0,0,0.08710639887765606
46,1594.31,4,0,1,9,0,0,0.023282708224492327
28,642.87,1,0,0,15,0,0,0.0583250778121352
56,1409.85,7,1,0,12,0,0,0.012832263657825133
5,601.36,2,2,1,13,0,0,0.15918569813319902
64,2870.78,4,2,0,7,0,0,0.07476185230137604
50,605.95,5,0,0,13,0,0,0.01157144461036642
32,1661.28,2,0,1,13,0,0,0.05104386140814515
15,751.54,2,1,0,15,1,0,0.10284574244777261
70,413.81,3,1,1,8,0,0,0.014553243890802346
22,766.46,3,1,1,11,0,0,0.06107031866615564
35,353.37,2,2,0,9,0,0,0.09603928469506019
28,590.31,2,3,0,18,0,0,0.13209027133843843
17,1581.76,3,0,1,18,0,0,0.04819134213063171
30,2025.08,5,3,1,17,0,0,0.08592121135865055
11,444.55,3,2,0,16,0,0,0.11471421869067105
1,1434.85,6,1,1,19,0,0,0.04926177584702991
21,1827.49,2,1,0,12,0,0,0.1460248286430983
8,855.83,2,3,0,8,1,0,0.32667007728435954
30,1241.82,3,0,1,12,0,0,0.03694717821437308
62,401.14,3,1,0,11,0,0,0.021043236069594275
12,816.37,4,1,0,7,0,0,0.09704188536246507
1,1506.91,3,1,0,8,1,0,0.20071981353796775
8,2973.24,1,1,0,6,1,0,0.41116925078729205
37,2989.54,4,1,1,16,0,0,0.06053710193453587
20,2942.94,2,4,1,9,1,0,0.47883159314343904
35,1384.64,3,1,0,13,0,0,0.0635752106709541
3,425.91,2,1,0,12,0,0,0.1412148251058094
24,1106.01,5,2,0,11,0,0,0.07748155313535945
30,865.6,1,0,1,12,0,0,0.05287143334323994
31,239.55,3,0,0,10,0,0,0.03366220004482476
40,466.65,5,3,0,9,0,0,0.0625541663915883
56,1468.94,3,0,1,25,0,0,0.010693685298659987
34,1151.05,3,0,1,12,0,0,0.0316493412696802
60,704.99,2,1,0,13,0,0,0.030116362924881308
38,2205.08,3,3,1,17,0,0,0.11919516792523098
19,1199.92,4,0,0,20,0,0,0.03588034076624267
17,2585.23,3,1,1,16,0,0,0.11560965437106782
23,874.74,5,0,0,10,0,0,0.03295358407609662
43,1707.5,1,1,1,15,0,0,0.06783542886483565
18,715.59,2,0,1,13,0,0,0.0525288923819292
65,1586.84,2,2,1,8,0,0,0.053973286985333255
35,626.91,3,1,1,8,0,0,0.04491112593836935
62,652.42,4,2,1,11,0,0,0.021271698078204004
49,1914.23,2,1,0,13,0,0,0.06733734470253354
24,938.6,3,0,1,12,0,0,0.03898614862705637
17,682.63,2,1,1,8,0,0,0.09818234688501998
53,2803.35,1,0,1,9,0,0,0.06643547591473183
24,320.41,5,1,0,11,0,0,0.03744799441154825
18,1782.41,1,1,0,8,0,0,0.22234143380978982
67,1735.14,2,4,1,15,0,0,0.09200763072888998
35,901.7,3,5,1,12,0,0,0.20453596942200597
4,1467.76,3,2,0,12,0,0,0.22703933465545778
36,445.67,7,0,1,9,0,0,0.008895935826366878
33,2219.56,3,1,0,11,0,0,0.10059214208910736
62,820.75,6,0,1,15,0,0,0.004747957468219189
51,741.48,3,1,1,12,0,0,0.02478603772669663
14,1081.66,3,0,0,9,0,0,0.08012474411612266
11,2726.64,2,2,0,8,1,0,0.38492842800555715
43,2430.11,2,1,0,8,0,0,0.1181694648707602
4,2851.3,1,3,1,8,0,1,0.5587197625756237
23,2025.49,5,5,0,13,1,0,0.30386185869763377
10,2056.18,3,0,0,13,0,0,0.11065703861060987
2,1544.09,1,0,1,7,1,0,0.17841884847660686
66,2734.52,5,0,0,11,0,0,0.018805606123579406
7,1630.46,5,0,1,8,0,0,0.059898385769039594
1,1194.17,4,0,1,12,0,0,0.0652707766787562
67,1993.05,0,2,1,13,0,0,0.08019337066951569
14,1729.19,2,2,0,15,0,0,0.216661182825356
58,547.26,2,0,1,14,0,0,0.014369568779698411
3,1299.63,1,3,0,9,1,0,0.45974017642110904
11,1077.31,3,2,0,13,0,0,0.16157586782006125
8,2571.13,3,2,0,16,0,0,0.25756908850828897
51,1260.76,2,1,1,11,0,0,0.04132774966329045
45,2500.35,3,2,0,4,0,0,0.1553117256903987
34,1438.69,5,1,1,14,0,0,0.029858733554213618
18,2309.8,6,0,1,11,0,0,0.039108060308081075
7,578.79,4,0,0,10,0,0,0.060177575410435266
41,2789.02,1,2,1,13,0,0,0.17106899659641062
17,1545.57,1,3,1,15,1,0,0.26592482290073194
42,927.44,0,1,1,11,0,0,0.07754703514568939
49,876.17,2,1,1,15,0,0,0.0316964516211813
61,942.22,3,2,1,13,0,0,0.029383157139199974
36,1226.83,0,3,1,8,0,0,0.23923524500806287
1,2209.05,2,1,0,4,0,0,0.3440056301985008
20,2858.89,2,1,1,14,0,0,0.16011521503707418
61,2073.3,2,1,1,13,0,0,0.03933614969744505
38,1732.07,2,2,0,12,1,0,0.13173865010680222
44,1456.07,2,3,1,9,0,0,0.1322009553315349
33,2518.94,1,1,1,9,0,0,0.1529061144695021
12,2579.04,2,2,0,13,1,0,0.3143680784560286
64,1020.51,4,0,1,7,0,0,0.011662262688163963
55,2869.58,3,0,1,11,0,0,0.03569065056721203
71,1306.32,6,3,1,5,0,0,0.025081693611230475
61,2440.22,1,0,0,10,0,0,0.056481080637728304
21,2907.1,7,0,0,14,0,0,0.040219474274794755
19,2170.24,5,1,0,16,0,0,0.07340304453903122
18,652.34,5,3,1,8,0,0,0.10144577100710728
66,1841.18,4,1,0,12,0,0,0.02490588608840389
40,532.58,4,1,0,7,1,0,0.03899085250204726
33,2409.6,3,0,0,7,0,0,0.08505390780505633
69,987.68,4,1,0,12,0,0,0.016023845500522715
43,2146.6,3,0,0,16,0,0,0.03974190517915406
65,2748.25,4,2,1,11,1,0,0.045643953826579084
70,706.83,3,1,1,10,0,0,0.015073473484230802
6,1300.0,2,1,1,8,1,0,0.1648728059259611
26,2011.93,4,0,0,11,0,0,0.058952024137624834
53,1375.04,4,2,0,7,0,0,0.056886144151849685
58,689.49,2,0,0,15,0,0,0.01899185044250405
11,281.4,2,0,0,14,0,0,0.06678123302145303
23,1338.47,2,1,0,13,0,0,0.11142104548383065
39,2017.79,2,1,1,16,0,0,0.06427141193259409
57,1807.16,0,0,1,8,1,0,0.0534999057150851
9,637.48,3,0,0,14,0,0,0.06338037663737041
43,1461.94,7,0,1,8,0,0,0.011471185097147195
22,1234.52,5,1,0,10,1,0,0.05964187335345463
16,967.77,4,1,0,11,0,0,0.07842613837827676
37,2241.96,1,1,1,12,1,0,0.11089825073839556
30,1067.03,6,0,1,9,0,0,0.017942063370936453
46,1712.4,2,0,1,10,0,0,0.03925887328689477
23,2785.03,3,0,1,9,0,0,0.09384589963591887
59,1709.97,3,0,1,11,0,0,0.019729271675340113
6,1927.66,3,1,1,8,0,0,0.16447391993488114
62,405.09,3,1,1,12,0,0,0.015526897236616478
3,698.78,5,1,1,6,0,0,0.07617280578182546
53,482.66,1,1,1,14,0,0,0.03240471562803248
25,2341.48,4,1,0,8,0,0,0.11602895543467867
28,2540.58,4,0,1,14,0,0,0.04706587423721924
2,722.07,1,1,0,13,1,0,0.19349077875986606
50,813.96,3,0,0,21,0,0,0.015114953249329858
12,1104.98,3,2,1,16,0,0,0.11262839441178178
47,1855.02,7,0,0,16,0,0,0.011035496782944363
52,1941.03,3,0,1,11,0,0,0.026728241446164945
61,2122.91,4,0,0,10,0,0,0.02300890444823456
51,2734.54,1,1,0,15,0,0,0.10287031180495404
22,1026.11,4,3,0,14,0,0,0.1330134093017729
53,2044.53,1,3,1,16,1,0,0.1246929666765595
59,1767.22,4,2,0,13,0,0,0.04356807063070748
23,1056.34,5,2,1,6,0,0,0.07471631728539939
9,2740.76,4,1,0,7,0,0,0.20905443316616407
64,467.35,6,2,0,11,0,0,0.014298799212221224
11,2193.6,6,2,0,10,0,0,0.13632657750983956
43,2238.05,2,1,1,13,0,0,0.07065394269402718
17,2762.91,2,1,1,8,0,0,0.20688461611218353
9,1652.03,8,2,0,11,0,0,0.0698279906393518
56,1100.54,2,0,0,14,0,0,0.02491295830597188
11,2517.67,6,0,0,13,0,0,0.06178334726858953
48,2358.27,4,0,1,13,0,0,0.025295214278498155
50,1600.88,0,0,0,10,0,0,0.07136819847009121
5,2350.0,3,0,1,12,0,0,0.11590161987209836
13,950.05,8,3,0,8,0,0,0.08049898379853382
57,1850.62,2,2,0,14,0,0,0.07561799454428655
37,2622.51,2,3,1,10,0,0,0.22764085419475621
9,1090.36,3,2,1,14,0,0,0.13109796310653016
71,1553.94,2,0,0,12,0,0,0.02089220409627888
19,2862.93,4,1,1,13,0,0,0.10769558854226657
1,2434.99,0,0,0,12,0,0,0.30856855555251517
66,2683.71,10,0,1,8,0,0,0.004298998530598835
2,1278.69,2,5,0,12,1,1,0.584642014464564
40,2990.21,4,1,1,13,0,0,0.06284190497867853
71,627.18,5,0,1,15,0,0,0.0043429545998027765
42,1652.56,3,1,0,12,0,0,0.06023767592980675
42,1541.97,5,1,0,12,0,0,0.03466145012991549
28,2435.61,8,0,1,14,0,0,0.016012721229055324
10,2744.13,0,1,0,12,0,0,0.3746834621561015
41,2247.19,5,2,0,13,0,0,0.06886697237744153
64,1955.09,2,1,1,6,0,0,0.0460563500499011
7,1396.8,1,0,1,12,0,0,0.123446084268204
63,1628.91,3,1,1,11,0,0,0.02602539682571811
30,1626.04,8,2,0,13,0,0,0.03459395042455333
39,257.03,2,2,1,9,0,0,0.06463404964896073
12,1608.53,3,1,0,12,0,0,0.13589243031805992
45,2596.72,1,1,1,14,0,0,0.09412487205145774
13,2185.97,3,0,0,6,0,0,0.14001825543040974
20,2427.98,1,2,0,5,0,0,0.38432065701212514
52,1293.36,4,1,1,13,0,0,0.022283959368127316
4,1681.13,0,1,0,14,0,0,0.29673464324736115
32,293.75,4,2,0,9,0,0,0.062471159509933115
43,1272.39,1,1,0,14,0,0,0.07642796605058107
10,1528.36,5,3,1,17,0,0,0.12320069062982754
21,914.58,5,3,1,7,0,0,0.1072637951773488
25,287.47,1,2,0,9,0,0,0.15474713925475023
48,2133.14,1,1,1,5,0,0,0.10366249706183979
70,1418.25,3,3,0,10,0,0,0.0609933334257538
60,1363.9,4,1,1,11,0,0,0.01967451018280861
14,899.96,7,0,0,15,0,0,0.020930541786615454
2,1705.93,5,0,1,23,0,0,0.03824776995411495
4,1426.47,4,1,1,13,0,0,0.09450240818816247
43,1527.16,4,0,0,18,0,0,0.021903957357560826
12,1826.44,2,0,0,11,1,0,0.13151275922441466
17,217.71,7,0,1,12,0,0,0.012617311469410166
61,2741.55,3,0,0,8,0,0,0.04169488962093349
63,399.04,5,2,1,12,0,0,0.01370648197900952
60,1462.59,3,1,1,9,0,0,0.028940483021655448
19,780.64,3,0,1,9,0,0,0.04800174605513776
44,1666.59,5,3,1,9,0,0,0.06960203928894909
44,984.64,4,1,1,15,0,0,0.022883580564182757
14,2608.02,6,0,0,19,0,0,0.045813716766404604
40,1309.81,7,1,0,10,0,0,0.021690681580483057
38,1988.52,2,1,1,14,0,0,0.07092638545066471
29,896.86,3,2,0,10,0,0,0.1051942909820623
54,254.34,2,1,0,10,0,0,0.03399169326368113
49,1331.63,3,4,0,10,0,0,0.15582108603477704
38,1702.16,4,2,1,12,0,0,0.06303965936788815
52,1486.73,1,2,0,13,0,0,0.10034815475071125
55,2893.64,4,0,0,12,0,0,0.034586414969610395
41,2179.15,2,0,0,10,0,0,0.07035534970956467
20,2987.88,4,2,0,9,0,0,0.22960667622389383
54,1026.17,1,1,0,15,0,0,0.04857297799707345
51,2409.35,3,0,1,13,0,0,0.03061630204128371
70,1755.56,2,0,0,4,0,0,0.032851934444818764
11,1912.93,4,0,1,10,0,0,0.0705864464924631
30,2960.39,2,3,1,17,0,0,0.2364896177674973
66,2031.16,5,2,1,9,0,0,0.027895269917831
37,2716.69,2,2,0,15,0,0,0.17183038890974847
67,2232.1,9,1,0,10,0,0,0.008334226519985295
1,556.68,3,0,1,11,0,0,0.0679111204909296
3,2158.39,3,0,1,17,0,0,0.09365447780885805
57,1556.08,2,0,1,13,1,0,0.02342634963388332
26,2772.63,1,1,1,15,0,0,0.16057197410102372
37,2459.14,5,3,0,13,0,0,0.1241748445962074
31,491.58,2,0,0,12,0,0,0.04426996856510386
29,574.96,3,1,0,14,0,0,0.05262766849703697
67,394.91,4,1,1,13,0,0,0.009788386304846275
7,1581.09,3,1,0,13,0,0,0.14774379271218202
55,426.16,4,0,0,16,0,0,0.010556905312737041
64,2226.3,7,3,0,17,0,0,0.027025178931279006
47,1746.6,3,1,1,14,0,0,0.038586910197253306
29,2540.48,2,1,0,7,0,0,0.18356975969576697
12,983.43,1,1,1,9,0,0,0.15241887634138396
49,1653.59,0,3,1,11,0,0,0.18157791517479155
34,528.94,1,2,1,11,0,0,0.0974211729824891
11,2676.91,4,1,0,11,0,0,0.16891000698367092
26,690.01,3,1,0,12,0,0,0.06518614098673171
69,486.61,1,1,1,13,0,0,0.02104824353473429
19,774.14,3,1,1,10,0,0,0.06951413978076663
13,2457.45,2,1,1,13,0,0,0.17242411094762697
49,496.28,4,1,0,10,0,0,0.025936121722866474
15,1920.4,2,1,1,11,0,0,0.14582112797907684
66,2289.31,8,1,0,15,0,0,0.00922579681859518
61,2303.03,2,1,1,18,1,0,0.03497389612026237
70,732.17,2,1,1,17,0,0,0.014651626339775677
65,372.55,5,1,0,10,0,0,0.011740819249924008
18,1456.66,1,1,0,10,0,0,0.18598326071375765
16,766.96,3,2,0,8,0,0,0.15303349211688422
25,2157.96,1,0,1,13,1,0,0.09675682125159484
34,1198.74,4,0,1,12,0,0,0.024907069468192815
63,1458.19,2,4,0,13,0,0,0.12690972969355563
53,517.76,2,3,1,13,0,0,0.06149085498857318
46,1789.14,6,0,1,13,0,0,0.012585116264903795
63,719.47,2,2,1,8,0,0,0.0404252208783709
46,2101.16,2,1,0,10,0,0,0.08890538298542282
27,399.27,4,1,1,9,0,0,0.03846733725785121
30,2932.5,4,4,0,17,0,0,0.26704935539357927
37,2116.68,1,0,0,19,0,0,0.06835518884562154
7,708.84,1,0,0,13,0,0,0.11657208936608408
53,239.47,5,1,1,14,0,0,0.01030468693128013
47,1136.5,3,0,1,8,0,0,0.025355816321073126
52,627.88,3,2,0,11,0,0,0.04743723021011152
38,811.55,2,3,0,15,0,0,0.12304936448177121
56,2643.7,6,3,1,14,0,0,0.045917636658641674
68,1888.97,3,1,0,14,0,0,0.028489580304769058
41,694.08,3,0,1,8,0,0,0.025290865789935592
32,1758.65,5,1,1,12,0,0,0.03923806019068617
8,916.19,3,2,0,14,0,0,0.15891294127303168
56,2933.36,0,3,0,10,0,0,0.2951295140473476
65,291.72,1,1,1,12,0,0,0.02285020951412257
50,2250.49,4,1,1,14,0,0,0.03350514984483596
62,2364.39,5,0,1,12,0,0,0.013397056293311114
62,388.06,3,1,0,9,0,0,0.02279899475202841
57,681.23,3,3,0,14,0,0,0.05617059689022559
36,1276.06,4,3,0,14,0,0,0.10001581192727485
8,2630.83,2,1,1,11,0,0,0.22172747564314535
1,1703.6,6,5,0,11,0,0,0.384246675013064
15,2034.86,8,2,1,12,0,0,0.05102744714122124
31,2392.44,0,1,1,11,0,0,0.17873432412506218
53,2518.74,2,3,0,5,0,0,0.2196583905101387
33,1533.6,2,1,1,16,0,0,0.06306862355908598
2,1624.62,5,2,0,12,1,0,0.16366277330795026
15,2210.42,1,2,1,14,1,0,0.2552215662410884
70,937.36,4,0,0,15,0,0,0.008663591586271334
71,2592.57,7,1,0,15,0,0,0.011713454473393961
27,258.2,2,1,0,14,0,0,0.06321587916562126
58,748.16,1,1,1,8,0,0,0.04010287878516783
52,2440.56,1,2,0,12,0,0,0.1481717942965013
67,1152.72,4,2,1,9,0,0,0.024507231568312804
64,619.53,2,2,1,10,0,0,0.03465734533550604
45,722.91,7,1,1,10,0,0,0.01125422565413525
29,1686.12,4,2,0,12,0,0,0.10309981168881098
45,2569.31,2,1,1,14,1,0,0.07294362450990725
23,397.82,1,0,1,9,0,0,0.06081462432120099
25,285.35,1,0,1,9,0,0,0.0549149538872171
44,1502.47,5,2,0,17,0,0,0.03979210638628579
41,2877.32,6,0,1,18,0,0,0.018498225130712212
42,981.23,3,2,1,12,0,0,0.054305958964249786
28,2885.68,5,1,0,8,0,0,0.10338757459343532
30,2685.51,7,0,0,8,0,0,0.03633559354832066
1,992.78,2,0,0,15,0,0,0.11137221435118874
43,2487.45,1,1,1,11,0,0,0.10736243777160134
41,2120.43,3,2,1,8,0,0,0.10216454320169202
67,1633.1,5,4,0,12,0,0,0.06104705567267393
36,1384.17,4,1,0,11,0,0,0.052169138074860684
34,2483.41,0,0,1,13,0,0,0.10857754032484648
5,2420.62,5,2,1,4,1,0,0.21309918749851417
14,2319.42,6,1,1,12,0,0,0.06419501898441647
25,2995.12,6,1,0,15,0,0,0.06945446937356377
27,1539.83,2,1,1,16,0,0,0.07498152114878465
26,2459.38,2,2,1,10,0,0,0.19878115893396833
28,2614.94,3,2,0,16,0,0,0.16098737076188985
55,792.49,2,2,0,6,0,0,0.0732975533829273
10,317.79,1,1,1,15,0,0,0.10006023846852866
24,1333.3,2,0,0,8,0,0,0.08866556044123478
12,2598.86,2,1,0,15,0,0,0.21442258174674156
22,1009.49,2,1,1,6,0,0,0.10474932299967565
49,2160.03,3,0,0,13,0,0,0.038007862147289344
4,220.57,6,2,1,12,0,0,0.05645833374498474
25,1195.02,4,0,1,17,0,0,0.026269839474911533
2,1923.45,4,1,0,18,0,0,0.12553334775841707
68,563.32,6,0,0,13,0,0,0.005058516224899021
52,2710.5,1,1,1,14,0,0,0.08089717967610556
18,637.57,3,3,1,12,0,0,0.13832782206346242
15,2747.42,3,1,1,15,0,0,0.13449624934771667
8,805.89,1,0,0,11,0,0,0.12701173832078108
34,2983.98,2,1,1,13,0,0,0.12040737590265836
54,1893.3,3,1,1,20,0,0,0.02583419126659799
42,436.17,3,0,0,15,0,0,0.02126953800176709
63,382.78,3,0,0,15,0,0,0.011067664056389622
25,409.78,1,1,0,11,0,0,0.10215662481389924
20,1851.7,5,2,1,4,0,0,0.1188566548117784
34,2466.82,7,1,0,18,0,0,0.02961325318240601
15,1328.3,4,1,1,14,0,0,0.0641236886225396
70,1445.54,6,1,0,9,0,0,0.012646179776729775
14,1850.01,3,1,1,10,0,0,0.12029760281700999
34,1692.51,1,0,1,10,1,0,0.070899677963015
38,2126.57,2,0,1,9,0,0,0.060905820905232756
5,1521.0,2,2,1,13,0,0,0.2178868200580945
34,2198.81,4,2,1,18,0,0,0.06720633176586645
33,2992.47,3,2,1,12,1,0,0.1496041991181767
19,1180.83,4,0,1,6,0,0,0.04951813391063729
10,234.2,7,1,1,10,0,0,0.02628009321088643
4,551.75,4,1,1,14,0,0,0.06470760574231078
1,1749.84,2,3,0,11,0,0,0.43409002045914347
35,1163.92,2,2,0,14,1,0,0.1071546975239035
7,2831.95,3,1,0,9,1,0,0.2588110999402579
69,1956.85,1,2,0,6,0,0,0.09894819348017465
18,1656.99,3,1,1,11,0,0,0.09651735286577728
47,2434.51,1,2,1,15,0,0,0.1194552708587687
48,924.05,4,1,0,9,0,0,0.03318471221099604
36,2495.27,6,0,1,15,0,0,0.02087561825608052
63,208.57,5,1,0,14,0,0,0.009799883581017943
8,1935.1,4,0,1,13,0,0,0.0686288911266619
17,2817.32,0,0,1,10,0,0,0.21166774888165923
18,2406.01,1,1,1,13,1,0,0.1859900478487787
10,2590.18,2,1,1,9,0,0,0.22333408643989258
21,1311.47,1,1,1,15,0,0,0.10764324714787137
23,2507.87,2,4,1,17,1,0,0.329870518661254
55,1742.33,5,0,1,11,0,0,0.01334640359403078
22,1931.91,2,1,0,22,0,0,0.10065836190010848
63,364.96,3,1,1,15,0,0,0.013021312174324031
55,764.34,1,1,0,15,0,0,0.04247627362457797
65,1742.7,2,2,0,16,0,0,0.05312845185021751
8,364.64,5,0,1,14,0,0,0.027176980459657867
70,2276.05,4,0,0,16,0,0,0.014466481161791252
44,2552.16,1,1,0,16,0,0,0.11181655932968065
70,2777.01,2,4,1,13,0,0,0.1351791822244937
26,484.95,7,2,1,14,0,0,0.023412885102919175
68,2831.22,4,2,1,13,0,0,0.03975926520050734
42,389.34,1,1,0,13,0,0,0.0579454687989705
6,1527.36,3,0,0,16,0,0,0.08987396699459371
30,2552.7,4,0,0,13,0,0,0.05993495365705514
10,396.87,3,1,1,14,0,0,0.06582297154330502
67,251.05,2,0,1,15,0,0,0.009275172784109506
22,269.85,2,1,1,13,0,0,0.05940153105050644
16,1631.56,5,1,0,10,0,0,0.08256948733316627
40,2472.47,2,0,0,8,0,0,0.08785740053328875
31,556.79,3,0,1,7,0,0,0.033558885503915135
7,548.91,2,0,0,18,0,0,0.07059558603237161
58,1791.93,1,2,0,7,0,0,0.12067134625796176
61,856.03,1,0,1,15,0,0,0.01857383177346757
53,2244.6,5,0,0,14,0,0,0.01994545043804991
44,2858.98,2,1,0,15,1,0,0.10282084681363182
29,2344.89,5,2,1,12,0,0,0.08161151578565413
39,2656.09,3,2,0,13,0,0,0.13724787552099543
37,1654.84,3,1,0,18,0,0,0.05437274138677522
12,2530.49,1,0,1,14,0,0,0.15134355418310239
6,712.13,8,1,1,12,0,0,0.025496244761211286
18,391.37,2,0,1,10,0,0,0.05227850230719106
33,2036.67,5,2,0,10,0,0,0.08970463602409141
12,345.47,7,1,1,11,0,0,0.02483495914947462
8,2698.95,3,1,1,9,0,0,0.19684607219002084
61,2136.35,4,2,1,15,1,0,0.03389836139111146
27,2866.16,3,0,0,15,0,0,0.08704042708205342
42,1078.88,3,1,1,7,0,0,0.04576912685977964
38,1561.24,4,3,0,13,0,0,0.10962105055801914
53,2276.73,5,2,1,15,0,0,0.035120770793839365
53,879.78,1,1,0,8,0,0,0.06298170747834543
22,1717.18,7,0,1,16,0,0,0.01699518015383285
61,2046.51,5,1,0,9,0,0,0.02754731959389068
27,2940.66,2,1,0,10,0,0,0.19871691918310658
60,2285.17,1,1,0,15,0,0,0.06727782737130376
29,530.77,4,2,0,12,0,0,0.06607980584194717
8,1530.93,3,1,0,12,0,0,0.14675326997933016
54,1848.56,6,3,0,19,0,0,0.037047175285918235
3,610.54,5,1,0,9,0,0,0.0834665174577609
55,1409.5,3,0,0,14,0,0,0.0224585609065088
4,995.22,4,0,0,12,0,0,0.07114016113936662
15,532.72,1,2,0,9,0,0,0.21593720169265335
43,1633.72,4,1,0,10,0,0,0.0490377329306466
67,663.77,3,5,0,13,0,0,0.09873878454430152
30,1853.5,3,2,0,12,0,0,0.13506010238917351
9,675.15,2,1,0,13,0,0,0.1270320497265511
17,2226.07,3,1,1,17,0,0,0.0971544126363674
64,746.68,5,1,1,10,0,0,0.010849094576659548
52,2709.6,4,0,1,11,0,0,0.02823213480929651
8,273.39,1,1,0,14,0,0,0.13671396070627043
28,1661.59,3,1,0,18,1,0,0.07054460890021527
19,1096.29,3,0,0,11,0,0,0.06448892088256251
13,830.21,2,2,1,16,0,0,0.12525518853537634
61,1520.49,1,2,1,11,0,0,0.06697436240191577
44,2557.65,3,1,0,9,0,0,0.09136415770367862
13,2762.78,3,4,1,9,1,0,0.446900663522683
47,1049.1,3,4,1,19,0,0,0.08254576010801298
30,631.88,2,0,1,12,0,0,0.037316961654582044
5,2216.39,4,0,1,8,0,0,0.10159475117718893
32,1829.6,3,2,0,12,1,0,0.12696715052359334
14,762.85,1,0,0,19,0,0,0.07737037471844245
18,2328.83,2,1,1,8,0,0,0.1741254667723017
63,1653.01,4,1,1,12,0,0,0.019408626511948964
51,2029.51,5,0,1,12,0,0,0.016238007723241646
10,1206.15,2,0,1,14,0,0,0.07685733115158237
61,1429.47,1,4,0,15,1,0,0.154406345495919
41,704.96,3,2,1,15,0,0,0.04419538396120584
63,2318.24,2,1,0,16,0,0,0.04665335435531397
54,639.63,5,1,0,22,0,0,0.010885403812423923
25,2379.25,2,1,0,15,0,0,0.14336211937297472
38,2434.42,3,2,1,10,0,0,0.11533739952023508
38,2290.48,4,0,0,10,0,0,0.0485241112685859
52,254.38,2,2,1,12,0,0,0.039113907850052095
18,964.77,1,1,0,16,0,0,0.1250764340992082
24,1511.35,3,0,1,10,0,0,0.0533132027095157
18,1867.52,2,2,0,13,0,0,0.22065843493507606
22,2773.82,2,0,1,17,0,0,0.08908156686137325
12,1251.7,4,0,0,16,0,0,0.05311625952871988
3,2650.07,4,1,0,12,0,0,0.19716710400051451
67,657.6,4,1,1,13,0,0,0.01091778249077896
6,1239.59,1,1,1,10,0,0,0.18714413652377532
64,346.39,3,1,1,10,0,0,0.015552976348188568
1,2278.97,3,0,1,8,0,0,0.14620558490630167
56,621.83,3,0,1,9,0,0,0.015012426746708179
24,919.66,3,2,0,15,0,0,0.10000923868542504
37,2370.65,5,1,0,13,0,0,0.05366532432333843
21,1697.21,5,0,1,7,0,0,0.04273549398464459
35,239.12,2,0,1,9,0,0,0.031165796146175737
33,206.26,3,0,0,13,0,0,0.02756312937538065
38,1629.85,1,0,0,7,0,0,0.08926098867108195
28,1053.88,2,4,0,14,0,0,0.25474868297076
39,704.87,2,2,1,13,0,0,0.06543992861557472
59,1918.06,2,2,1,7,1,0,0.07601617228075644
31,839.62,0,3,1,14,0,0,0.19323419180032483
26,1858.18,1,1,0,19,0,0,0.1250605662590026
10,1261.94,0,1,1,8,1,0,0.22662677979433993
26,722.89,1,0,0,11,0,0,0.07501436569291461
9,586.69,2,1,1,15,0,0,0.08951167904623367
13,863.21,7,2,1,12,0,0,0.043624063711332886
68,283.53,3,2,1,12,0,0,0.01899881853894769
7,1062.76,3,1,1,10,1,0,0.1084616147045524
35,2725.47,2,0,1,12,0,0,0.07422211979113144
60,2527.81,3,1,0,7,0,0,0.06234339503397212
68,1241.61,1,1,0,5,0,0,0.053416758680790134
11,1812.33,2,2,1,14,0,0,0.20059694606001666
12,1788.61,2,1,0,11,0,0,0.1878644998134463
27,2520.47,4,2,1,10,0,0,0.12654333361507275
40,861.61,5,2,1,19,0,0,0.024470166907427236
69,1029.88,1,2,1,8,0,0,0.049579946975888294
15,1045.0,1,0,1,9,0,0,0.09787302834214537
12,314.44,3,2,0,8,0,0,0.14443356730269621
18,1081.13,3,1,0,18,0,0,0.07468644934609765
63,2658.16,4,1,1,9,0,0,0.03327504596892038
3,2753.57,2,2,1,14,0,0,0.322358195927716
27,506.98,4,4,1,17,0,0,0.09935555656901775
9,1482.56,3,1,1,12,1,0,0.11118277044137796
12,1267.78,4,0,0,13,0,0,0.06049459053311048
66,1570.21,4,1,1,12,0,0,0.017143980067498513
1,1753.21,1,1,0,5,0,0,0.3511158137941246
23,256.72,4,2,1,10,0,0,0.05949173730624683
65,2558.28,6,1,1,15,0,0,0.013823374157754335
44,2926.26,2,0,0,6,0,0,0.10117999301587623
6,2029.53,5,1,0,9,0,0,0.13104680968431306
34,2049.27,3,0,1,12,0,0,0.04549466026772108
69,1678.34,3,1,0,5,0,0,0.03715125758103404
29,1135.97,1,3,1,9,0,0,0.21558915237247445
38,617.14,2,2,0,12,0,0,0.0867502631558168
38,1835.38,3,3,0,9,0,0,0.17681414509562937
47,325.84,5,3,0,14,0,0,0.03921967857144842
14,2508.61,2,0,0,7,0,0,0.1843226810236155
60,1378.55,3,3,0,13,0,0,0.07066341853417354
71,1361.31,2,0,1,15,0,0,0.013036424331757841
11,1116.08,4,2,1,9,0,0,0.12030788609380826
59,2914.19,3,1,0,13,0,0,0.05840458702571856
59,689.77,3,0,0,12,0,0,0.01613683951717623
53,623.66,4,0,1,13,0,0,0.010636490668474212
27,663.49,6,0,0,15,0,0,0.016706483504963413
34,2043.88,4,1,0,13,0,0,0.06605388512205135
60,2977.31,5,1,1,13,0,0,0.026992228095708407
11,859.33,3,2,0,14,0,0,0.1440784914375004
59,2735.73,3,3,0,12,1,0,0.12650268482233074
66,980.13,4,1,1,8,0,0,0.015956345322662276
49,2014.12,3,1,0,11,0,0,0.05921828009717689
25,313.4,1,2,0,11,1,0,0.14499867691891064
40,1587.83,1,2,0,12,1,0,0.14921282914277267
4,2032.8,1,2,1,11,0,0,0.33658320604809117
67,1701.7,4,0,0,9,0,0,0.016873367686143177
25,865.94,3,0,0,13,0,0,0.045565094684659184
5,2519.79,1,0,0,15,0,0,0.21568219830169544
57,2916.38,2,1,1,10,0,0,0.06990881117671142
47,1485.75,2,4,1,12,0,0,0.16079611042666578
45,1980.57,4,3,0,15,0,0,0.09800026420164933
4,2413.16,5,0,1,10,0,0,0.08162959192747937
54,876.17,2,1,1,9,0,0,0.035239009877366945
46,2620.46,6,1,1,11,1,0,0.029702316177536398
57,984.56,1,1,1,13,0,0,0.036822948598382435
59,2372.33,3,0,0,9,0,0,0.03652610905849821
16,513.88,1,1,0,10,0,0,0.14048670052377232
15,1007.48,4,1,1,17,0,0,0.04989921568720071
66,1694.14,2,2,0,10,0,0,0.06482142198808076
38,1669.78,5,5,1,16,0,0,0.13763325315426617
32,2581.21,5,0,1,10,0,0,0.038987499916919986
21,2989.16,1,0,0,12,0,0,0.18980969284393623
46,500.19,4,2,1,9,0,0,0.03499717384649355
54,959.89,4,2,1,21,0,0,0.019984758605583464
1,1201.27,6,0,0,10,0,0,0.05536744488567613
40,1540.97,3,0,0,15,0,0,0.03543879631578695
71,1582.95,3,0,1,10,0,0,0.013629976863679229
20,2597.35,6,1,1,16,1,0,0.051135195368042535
20,2357.57,3,1,1,8,0,0,0.13328778283920917
63,252.78,3,1,0,10,0,0,0.020054495276552863
5,1474.06,2,1,1,10,0,0,0.1671178601819328
29,1930.61,2,2,1,8,0,0,0.16517714733106117
33,1489.11,3,1,0,13,0,0,0.07011662945556281
57,565.81,3,2,1,16,0,0,0.024974191067423684
10,1312.93,3,1,1,11,0,0,0.10557253553259167
31,1352.64,0,1,0,12,0,0,0.14958809232121276
11,725.6,3,2,1,10,0,0,0.12667216553474833
56,2317.66,2,1,1,11,0,0,0.054539286185643715
45,1099.92,3,2,1,10,0,0,0.05670030630304313
36,1849.16,2,0,0,9,0,0,0.07422906908895754
28,1644.04,2,2,0,10,0,0,0.17800951740743973
11,2656.8,4,3,1,9,0,0,0.28847997893622324
66,541.64,3,1,1,13,0,0,0.013952816281181652
46,519.94,1,0,0,12,0,0,0.03726526804218704
23,1040.9,4,0,1,13,0,0,0.03102249006410912
30,1407.4,2,0,0,5,0,0,0.08698850036408168
52,1035.92,5,1,0,11,0,0,0.021859384547455552
52,2336.92,1,0,0,12,0,0,0.06466230014924068
33,886.74,2,2,1,12,0,0,0.08661839443229531
22,437.37,3,1,1,20,0,0,0.036814272467540314
47,1358.64,3,2,0,23,0,0,0.04458700158156106
47,2365.46,2,0,1,12,0,0,0.04559967854962827
43,2581.57,6,1,0,12,0,0,0.039648102550005886
6,2253.37,6,0,1,12,0,0,0.05202749853993723
34,1762.08,2,0,0,3,0,0,0.09650270142038483
44,2227.74,3,4,0,15,0,0,0.20114320096037913
68,2107.89,1,0,0,9,0,0,0.042074963532382395
38,856.23,4,1,0,11,0,0,0.03982957147396932
25,1742.12,2,4,1,7,1,0,0.3420116786252026
40,2357.71,4,1,1,20,0,0,0.03647783755778934
13,1087.94,3,0,1,11,0,0,0.05938572110615064
7,2031.12,2,1,1,13,0,0,0.17301377450505223
49,1548.15,4,0,0,15,0,0,0.020996438619907166
71,1608.84,3,1,1,11,0,0,0.020332230846178856
61,452.15,2,2,0,9,0,0,0.04767971209136352
42,2065.41,5,1,1,7,0,0,0.04085570161899091
3,2623.92,2,1,1,16,0,0,0.2100820136642872
71,596.01,2,2,1,9,0,0,0.029117384682622646
32,1225.1,4,1,0,11,0,0,0.054973218983219364
21,336.27,5,3,0,16,0,0,0.07672105124517387
64,282.97,5,1,1,9,0,0,0.00934223276284562
53,2971.04,5,2,1,11,0,0,0.05485074879174365
54,1581.72,3,0,1,11,0,0,0.021733457901013373
20,1195.45,1,1,0,10,0,0,0.16150045984088707
71,969.66,4,1,1,15,0,0,0.010101999740870499
33,2944.04,1,1,1,9,0,0,0.17749195172957646
38,906.3,4,2,1,9,0,0,0.05205370633899168
54,2231.98,3,2,1,8,0,0,0.07422868732430081
47,994.52,4,1,1,8,0,0,0.028314918328641674
13,397.37,2,1,1,13,0,0,0.08062854881866612
22,2113.17,3,0,1,7,0,0,0.08077994447578271
26,204.57,1,2,0,9,0,0,0.14639041518113327
68,2092.1,3,0,0,9,0,0,0.02496448618675588
51,901.05,0,2,0,10,0,0,0.11803647443582248
27,2289.09,7,1,1,15,0,0,0.0296894465949954
53,2355.3,2,2,0,10,0,0,0.11978516431931757
53,2227.5,1,1,0,10,0,0,0.09786254289331175
28,268.55,8,0,1,13,0,0,0.006795034908711144
29,2170.46,1,3,1,18,0,0,0.22262035553025442
64,2972.41,4,1,0,14,0,0,0.03847023999483667
40,879.35,3,2,0,10,0,0,0.0769864123981911
11,967.87,5,3,0,13,0,0,0.14356438534712154
52,2477.87,4,0,1,11,0,0,0.02568094691907535
42,649.11,4,1,0,13,0,0,0.029914065553569225
37,2049.63,5,0,1,12,0,0,0.02488921028118267
52,2314.07,2,0,0,14,0,0,0.0458568694925473
65,304.05,3,0,1,11,0,0,0.009198710065603929
24,1750.53,5,3,0,9,0,0,0.15718402232670345
30,1812.46,4,0,0,15,0,0,0.04105039752598761
14,1049.64,6,2,0,9,0,0,0.08513612837570886
46,2653.77,1,2,1,8,0,0,0.1723621494917283
29,655.7,4,2,0,10,0,0,0.07525559065855622
25,1219.75,7,1,1,11,0,0,0.02412561033391421
50,2576.27,4,0,0,8,0,0,0.04169109106666063
29,733.8,3,2,0,16,0,0,0.07787566048595453
33,2499.85,4,0,1,6,0,0,0.05582631320730176
32,421.39,2,0,0,9,0,0,0.04737872039456171
19,1569.84,1,0,0,11,0,0,0.12535986743162056
9,410.93,1,1,0,14,0,0,0.1399605850530858
59,2098.13,3,2,1,11,0,0,0.053987570449948515
7,2413.68,2,1,0,13,1,0,0.24302607814341154
24,2579.6,4,0,1,13,0,0,0.055947767618021824
48,2947.53,2,0,1,14,0,0,0.05143382853657564
10,2081.64,1,1,0,5,0,0,0.32060677814095595
47,2353.37,1,0,0,11,0,0,0.07810035547163845
53,1616.12,2,2,1,8,0,0,0.07691024238434281
48,2755.66,5,0,0,10,0,0,0.033815699159642706
22,2002.52,2,2,0,17,1,0,0.1821104225354625
2,2673.94,2,1,1,11,1,0,0.25839594507501223
64,859.27,4,2,1,11,0,0,0.021815885341721446
24,1590.87,3,0,0,11,0,0,0.06789226066977201
58,2243.49,1,3,0,10,0,0,0.18422711582773454
15,767.62,3,3,1,13,0,0,0.15100530669564233
12,791.75,2,0,0,14,0,0,0.07919109992543621
56,2938.52,5,1,0,6,0,0,0.05188522534598172
67,1416.91,6,0,1,10,0,0,0.006502945636302456
62,709.08,1,0,1,9,0,0,0.021940628069858838
54,1128.1,4,5,1,23,0,0,0.06974623356277965
18,1312.65,4,3,1,9,1,0,0.156951057611431
65,1944.64,1,2,1,16,0,0,0.05750465004610164
48,2784.44,2,1,0,13,1,0,0.09688878210511637
13,2962.45,1,0,1,12,1,0,0.1845570563848101
10,2024.76,2,0,0,16,0,0,0.12326710841095774
62,2159.78,3,1,1,12,0,0,0.03190672469919528
20,1101.12,5,1,1,15,0,0,0.0377239888769645
55,2600.04,3,0,1,10,0,0,0.03337431039383812
10,809.84,1,1,0,12,0,0,0.1692193319020281
20,497.87,5,0,1,9,0,0,0.02485078459095157
21,2925.12,3,0,1,6,1,0,0.1174805614481569
20,2619.59,1,1,0,14,1,0,0.22727222069935324
48,1050.21,6,1,1,14,0,0,0.012892486286605978
65,2090.48,8,0,0,15,0,0,0.005657739620104816
65,1507.65,3,0,0,14,0,0,0.017336158435189493
53,1104.76,2,0,0,9,0,0,0.033725252525943425
15,1002.97,3,2,1,15,0,0,0.10387395224723962
69,580.88,6,1,0,9,0,0,0.009100148076002323
39,1738.09,8,4,1,11,0,0,0.05429176574243217
39,1450.47,3,1,0,15,0,0,0.05356769260484237
50,1634.12,3,1,1,12,0,0,0.03672403397816556
55,803.0,1,0,0,14,0,0,0.029453521227853337
68,2828.11,0,2,1,11,0,0,0.11587569840131724
42,1988.06,3,0,0,13,0,0,0.043533506711767575
44,2718.88,1,1,1,12,0,0,0.10958286335898117
53,505.96,1,0,1,10,0,0,0.02529660444373355
19,1943.98,1,1,0,18,0,0,0.16085583304418993
22,2578.49,6,0,1,5,0,0,0.049806102965070306
45,1126.58,2,1,1,8,0,0,0.0528481252009001
5,746.4,2,0,0,18,0,0,0.08064920465960171
23,942.06,3,2,1,8,0,0,0.10728692407468253
51,964.21,4,3,1,20,0,0,0.035030442047142486
70,1452.16,3,1,1,14,0,0,0.017268992430479562
37,1112.7,7,1,0,14,0,0,0.018433340845316833
29,959.57,5,0,0,9,0,0,0.029799820369817983
32,2015.83,1,1,0,12,1,0,0.1472487557549077
49,348.49,4,1,0,8,0,0,0.026584310828700202
39,1153.02,2,2,1,8,0,0,0.0951649196600543
2,2131.31,3,3,1,8,0,0,0.3685473584371887
39,692.38,3,0,1,10,0,0,0.024631955807213352
29,818.6,3,1,1,15,0,0,0.04313210053816518
50,761.87,3,1,0,13,0,0,0.03200230389160642
63,202.59,1,2,0,23,0,0,0.029149548763390112
69,1526.55,1,2,0,15,0,0,0.05824299141046531
44,309.08,1,0,1,15,0,0,0.024652211167232596
26,964.23,3,1,0,12,1,0,0.07256633747754174
32,2985.45,4,1,1,16,0,0,0.06971308984058851
13,2771.51,2,0,0,12,0,0,0.17293919761802926
67,802.21,1,1,1,13,0,0,0.025430711202183078
61,1068.01,4,0,0,9,0,0,0.015550773986712368
61,1498.37,1,0,0,14,0,0,0.03273055852158311
24,2564.36,8,0,0,6,0,0,0.034732044386686534
23,2447.41,0,2,1,8,0,0,0.33473164379014325
61,553.48,0,0,0,11,0,0,0.03275568842383364
39,548.46,4,0,0,13,0,0,0.020445694141685917
51,1366.85,1,1,0,10,0,0,0.0743553185285815
35,2636.27,5,0,0,13,0,0,0.041615052054543675
32,2669.84,2,1,0,11,0,0,0.15388322224142106
45,500.62,4,2,1,12,0,0,0.03175946764727909
58,1808.03,3,0,1,11,0,0,0.02116520457207264
24,635.89,3,1,0,11,0,0,0.07036779040072093
58,2121.16,6,2,1,11,0,0,0.026010462632779882
18,2766.01,4,2,0,8,0,0,0.23166273244406702
29,1473.35,4,1,1,6,0,0,0.06312101009698316
65,432.63,4,1,0,9,0,0,0.0163444161033849
68,1821.91,2,2,1,14,0,0,0.04233340168949858
66,1343.85,4,3,0,12,0,0,0.047555336324468137
23,2470.52,2,2,0,16,0,0,0.2154535853941348
60,1152.96,1,3,0,11,1,0,0.11397154259732538
67,2649.71,3,0,0,12,0,0,0.028431511104453848
70,966.36,1,3,1,11,0,0,0.06285085685160118
2,641.05,2,1,0,13,1,0,0.15083697075311386
53,1058.15,3,1,0,7,0,0,0.04252141988896533
71,297.76,1,0,0,12,0,0,0.016168931156904855
55,987.49,3,0,1,7,0,0,0.01960437380745906
17,2048.33,5,0,0,16,0,0,0.04901902480646778
55,598.39,1,1,0,7,0,0,0.055440763484384994
8,511.82,3,1,1,16,0,0,0.06718385767961253
35,570.68,6,1,1,13,0,0,0.016320003829479113
45,417.14,1,2,0,17,0,0,0.06889790735187251
33,2648.98,2,1,1,10,0,0,0.12264525065280482
50,2843.52,3,3,1,18,1,0,0.10507935136494413
18,330.37,2,0,1,20,0,0,0.033561794696241834
44,2328.2,3,0,0,17,0,0,0.039819491686489475
46,2264.02,7,0,0,13,0,0,0.015336310254442126
45,2991.35,5,0,0,11,1,0,0.038957512147461855
21,1174.04,4,0,1,11,1,0,0.037792699158982146
22,999.43,2,1,1,10,0,0,0.08910502497636245
19,1468.63,3,2,0,6,1,0,0.19459026319103864
33,2598.41,1,2,0,8,1,0,0.28338513945666166
42,2240.06,5,2,0,13,0,0,0.06674785652760452
26,1520.55,2,3,0,15,0,0,0.2142207851728147
30,884.78,3,2,1,11,0,0,0.07672581136214408
21,2235.64,1,1,0,10,0,0,0.22430915220767605
16,2592.68,4,0,1,16,0,0,0.06255307679405908
47,1319.86,4,2,1,8,0,0,0.04929420368894367
58,2072.04,4,4,0,14,0,0,0.10959867669927154
21,1320.59,3,1,1,12,0,0,0.07494185656340792
62,1539.78,0,1,1,9,0,0,0.06052957996485265
41,1669.75,3,2,1,16,0,0,0.06224524358454747
12,2372.03,6,2,1,11,0,0,0.10783852911169614
26,2937.02,1,1,1,11,0,0,0.1962218894449328
1,1444.23,4,0,0,8,0,0,0.1077188329310109
3,1158.48,2,1,1,10,0,0,0.15740295831207865
24,1246.05,5,1,1,10,0,0,0.04386861075779195
33,574.89,2,1,1,10,1,0,0.05526347858649799
57,1031.43,5,1,1,9,0,0,0.015739487150057338
10,442.05,4,6,1,11,0,0,0.3609706911597177
60,1398.1,3,3,1,18,0,0,0.04502498292251938
17,668.6,7,0,1,12,0,0,0.015208118810926933
10,1169.94,4,2,1,4,1,0,0.15215524972769057
50,2422.02,2,1,0,13,0,0,0.07976275014322534
55,888.6,1,3,1,11,0,0,0.09306735337242039
43,1913.3,0,4,1,11,1,0,0.3156539421904272
9,2723.31,4,0,0,17,1,0,0.09843921107745375
9,1787.4,5,0,1,8,0,0,0.06017227018526466
28,742.62,3,0,1,5,0,0,0.04297383106335149
32,1165.35,2,0,0,13,0,0,0.05399216051395871
71,1853.03,1,0,1,11,0,0,0.024627374354576063
21,1618.51,4,0,1,12,0,0,0.0433497567983469
14,616.14,5,1,0,7,0,0,0.06646907816528459
68,1451.03,2,1,0,12,0,0,0.03359195766771474
11,1720.59,5,0,1,14,0,0,0.04311170408960914
2,948.53,4,3,1,15,0,0,0.16689657118163886
31,1914.85,7,2,1,17,0,0,0.0318613374388298
29,396.45,6,0,1,5,0,0,0.01664631543470286
44,1142.5,1,3,0,12,1,0,0.1665359498982901
63,2451.98,2,3,0,12,0,0,0.1293158569198186
67,926.0,4,0,1,15,0,0,0.007241438843094438
21,1894.5,2,1,0,14,0,0,0.1387865011714515
70,1348.08,4,0,1,8,0,0,0.010676373278550783
45,1086.09,2,2,0,14,0,0,0.07884383979539177
5,2765.17,2,1,1,13,1,0,0.2323608142739217
67,1161.13,2,0,0,8,0,0,0.02377002769132197
10,862.69,4,0,0,10,1,0,0.061760352598423614
42,2746.04,2,1,1,16,0,0,0.07842631836098987
57,2288.64,2,1,0,12,0,0,0.06466914937087413
18,2109.04,1,2,1,13,0,0,0.23840881033738942
20,338.7,4,1,0,16,0,0,0.044410553502156905
34,567.37,3,3,1,8,0,0,0.1022556363599541
63,1987.35,3,1,0,11,0,0,0.039008473724068495
16,786.41,5,0,0,10,0,0,0.03907111993796521
48,831.79,5,0,0,9,0,0,0.016035293246020453
33,2381.59,1,2,1,8,0,0,0.21646738737427973
8,1000.59,2,2,1,11,0,0,0.18230866816824862
51,400.44,2,0,0,14,0,0,0.021699317621015644
60,302.01,4,1,1,5,0,0,0.01642633768855705
41,1440.9,1,0,1,15,0,0,0.042658603000989434
13,1927.96,3,0,1,10,1,0,0.08580762135316573
12,2632.88,2,1,1,12,0,0,0.19456570200771958
31,510.25,1,4,1,15,0,0,0.19183484361925116
36,750.68,0,1,0,8,0,0,0.12255134833157676
40,1683.44,2,2,1,18,1,0,0.07606776387600787
18,1219.5,2,3,1,8,0,0,0.24169064906776072
36,1551.1,7,2,0,12,0,0,0.037931773164110574
21,2787.55,3,1,0,13,0,0,0.15800854909226664
49,1725.7,3,1,0,12,0,0,0.05067402034533349
57,1362.34,1,0,1,14,0,0,0.02688999074551152
47,2970.43,3,1,0,5,0,0,0.11502013537789275
1,382.6,0,1,1,12,0,0,0.18289405960745547
71,2809.92,3,2,1,8,0,0,0.05733577277972079
2,1604.65,7,0,1,11,0,0,0.036413427271904386
71,1610.52,3,1,1,14,0,0,0.017890375760302966
3,2781.5,3,1,0,16,0,0,0.22145491295136008
37,1620.51,0,5,0,8,1,1,0.5311353296161696
8,1427.54,0,0,1,13,0,0,0.14741856434915948
7,962.97,1,1,1,12,0,0,0.1540969873137448
49,2044.69,2,2,1,15,0,0,0.07663746827482085
52,1795.01,3,0,1,11,0,0,0.025178221369413386
9,800.17,4,1,0,14,0,0,0.07931203689170033
70,2186.36,5,2,0,17,0,0,0.024361578698203705
23,2003.44,3,0,1,8,0,0,0.07228333371474809
23,1312.53,3,1,1,11,0,0,0.07351678148463239
22,212.32,1,2,0,11,0,0,0.151197958560951
33,1450.43,4,2,0,10,0,0,0.09137593800529807
13,216.96,6,1,1,14,0,0,0.026097554385262803
31,410.0,5,0,0,15,0,0,0.017341136023421844
15,1405.71,3,2,0,6,1,0,0.2100288795387782
4,429.38,5,2,1,13,0,0,0.07546589359180234
27,971.86,4,4,0,19,1,0,0.13835763188541536
48,2035.38,3,1,0,14,0,0,0.054312508656754174
55,1064.12,3,1,0,21,0,0,0.022208132769403217
26,2993.42,2,1,0,11,0,0,0.2001507468653073
23,2765.65,3,1,0,7,0,0,0.18526038599481331
56,1838.87,2,1,1,13,1,0,0.04143612159139034
49,2907.45,2,0,1,18,0,0,0.04161152974674786
60,2630.45,2,0,0,10,0,0,0.04871573208545794
65,1092.92,3,0,1,10,0,0,0.013329071610357363
59,2298.87,3,2,1,20,0,0,0.04020980673808433
67,583.13,4,1,1,8,0,0,0.01313700365987032
30,2116.74,5,1,0,13,0,0,0.05937071430442583
29,1575.03,7,3,1,15,0,0,0.04886328162699051
23,247.11,3,1,0,13,0,0,0.057256895190012584
17,967.84,3,2,0,10,0,0,0.14873108397551477
54,2875.07,4,3,0,10,0,0,0.13009050456169666
51,1084.33,5,1,0,12,0,0,0.022012859880353106
57,708.07,4,2,1,10,0,0,0.02636179601342288
12,725.09,4,1,1,17,0,0,0.0486340026049548
35,1541.8,5,2,0,13,0,0,0.06195950906975964
16,2559.42,2,0,0,18,0,0,0.11837595088724606
64,2322.4,2,1,1,13,0,0,0.0398315180600199
19,1423.19,1,2,1,7,0,0,0.22833194916028382
11,784.44,4,4,0,10,1,0,0.26390420000652554
41,328.98,5,0,1,13,0,0,0.010387759053860844
63,1495.36,3,2,1,14,0,0,0.03324777704963413
66,2481.37,4,1,0,16,0,0,0.0272948219034438
7,2243.11,9,0,1,15,0,0,0.0204694241407446
24,1344.08,6,2,1,4,0,0,0.06880549057855766
11,1865.17,2,1,0,9,0,0,0.21184674041480628
22,1421.49,4,0,1,13,1,0,0.03728604973497861
38,1821.25,5,1,1,10,0,0,0.03670109650770749
20,1649.01,3,1,0,14,1,0,0.10298206468460888
5,2106.71,3,2,1,10,1,0,0.23732450626200832
37,1621.58,1,1,1,11,0,0,0.09125032457727919
4,2833.71,3,2,1,20,0,0,0.21948984944367567
17,1398.48,3,1,1,9,0,0,0.09733819339962821
1,244.57,1,2,1,11,0,0,0.207827952555216
7,861.85,4,2,0,5,0,0,0.17773824720738904
31,1601.7,4,0,0,9,0,0,0.04707396182627451
61,1713.6,6,2,1,14,0,0,0.017691393055475388
55,1746.68,1,2,1,7,0,0,0.10146371786791475
8,2200.75,2,1,0,7,0,0,0.2701521476548255
3,969.01,0,0,1,9,0,0,0.1651950462927932
25,2061.73,3,1,1,12,0,0,0.08915669371690403
47,2171.29,3,0,0,8,0,0,0.0498855119206796
54,1351.59,2,2,1,12,0,0,0.057238669880082124
59,1326.07,1,1,1,12,0,0,0.04156574487789396
25,700.99,5,2,1,12,0,0,0.047925102618385396
12,1359.16,0,3,0,16,0,0,0.3892090866670597
2,2403.09,3,2,0,14,0,0,0.2976320670245499
11,2745.12,5,3,0,18,0,0,0.22130726520732508
5,1862.12,4,1,0,12,0,0,0.14232366923108913
62,1038.24,1,2,0,12,0,0,0.0663995896724868
20,2110.41,1,0,1,14,0,0,0.10481704823798027
59,2272.41,7,1,1,21,0,0,0.008721840733502309
40,1130.2,2,1,0,13,0,0,0.06399311481695784
39,2514.33,5,2,0,12,0,0,0.08415092222250573
33,406.35,3,2,0,15,0,0,0.06371356797919049
59,230.11,6,1,0,11,0,0,0.009759051795367938
4,544.32,6,1,1,15,0,0,0.03729509312670598
7,636.82,3,2,1,13,0,0,0.12163831207836523
31,2661.0,6,1,1,11,0,0,0.04691550775777717
29,1389.95,1,1,1,12,1,0,0.100182010188775
39,969.81,4,0,0,10,0,0,0.027620000172441928
53,1401.41,2,1,1,20,0,0,0.028211115576537476
42,1305.55,5,1,0,10,0,0,0.0342662356822868
19,1044.09,1,0,0,15,0,0,0.0879996876319
24,586.12,2,0,1,9,0,0,0.04949322891598706
54,2036.56,4,1,1,9,0,0,0.03371878905058489
15,582.49,2,1,0,16,1,0,0.09273263559189743
36,2371.19,4,0,0,10,0,0,0.0531014852779505
39,764.73,1,3,1,16,0,0,0.11316499687641174
54,2247.84,4,1,0,10,1,0,0.04552939487465128
51,2455.64,2,2,1,8,0,0,0.11190797159572541
33,550.91,4,2,1,16,0,0,0.03899210583876512
22,442.89,5,1,1,11,0,0,0.03224255857747949
27,2858.8,0,3,0,19,0,0,0.3989410136841611
30,1496.53,2,1,1,12,0,0,0.07962115907511981
16,1964.66,5,1,0,10,0,0,0.0938059743605303
45,265.13,5,0,1,16,0,0,0.00787016158069498
15,980.39,2,0,1,17,0,0,0.05393849637706046
47,1615.11,2,1,0,16,0,0,0.056038770455956316
54,2681.41,4,2,0,12,0,0,0.07526301694194472
69,960.03,0,0,1,9,0,0,0.025605242030515347
9,2370.54,3,3,0,10,0,0,0.38424780867614305
54,2054.2,4,3,1,12,0,0,0.0691419646619371
7,522.76,4,0,1,12,0,0,0.04201030190950341
24,1021.45,3,2,1,10,0,0,0.0994481216295244
13,866.02,0,0,1,13,0,0,0.10493901313466024
12,1439.08,2,2,1,10,0,0,0.19860694824769862
13,1978.94,0,2,1,10,0,0,0.3394538339125463
4,1413.58,3,0,1,19,0,0,0.06293739044175276
59,884.7,4,0,0,13,0,0,0.012884598964749135
5,2148.46,5,4,0,10,0,0,0.36907587906971645
29,1836.52,2,1,1,18,0,0,0.07334235928191282
50,1654.08,4,1,1,15,0,0,0.025180078001023662
71,1752.37,4,0,1,6,0,0,0.013356820411867403
61,821.32,3,1,1,8,0,0,0.022547658835311988
10,2105.21,2,0,0,9,0,0,0.16492025578661032
71,1285.0,4,1,1,13,0,0,0.0125551447126776
47,1217.71,4,1,0,11,0,0,0.03538415671892814
13,619.26,4,2,1,10,1,0,0.09087680174645046
32,1871.14,5,0,0,8,0,0,0.0411701660531915
66,1887.46,2,1,0,10,0,0,0.0461991366398654
28,1152.84,2,0,0,12,0,0,0.0628070718247882
14,2607.58,4,0,1,11,0,0,0.08156623193170856
63,2567.28,1,2,0,16,0,0,0.09916814067394636
68,505.35,1,0,1,17,0,0,0.011941689443760863
70,2146.11,4,1,1,12,0,0,0.01928314096239461
68,1302.74,2,1,1,8,0,0,0.02890798753207948
62,2999.2,7,3,1,6,0,0,0.04812609133808081
33,830.07,3,4,0,12,0,0,0.18254119777853528
14,985.47,3,2,0,15,1,0,0.13422006164491032
44,1437.9,4,4,0,14,0,0,0.12633690019712243
16,952.4,2,0,1,14,0,0,0.058656307592626
34,2137.58,3,0,0,15,0,0,0.053652862370288476
47,1546.54,3,1,0,11,0,0,0.05211342829102137
68,818.46,4,2,0,11,0,0,0.024728428887088694
21,1617.85,2,3,0,11,0,0,0.2826646489233303
18,2688.61,2,1,0,12,0,0,0.21201350889322118
53,2418.71,3,3,1,6,0,0,0.13153061799075716
1,1596.72,3,2,1,11,0,0,0.21362759334571316
41,1007.78,1,4,0,8,0,0,0.2766937156151039
53,703.68,4,1,0,9,0,0,0.026156703889025915
40,2659.47,5,2,1,10,0,0,0.073307852972929
28,2188.47,2,1,1,13,0,0,0.10531482568624295
59,1802.06,3,2,0,16,0,0,0.05026588650522012
27,2662.42,3,0,0,11,1,0,0.09440116939391067
51,540.73,6,2,0,7,0,0,0.025816783806240282
33,2110.97,1,0,0,18,0,0,0.0795272656547632
2,806.79,3,1,1,3,0,0,0.1473661461889754
38,537.62,2,0,0,13,0,0,0.03522038045223108
4,1503.7,3,3,0,12,1,0,0.3163890063890857
67,1284.7,2,1,0,17,0,0,0.026155405813935915
43,2835.29,5,2,0,11,1,0,0.08860033721155068
27,1107.14,3,0,0,11,0,0,0.05145087905550997
35,2481.73,2,0,1,15,0,0,0.059687503857746536
44,2296.72,3,0,1,7,0,0,0.0462462164162811
19,2070.19,3,0,1,9,0,0,0.07975524899244936
21,2777.12,3,2,1,15,0,0,0.16897545122711213
30,1342.19,4,2,1,15,0,0,0.0608278772599737
19,1291.08,3,2,0,8,0,0,0.17044771435759212
54,650.65,4,0,1,14,0,0,0.0099944483717868
8,972.13,4,3,1,15,0,0,0.1441712251638361
59,2663.37,0,1,0,14,1,0,0.10624916443052068
25,1528.27,3,0,0,11,0,0,0.06438320573375732
40,1155.79,0,1,0,12,0,0,0.10955302369625756
12,805.11,3,1,1,12,0,0,0.07908358645342407
28,1557.89,7,2,1,8,0,0,0.043986126293392325
54,2206.66,5,1,1,17,0,0,0.019836543350338146
20,1002.74,2,0,0,11,0,0,0.07742271772507327
10,2321.61,3,2,1,13,0,0,0.20408686645410284
38,1963.41,3,0,1,22,0,0,0.025607581320573357
12,2405.18,1,1,1,15,1,0,0.20087146789256302
23,902.55,3,3,0,13,0,0,0.16154775719032605
32,1966.88,4,2,0,7,0,0,0.12804538058464984
41,630.46,2,1,1,13,0,0,0.039511277090158836
46,1218.63,1,2,0,13,0,0,0.10690292002000013
49,2228.21,3,3,1,14,0,0,0.10019301844094067
60,1968.67,0,2,0,8,1,0,0.14803511281639886
5,726.01,3,0,0,17,0,0,0.06507381135549502
26,2603.36,7,2,0,13,0,0,0.07380216881578615
1,349.38,1,1,0,14,0,0,0.1683724247533674
1,1866.6,1,1,1,15,0,0,0.21904964552672
16,2954.7,1,0,1,6,0,0,0.21109329569924712
43,1688.21,3,1,0,11,0,0,0.06185133479955976
64,2441.88,7,1,0,17,0,0,0.012465774755908241
55,1866.51,4,1,0,13,0,0,0.03341898567190811
46,2392.65,0,1,0,9,0,0,0.16412430125088967
56,2035.66,6,1,0,10,0,0,0.023521056168685557
13,2135.17,0,0,0,11,1,0,0.2217606205748279
60,837.87,2,1,1,14,0,0,0.02348616153063769
64,2277.1,4,2,0,13,1,0,0.046203912284722065
7,866.15,2,1,0,13,0,0,0.14354319369699195
34,2945.79,2,1,0,21,0,0,0.11039094139895228
59,837.8,4,2,1,7,0,0,0.02975475374578437
34,862.72,3,1,0,14,1,0,0.05106468627372612
60,2604.28,1,1,1,7,0,0,0.08217873553133556
67,880.36,4,0,0,11,0,0,0.011015071708824143
34,1210.53,3,0,1,13,0,0,0.031080323658668505
5,2200.99,2,6,1,14,0,1,0.6731020109967201
25,644.5,1,0,1,8,0,0,0.06593217168332464
16,645.4,3,1,0,17,0,0,0.06945611059353998
34,1561.8,3,2,1,9,0,0,0.09638738394935553
42,882.35,4,1,1,15,0,0,0.023291835752240544
33,859.84,3,4,1,12,1,0,0.1475068271897494
14,225.87,1,2,1,15,0,0,0.12811782547262554
22,1237.26,2,0,1,12,0,0,0.05998872951927436
49,1091.1,4,1,0,15,0,0,0.02673808369783054
2,287.24,3,1,0,11,0,0,0.11347053612949312
16,1939.45,2,0,1,9,0,0,0.10503815227353556
64,1954.63,4,1,0,13,0,0,0.026534290035871703
8,398.24,6,0,0,21,0,0,0.02045870169850634
30,1087.72,2,0,1,12,0,0,0.04483863533824365
15,2643.86,3,1,0,10,1,0,0.1947968569462293
8,1830.07,4,1,0,11,0,0,0.1349981408085566
31,1353.53,2,0,1,5,0,0,0.06466389734411836
38,1502.29,4,3,1,10,1,0,0.09484954175723141
13,783.18,3,0,0,8,0,0,0.07643662033296016
6,2473.27,4,1,1,7,1,0,0.16534840743237872
10,2759.21,3,1,0,13,0,0,0.2060074689500573
47,2749.86,3,1,1,13,0,0,0.060065229214091374
62,827.02,1,1,1,11,0,0,0.03243558377443905
13,1070.07,4,0,1,13,0,0,0.042130202479570826
23,649.74,6,1,1,7,0,0,0.031158112638354506
25,1060.16,3,2,0,6,0,0,0.14489409946279155
26,1131.86,3,1,0,12,0,0,0.07744988449185472
18,1972.7,4,1,0,16,0,0,0.08936138167465264
4,731.01,2,2,0,12,0,0,0.2195953453144319
38,2774.31,3,1,1,19,0,0,0.061364718669737854
26,488.68,2,1,1,10,0,0,0.06529755122584087
25,219.26,1,2,0,11,0,0,0.1401650312323855
19,2593.85,2,2,0,11,0,0,0.28907921984999696
66,2170.56,0,1,1,12,0,0,0.06119688154594744
44,1195.01,2,0,0,13,0,0,0.038518020595906255
30,1867.4,4,0,0,9,0,0,0.05387630591852934
15,825.92,2,2,1,11,0,0,0.1433327131503528
57,671.49,2,1,0,18,0,0,0.026258774014526164
64,1519.22,4,0,0,13,0,0,0.014415907687423771
3,1188.93,2,1,1,17,0,0,0.1222941760804871
67,1922.64,3,0,0,10,0,0,0.022991337803523228
50,810.82,3,0,1,16,0,0,0.014383809445177413
8,2056.2,3,1,1,14,0,0,0.13071359657811932
54,2347.21,3,1,1,7,0,0,0.05360813531745973
8,666.58,3,1,1,12,0,0,0.08386781916312798
4,322.8,1,0,1,15,0,0,0.0793767245525754
9,1430.84,1,1,0,14,0,0,0.19985108305636348
33,2367.27,3,2,1,11,0,0,0.12383570942445742
44,2022.18,1,0,1,12,0,0,0.05587002169127142
29,2165.27,3,1,1,19,0,0,0.06246722065937215
9,1327.95,4,2,1,13,0,0,0.11770832362872188
15,857.85,1,0,0,13,0,0,0.0991258728654848
61,1688.98,9,0,1,18,0,0,0.0027847399843502108
69,772.22,4,0,1,11,0,0,0.007603810527548608
54,2233.44,5,0,0,14,0,0,0.01926848901888268
8,751.51,2,0,0,8,0,0,0.1104768421734003
59,1015.54,4,1,1,12,0,0,0.0168226663619059
50,1618.33,3,0,1,10,0,0,0.025939489918696212
38,1562.79,3,0,1,10,1,0,0.03617157729834909
11,1882.38,1,1,1,12,0,0,0.1917350664766937
71,1424.84,1,0,1,11,0,0,0.020657291300369057
32,2774.53,2,1,1,14,0,0,0.11312602462890521
4,2551.82,4,0,1,9,0,0,0.11385860343936562
15,2661.52,3,0,0,13,0,0,0.12105773390621152
29,1962.65,5,3,0,16,0,0,0.11416439442127292
5,1978.02,4,1,1,12,0,0,0.11763574958896894
23,1905.76,3,1,0,8,0,0,0.13170140729410168
34,1417.68,0,1,1,8,0,0,0.13069436500464932
68,1101.9,0,0,1,11,0,0,0.02567259645443818
7,1857.61,6,0,0,14,0,0,0.05121388013957158
41,271.49,4,1,0,17,0,0,0.022270131272884023
66,220.88,3,2,0,4,0,0,0.0358407855457671
58,2584.6,8,2,1,12,0,0,0.01789763008227591
66,329.99,2,2,1,11,0,0,0.027831306458788167
13,1669.43,1,3,1,5,1,0,0.40032543875188786
57,1921.97,3,1,1,15,0,0,0.029573026853331304
70,754.88,4,2,0,7,0,0,0.02691779129665137
24,2708.05,2,3,0,19,0,0,0.2860450173500076
36,732.27,4,0,1,8,0,0,0.022988027304529427
38,2676.64,3,2,1,9,0,0,0.13102890344664528
36,2336.37,6,0,1,17,0,0,0.017946585989283923
21,874.08,3,1,1,10,0,0,0.06828957620006738
69,622.08,4,2,1,14,0,0,0.014971964850366806
68,1085.45,0,2,0,11,0,0,0.07610549850613547
28,1314.26,4,1,1,11,0,0,0.049625287196012405
58,888.2,3,3,1,8,0,0,0.058942444684775594
29,2996.9,4,2,1,4,0,0,0.17791380428849302
57,843.03,3,0,1,17,0,0,0.011305694548637463
42,2525.78,1,0,0,8,0,0,0.10791475192543236
34,645.53,3,3,1,15,0,0,0.0797629492951541
10,2944.68,2,1,1,12,0,0,0.22642993970289976
47,831.47,2,2,1,9,0,0,0.06445399013819798
23,1380.73,1,0,0,7,0,0,0.1224603430796949
16,1763.98,1,0,0,8,0,0,0.16269092256305726
14,536.8,4,1,1,12,0,0,0.0523931779753388
70,2487.1,5,0,0,13,0,0,0.013814884764014984
8,969.12,3,3,1,6,1,0,0.24557027078758475
57,1737.96,7,0,1,12,0,0,0.007084351119190426
62,1738.97,2,0,1,14,0,0,0.020841493995367704
3,1887.39,3,2,0,9,0,0,0.2916930485573578
42,355.36,4,3,0,6,0,0,0.08186580011225655
41,672.13,2,1,1,11,0,0,0.04369149350955888
26,651.34,2,0,0,12,0,0,0.05455738042706839
48,1045.74,1,2,1,20,0,0,0.055723261555201596
30,605.76,3,2,1,15,0,0,0.05842900372387111
32,2781.38,4,2,1,9,0,0,0.12661388339226912
31,1636.27,2,1,0,11,0,0,0.10831589535885296
57,1946.01,3,1,0,18,0,0,0.03408082996353337
45,1200.97,2,0,1,14,0,0,0.027742293912509593
27,973.49,2,1,0,6,1,0,0.11448260590528889
66,1608.9,3,1,1,12,0,0,0.022620260845298487
57,1024.1,4,2,1,16,0,0,0.02323330158120174
67,1162.21,6,1,0,11,0,0,0.011289733093998095
52,1467.7,1,3,0,13,1,0,0.14656969459685412
28,1616.05,3,2,0,11,1,0,0.1356503265576791
55,2956.08,2,1,1,13,0,0,0.06651549956276928
24,825.3,5,3,0,14,0,0,0.09224545988911251
20,1566.33,3,1,1,10,0,0,0.09179046345062856
33,618.63,3,1,1,15,0,0,0.03538220385672594
69,1180.0,5,1,0,11,0,0,0.013931602975553419
41,2208.47,1,0,0,14,0,0,0.07746881679503116
28,688.49,6,4,1,13,0,0,0.07468070287132833
33,1827.78,4,2,0,12,0,0,0.09745062353111349
21,1366.76,3,0,1,9,0,0,0.05720517980568653
47,344.42,6,5,1,15,0,0,0.05268020391724525
25,2812.61,3,0,1,16,0,0,0.06767093259227341
40,1358.09,3,2,1,17,0,0,0.05434666220885224
27,2394.99,4,1,0,13,0,0,0.09214338089564578
23,1365.68,0,1,1,12,0,0,0.1473341275095502
69,2824.61,3,0,0,11,0,0,0.030023153161005206
25,1013.32,5,1,1,10,0,0,0.0387917805746676
6,1354.25,5,5,0,12,0,0,0.36629567631174326
27,2324.82,5,0,1,17,0,0,0.03030217513764634
38,1162.27,4,0,1,15,0,0,0.019152739287025072
7,1220.2,8,1,1,17,0,0,0.024624231906077598
22,2985.5,4,0,0,12,0,0,0.09254713241045624
12,1755.72,2,1,1,8,0,0,0.16600744186952746
36,2130.27,3,2,0,15,1,0,0.11354551329588561
52,2001.69,2,0,1,9,0,0,0.03858650770623983
69,2518.19,1,1,0,10,0,0,0.06993863691845859
28,2613.11,4,2,1,10,0,0,0.12747231533669398
62,1777.12,7,2,1,14,0,0,0.013556828533313005
16,1024.76,3,0,1,10,0,0,0.055362304186587406
56,263.84,1,1,0,17,0,0,0.03096063094082314
40,1920.33,7,1,1,10,0,0,0.021455666913731398
54,2511.31,5,0,0,10,0,0,0.02562416042238027
54,1461.51,3,2,1,11,0,0,0.04841883910650954
38,661.18,2,3,0,13,0,0,0.12569196868160284
19,1006.63,4,1,0,18,0,0,0.05493025229776026
38,1627.97,4,1,1,10,0,0,0.043847277955851215
59,2542.71,2,0,1,9,0,0,0.039090959837956664
69,680.91,4,2,0,7,0,0,0.026903739890954143
66,1914.02,1,0,0,8,0,0,0.043026125418862485
13,2309.43,1,0,1,14,0,0,0.13616826452518738
43,2820.93,3,1,0,11,0,0,0.09592035652226616
8,526.77,4,1,0,16,0,0,0.06764371064444434
48,2793.9,5,2,0,8,0,0,0.085508202263854
71,1884.11,4,3,0,8,0,0,0.06019827830727232
4,2346.76,7,1,0,9,0,0,0.09704538227188254
47,350.57,3,3,1,10,0,0,0.060209501617889884
68,1617.21,4,0,1,10,0,0,0.011631872733765255
61,1943.36,1,2,0,13,0,0,0.09309974862816284
28,1059.13,4,2,0,8,0,0,0.09786144511424784
8,1408.62,2,1,1,11,0,0,0.14566777251076454
66,1752.03,2,2,1,9,0,0,0.053725594376934104
66,1747.13,6,0,1,9,0,0,0.008033829901642718
42,317.21,1,0,1,21,0,0,0.02031790128502418
70,1430.55,2,1,1,11,0,0,0.025263048952000895
1,798.69,3,0,0,13,1,0,0.08806985676295878
44,2766.75,3,2,1,20,0,0,0.07459997725193429
3,2934.42,3,4,0,9,1,1,0.606301662519013
67,1039.01,3,2,1,6,0,0,0.03442099801369673
49,690.52,3,2,0,10,0,0,0.055298359857663903
65,814.61,3,2,1,6,0,0,0.03333481817403034
40,1537.71,7,1,1,9,0,0,0.019131997530476556
6,2648.62,1,0,1,12,0,0,0.19720434267151837
2,1600.1,5,1,0,6,0,0,0.13957355482692183
24,355.1,5,1,1,13,0,0,0.026934042102122465
53,311.68,9,2,0,10,0,0,0.00884872460157643
11,836.69,0,0,1,13,1,0,0.10960657891057086
61,2559.76,4,0,0,14,0,0,0.02320386318704167
18,1940.15,3,0,1,13,0,0,0.06632153605430283
36,1776.28,5,2,0,10,0,0,0.07459092663943297
15,1093.11,2,2,0,11,0,0,0.1965365912237471
34,2802.39,1,1,1,13,0,0,0.14205620146889916
33,1127.3,2,1,1,9,0,0,0.0715545003977113
1,2537.84,3,0,1,8,0,0,0.16030725640337143
41,2708.53,0,0,0,13,1,0,0.12379671182206381
56,1553.34,3,0,0,10,0,0,0.027421269239068936
67,2704.01,0,1,1,8,0,0,0.08610680872546599
24,975.05,2,2,0,14,0,0,0.13428306738092216
63,2043.61,4,1,0,9,0,0,0.03358009794550723
63,446.3,3,1,1,13,0,0,0.014680158231903497
71,1527.02,3,0,0,11,0,0,0.016603562791583173
27,808.53,1,0,1,11,0,0,0.05873269363582883
61,375.74,0,1,0,11,0,0,0.04651104696659345
41,210.43,2,0,1,12,0,0,0.022683776257362072
5,1109.31,6,0,1,12,0,0,0.03381147371023126
20,1850.69,0,1,1,10,0,0,0.2021483058174599
48,1474.64,1,0,1,10,0,0,0.04344160376114394
12,1044.95,2,0,1,12,0,0,0.07397450644949605
31,2975.36,5,2,0,11,1,0,0.12947409952234593
56,2830.67,2,1,0,16,0,0,0.06989734180788762
11,551.83,4,2,1,13,0,0,0.08306813364591657
36,1362.3,5,1,0,3,0,0,0.05595104296229216
16,2016.77,3,2,1,12,0,0,0.16403996573540597
39,2253.77,3,1,1,13,0,0,0.0621238539728344
18,1225.84,2,1,1,8,1,0,0.1171236645959927
69,2289.59,2,1,0,10,0,0,0.049727704074823416
6,547.62,1,2,1,17,0,0,0.16441723456873217
69,1129.08,4,1,0,11,1,0,0.01773330413373095
57,2206.01,2,0,0,8,0,0,0.048750411233293565
61,1951.91,4,0,1,9,0,0,0.017220597920506668
61,2544.19,5,1,1,9,0,0,0.026021999047060672
14,331.2,2,1,1,14,0,0,0.07338103422226035
67,688.3,4,3,0,21,0,0,0.02421098948478001
43,335.78,2,1,0,8,0,0,0.05267206927188982
69,737.92,2,1,1,10,0,0,0.020442126449433086
63,211.99,0,0,1,9,0,0,0.022532193602955417
42,1611.79,1,1,1,8,0,0,0.0891465357838085
27,1679.28,2,1,0,9,1,0,0.13233876720465346
9,2042.1,5,1,1,8,0,0,0.09957900802687862
8,1277.75,3,0,0,11,0,0,0.0942751162873509
28,208.98,2,3,1,12,0,0,0.11424822832228394
58,2086.9,3,1,0,7,1,0,0.05546947171213596
36,352.02,5,3,1,7,0,0,0.05661042179799235
35,2625.28,5,0,0,10,0,0,0.04696431995226806
18,263.43,4,3,1,15,0,0,0.0843952901036575
41,1685.33,1,2,1,13,0,0,0.1148986189227813
46,2705.77,0,0,1,9,0,0,0.09943670292927266
70,1802.97,1,3,0,6,0,0,0.134174647091744
52,1903.57,2,0,0,11,0,0,0.04408408389015605
44,2108.51,0,0,1,12,0,0,0.07416254748297733
65,542.74,2,0,1,8,0,0,0.015045462073765404
31,2089.8,2,4,1,12,1,0,0.286985458057775
67,2664.99,4,2,0,9,0,0,0.058348230675091955
27,2927.82,0,1,0,14,0,0,0.2608590969817962
10,1440.55,5,0,0,14,0,0,0.05120217300799235
30,1164.61,1,1,0,10,0,0,0.12288496373290589
10,2309.27,4,1,1,15,1,0,0.10342996508706666
9,1720.05,3,1,1,9,1,0,0.1361285964628589
63,920.45,4,3,1,13,0,0,0.03246267525136881
57,682.04,5,0,0,12,0,0,0.010094351820870914
16,676.64,1,1,0,11,0,0,0.143489748720168
60,1485.7,3,1,0,8,0,0,0.03946197943024663
5,676.35,4,2,1,10,0,0,0.11560418198248164
21,255.21,0,2,0,13,0,0,0.1827868853111067
51,345.85,4,2,1,13,0,0,0.02391115288053403
22,2803.68,1,3,1,14,0,0,0.3552807778834848
52,404.29,3,1,1,12,0,0,0.020948052323079912
63,404.91,6,1,1,13,0,0,0.006538674997998667
5,1463.33,5,4,0,16,0,0,0.25232752933967206
2,886.28,2,0,1,18,0,0,0.07237433001844774
67,2895.54,2,1,0,14,0,0,0.05681530316272045
37,2750.76,1,0,0,13,0,0,0.11069880305662586
36,1333.28,1,2,0,12,0,0,0.15115447694129605
33,1456.45,1,0,1,10,0,0,0.06651049545877029
31,1250.32,8,1,1,13,0,0,0.014423339732527614
49,306.03,2,2,1,15,0,0,0.038448669104737626
42,1019.97,3,1,1,10,0,0,0.03942320514312188
12,543.49,2,1,1,14,0,0,0.0842740637580148
45,486.64,5,2,1,13,0,0,0.023352763008534932
48,1770.41,3,1,1,14,0,0,0.03783238665027152
9,476.54,5,0,0,12,0,0,0.038926829819978595
27,488.21,3,1,0,9,0,0,0.06615834314818281
57,1545.44,2,1,0,10,0,0,0.05233402156619014
44,1438.39,3,2,0,12,0,0,0.07880029401220952
10,585.38,6,2,0,13,0,0,0.06772026893691102
3,212.46,4,2,0,15,0,0,0.10721501210615572
42,740.33,5,0,1,12,0,0,0.012484234401826657
33,860.5,5,1,1,10,0,0,0.02879221672050549
69,2440.7,2,0,1,11,0,0,0.025640884639619835
38,2763.23,2,0,1,12,0,0,0.06918279316645831
67,1336.64,2,1,1,9,0,0,0.028937724986843525
16,1334.07,4,1,0,12,0,0,0.08676561803740114
32,2194.95,1,1,0,13,0,0,0.15125109544973037
10,1955.38,5,0,0,18,0,0,0.05325072786480651
41,715.59,3,1,1,11,0,0,0.03441611625388839
14,501.53,4,3,1,9,0,0,0.13014772930470617
35,1425.31,5,1,0,14,0,0,0.037343172581502444
25,1781.52,4,1,0,11,0,0,0.08340758555455892
14,588.38,0,2,1,11,0,0,0.2101450903413425
7,1021.17,4,3,1,9,0,0,0.1872987875205721
37,1056.64,5,1,1,8,0,0,0.03015585321887232
68,931.63,2,0,1,12,0,0,0.013591505938930073
15,1490.13,4,3,0,8,0,0,0.23082445948765692
29,2028.58,3,2,1,14,0,0,0.10833471297807959
16,1626.29,0,2,1,14,0,0,0.2534484902212772
58,764.08,1,1,0,13,0,0,0.04230246584135454
30,488.23,2,1,0,14,0,0,0.06351383826005409
70,2501.24,1,3,1,8,0,0,0.1271669109720679
18,1542.05,1,2,0,12,0,0,0.2519400740853603
6,373.99,1,1,0,13,0,0,0.15501183529888463
42,922.74,3,0,0,12,0,0,0.029498680849360876
47,2451.29,2,1,0,10,0,0,0.09880778272885743
71,2304.83,8,2,0,20,0,0,0.00993602497498266
62,2652.29,1,5,0,13,0,0,0.3339562911184071
63,1885.85,3,1,1,14,0,0,0.025443316515739726
46,1384.14,1,1,0,12,0,0,0.07950187033750139
26,1394.58,3,1,0,14,0,0,0.07910376451894298
31,743.2,1,1,1,7,1,0,0.09035090803929736
10,2022.24,4,2,0,17,0,0,0.15969406216779639
31,1838.19,6,1,1,12,0,0,0.03227444723314971
26,633.62,2,1,0,12,0,0,0.08164146203181798
3,2679.86,4,1,0,19,1,0,0.1547823077439321
15,1231.71,4,2,0,10,0,0,0.13714303489557603
38,339.27,3,0,1,21,0,0,0.01368873480954455
27,1118.07,3,0,1,13,0,0,0.03680182097090742
71,2635.6,4,0,1,18,0,0,0.011477111842878468
34,2767.48,6,2,0,10,0,0,0.09051578076313666
69,1573.12,1,2,0,11,0,0,0.06986856635207529
47,2877.75,4,2,1,15,0,0,0.06843184633452012
3,2650.68,1,5,0,13,0,1,0.7522081637884508
15,2510.65,3,0,0,13,0,0,0.11447528152281425
51,2607.19,2,1,1,16,0,0,0.057484284350685956
39,1269.25,3,1,0,11,0,0,0.05879975110053608
22,2318.11,4,3,1,11,0,0,0.1871970883507359
38,1816.55,4,1,1,10,0,0,0.04729071191508106
65,2215.12,1,0,0,8,0,0,0.04997502872419497
28,697.8,4,3,1,19,0,0,0.06405542748935042
4,2247.9,1,1,1,14,0,0,0.23885962194338442
23,2881.26,4,0,1,10,0,0,0.07327859543797224
67,1047.46,1,3,1,6,0,0,0.08644393553363948
55,2961.25,4,1,0,10,0,0,0.05876321893542092
60,1259.45,4,1,0,10,0,0,0.025552157649716547
65,759.23,5,1,0,10,0,0,0.013782782121381017
9,514.4,2,0,0,12,0,0,0.08387244805873814
21,2397.89,1,1,1,11,0,0,0.1848447004306659
5,1753.51,0,0,1,11,1,0,0.19169241121639313
1,1059.97,5,2,0,12,1,0,0.137304536216013
60,1903.66,1,0,0,10,1,0,0.046951591114911
67,1129.88,3,3,1,20,0,0,0.0302282127271905
12,1455.4,2,2,0,13,0,0,0.22239941817408596
52,2615.46,2,1,0,14,0,0,0.0780527173298843
38,2070.87,1,0,1,8,0,0,0.07953117050483625
5,2334.73,4,0,0,10,0,0,0.12457744957919727
66,1833.78,5,0,0,14,0,0,0.011384054916909334
62,2975.91,3,1,0,11,0,0,0.05961233881775382
41,875.95,1,0,0,11,0,0,0.05186741924313132
51,934.42,3,1,1,13,0,0,0.025704485959583193
29,459.17,1,1,0,14,0,0,0.08271519748418067
57,1751.25,2,4,0,7,0,0,0.2042415658822518
32,1917.41,8,4,0,9,0,0,0.09854344648372564
71,2232.69,3,1,1,7,0,0,0.031125182502236903
5,1139.25,1,3,1,11,0,0,0.3441587635217232
13,234.32,4,2,0,10,0,0,0.10001197610320106
69,1970.24,5,0,0,14,0,0,0.011004625406420648
21,2996.35,3,0,1,12,0,0,0.09544712643139892
23,1024.74,5,1,1,15,0,0,0.03348219620223856
57,715.02,3,0,1,16,0,0,0.011193854129986571
14,988.95,6,0,1,16,0,0,0.02078004833397569
37,1391.16,2,0,1,20,0,0,0.029460757756142313
21,902.56,1,2,0,9,0,0,0.21125856938338014
15,1171.49,3,2,1,15,0,0,0.11064992172223555
69,1986.98,5,1,0,15,0,0,0.01637541173121606
15,1166.08,4,0,1,11,0,0,0.04490509018466426
7,1308.97,5,0,1,11,0,0,0.04655207869767611
48,312.09,4,2,1,16,0,0,0.022688895419834976
62,2770.24,2,0,1,11,0,0,0.036073916459526074
10,1339.28,1,1,1,12,0,0,0.1629609339557084
51,1118.8,0,1,1,5,0,0,0.08254252316864814
39,442.16,2,0,1,11,0,0,0.027624263294822884
59,1975.71,1,1,0,10,0,0,0.07514898577983051
10,2618.71,1,1,1,12,0,0,0.24993439126210357
70,315.23,3,2,0,16,0,0,0.019855281108681132
44,606.76,4,0,0,8,0,0,0.022336648008311342
60,609.89,2,2,0,15,0,0,0.04070350029448107
26,1886.37,4,0,0,15,0,0,0.04752256605568132
67,2779.45,6,1,0,10,0,0,0.022988455036819802
45,1425.75,3,0,0,13,0,0,0.03175298769056971
10,1162.66,1,1,1,12,0,0,0.15309293586006842
66,2344.35,1,1,1,11,0,0,0.053134287075029284
57,2279.19,4,0,0,15,0,0,0.022326792208216893
22,890.92,2,2,0,15,0,0,0.13220609018851104
39,650.31,2,1,0,12,0,0,0.05677712883236513
28,1201.87,2,3,1,16,0,0,0.14113763861216533
39,2371.69,4,1,0,11,0,0,0.07066646118193134
69,2146.18,6,0,1,8,0,0,0.009046400934761771
64,2064.39,4,1,0,21,0,0,0.019723424621864195
16,2522.4,4,3,1,16,1,0,0.1949930619077681
69,975.96,4,1,0,14,0,0,0.014631011812565027
32,1151.11,1,1,1,18,0,0,0.06602589801705136
51,318.55,3,0,0,10,0,0,0.019178227791049683
55,2632.49,2,1,0,9,0,0,0.08826678698393754
35,1830.8,2,0,1,11,0,0,0.05439017531807754
33,1034.74,5,2,0,9,0,0,0.06330618713883364
33,394.37,2,2,0,11,0,0,0.09524878152984245
62,2225.55,2,1,0,14,0,0,0.050296853920665824
28,2296.47,2,2,1,13,1,0,0.16049332833150792
20,2065.3,3,2,0,16,0,0,0.1628054006451586
26,770.59,0,1,1,13,0,0,0.1051816313842766
14,2757.0,2,3,1,6,0,0,0.42847407495848533
28,2308.84,2,0,0,10,1,0,0.10623005566065773
9,2041.72,6,1,0,13,0,0,0.08169014385580271
7,2022.64,3,1,0,10,1,0,0.19219594766136366
52,2732.2,7,2,1,11,0,0,0.030781251609692785
6,2799.26,2,0,1,13,0,0,0.16099611846056192
41,1867.78,3,1,1,10,0,0,0.05697171483093121
56,1366.67,2,2,1,14,0,0,0.05003313107890467
52,1218.46,4,2,1,8,0,0,0.040908289263088655
32,2493.42,2,2,0,12,0,0,0.2005780238114741
14,2004.89,1,2,1,16,0,0,0.22896286553566733
67,416.34,7,0,0,13,0,0,0.003760825047461229
60,598.12,2,1,0,12,0,0,0.03008205074561738
44,2720.52,4,3,1,15,1,0,0.10471677125113273
7,2676.59,3,1,1,14,0,0,0.1674861647043533
3,2865.13,2,2,0,22,0,0,0.3147010408572901
23,1397.98,2,0,1,13,0,0,0.05960983868658966
12,2395.37,3,0,1,9,0,0,0.10954850807063858
62,2519.03,5,1,1,15,0,0,0.01934424744328659
15,1083.95,9,2,0,16,0,0,0.029419292586957434
21,606.95,0,1,0,17,0,0,0.12300426387561972
70,2991.67,2,2,0,9,0,0,0.0995244605654374
59,284.61,2,0,0,16,0,0,0.01493679177065146
16,1872.54,3,4,1,8,0,0,0.34637453321823614
28,2020.59,3,2,1,15,0,0,0.10674765555958465
37,2109.01,2,2,1,11,0,0,0.12778674348780344
48,915.76,3,1,1,15,0,0,0.025612855498891526
67,2220.42,1,1,0,10,0,0,0.06588809441027108
62,805.92,1,0,0,9,0,0,0.029627291957614776
70,2521.31,3,2,1,18,0,0,0.03463609263652611
3,813.53,2,2,0,9,0,0,0.25508130535910045
17,2150.78,2,0,0,10,1,0,0.13466011407275694
40,2393.56,3,3,0,6,0,0,0.22555941396015963
4,729.05,1,2,0,11,0,0,0.2771584295205647
26,866.36,3,1,1,15,0,0,0.04798289934459043
11,2381.49,2,1,0,4,0,0,0.293510674178836
67,440.8,2,1,0,10,0,0,0.0249487509912738
5,734.13,3,1,0,9,0,0,0.1332831120699378
11,1475.49,6,1,1,11,0,0,0.052220603436645856
14,2804.51,1,0,0,14,0,0,0.19741951727408277
11,1773.26,7,0,1,11,0,0,0.02989536776173909
41,1285.5,2,0,1,13,0,0,0.033721624873973996
26,2939.44,5,1,1,15,0,0,0.06598563072553362
65,1498.39,2,1,0,10,1,0,0.04068415745149369
19,1414.46,3,0,0,22,0,0,0.046450513479993676
39,1352.6,6,3,1,11,0,0,0.0508831368582479
47,1074.1,4,0,1,12,0,0,0.016037434363052567
45,1111.95,3,0,0,5,0,0,0.03918077216530941
57,2125.94,3,2,0,18,0,0,0.05576773221820638
15,314.34,8,1,0,10,0,0,0.0234242468208294
37,2109.09,4,1,0,10,0,0,0.07030476982771752
57,763.37,4,2,1,10,0,0,0.02696458023248109
62,1275.78,3,0,0,8,0,0,0.022291919641846916
44,610.31,4,0,0,11,0,0,0.019674040894141747
47,1747.7,7,1,0,12,0,0,0.019337659753362532
62,2242.18,1,2,1,9,0,0,0.0932909508343839
45,1193.04,3,1,1,9,0,0,0.04037349633624932
68,657.57,0,0,0,9,0,0,0.030237799807753662
10,834.22,2,1,1,13,0,0,0.10351651142635146
25,2490.72,5,0,0,17,0,0,0.04447023551471653
8,949.42,3,2,0,7,0,0,0.20646137898686343
7,2369.17,5,1,1,7,0,0,0.12349378617176372
34,1127.36,0,2,0,10,1,0,0.19828629707595
17,728.45,2,1,1,10,0,0,0.09230865162701599
29,2236.46,3,1,0,7,1,0,0.1316349805172513
32,1511.93,1,1,0,5,0,0,0.15949303380238924
45,287.58,3,0,1,10,0,0,0.017429705107402382
68,2887.84,4,0,0,21,0,0,0.015955318817739286
61,613.71,4,1,0,13,0,0,0.016723895054442377
27,1189.54,0,2,0,12,0,0,0.2236332224516716
24,1277.42,2,1,1,9,1,0,0.09751017197741922
55,1570.4,1,2,0,10,0,0,0.10729465733328424
9,2399.24,0,1,0,10,1,0,0.36840139870344873
39,217.05,4,0,1,14,0,0,0.013127768844713473
31,2810.92,3,1,0,15,0,0,0.11344140827905835
13,2008.77,3,1,1,12,0,0,0.1213375466043194
44,2861.82,0,0,0,4,0,0,0.16927821085841988
23,2488.69,2,0,0,12,0,0,0.12035628665978215
14,2797.95,1,1,1,14,0,0,0.22561582340771502
47,1882.8,4,2,0,15,0,0,0.059447788175821005
13,1200.47,5,3,0,16,0,0,0.13233119911650254
48,1440.16,3,1,0,17,0,0,0.03774934161763951
12,2042.49,4,0,0,19,0,0,0.06418322350332484
31,1395.41,2,1,0,6,0,0,0.120186805122671
58,2248.68,2,1,1,18,0,0,0.037370648234116455
17,457.17,3,0,1,12,0,0,0.03941991330236225
55,2523.96,1,1,0,12,0,0,0.0957666056339241
52,771.73,5,2,0,14,0,0,0.026505557598300727
65,2843.05,6,0,1,14,0,0,0.010521657624464912
12,635.53,5,1,1,9,0,0,0.05078551204362222
51,561.66,1,0,0,12,0,0,0.03270873694589614
67,2473.25,2,1,1,14,0,0,0.03716906693245767
55,2492.37,3,2,0,15,0,0,0.07705430537604394
14,2268.53,1,0,1,15,0,0,0.12576743477955707
59,2889.49,6,0,1,10,0,0,0.01527439101801905
8,957.51,7,0,0,17,0,0,0.023535028505169878
42,2514.62,5,1,1,9,0,0,0.04501326754242706
36,1185.71,1,0,0,15,1,0,0.0574386767078488
38,1704.72,3,1,1,15,0,0,0.04733567839411537
37,1447.68,4,1,1,12,0,0,0.03861161027568705
3,216.38,1,2,1,8,0,0,0.2175783024988952
37,1808.49,4,1,1,14,0,0,0.04106366297427793
67,2293.02,2,1,0,11,0,0,0.05062333959769515
32,688.75,7,1,1,15,0,0,0.013233538523153645
20,2808.64,4,2,1,9,0,0,0.17459720245671007
71,1685.12,3,1,0,12,0,0,0.0261067167307151
8,699.09,7,0,1,14,0,0,0.01851612144193808
35,2008.65,2,0,0,12,0,0,0.07195180904454941
37,737.38,5,3,0,12,0,0,0.06704754600473682
34,377.89,5,2,0,8,0,0,0.04940251480104012
66,2118.88,0,1,1,9,0,0,0.06779418928514624
30,509.95,2,0,0,13,0,0,0.04403934957039228
70,497.41,2,1,1,11,0,0,0.017212265651845922
5,2271.84,4,4,1,10,0,0,0.38097894593743387
53,354.57,4,1,0,6,0,0,0.0257648446078071
43,2467.35,3,2,1,12,0,0,0.09418243236821167
18,2429.22,2,2,0,14,0,0,0.25547607759044166
17,595.9,2,0,1,11,0,0,0.05600144915485057
52,1651.47,5,0,0,13,0,0,0.016799020835265223
46,470.55,1,1,1,12,0,0,0.04308913685451587
44,1971.2,4,1,0,18,0,0,0.039039053448791154
4,376.2,4,0,1,12,0,0,0.04323602323156052
43,2844.55,5,2,1,11,0,0,0.06949150006448111
70,781.65,4,0,1,8,0,0,0.008434910647898782
2,2112.11,2,3,1,12,0,0,0.38821166659847006
34,559.22,3,3,0,6,0,0,0.13933359847278606
36,786.87,5,1,1,12,0,0,0.023467595739673795
64,1462.66,3,2,1,10,0,0,0.03771076240991869
21,1804.67,3,3,0,18,0,0,0.19382580795619975
34,2996.82,3,1,0,8,0,0,0.14634203931368087
51,272.59,1,0,1,9,0,0,0.025463742768296792
5,200.88,4,1,1,6,0,0,0.07591542813468544
57,1181.03,5,0,0,12,0,0,0.012418849857424492
59,1225.24,4,1,0,7,0,0,0.029487840904505805
52,2674.74,1,1,0,11,0,0,0.11440354051588483
47,2755.23,4,1,1,9,0,0,0.055210633183311916
54,2665.47,3,1,0,23,0,0,0.04034455638505535
56,600.9,1,1,1,13,0,0,0.03246052662580176
65,1353.89,2,0,0,12,0,0,0.023020182422364616
31,2288.48,1,1,0,9,0,0,0.18540460854525637
33,1075.31,2,1,1,12,0,0,0.06203411323331824
46,2057.07,1,1,0,6,0,0,0.12963328232205834
14,864.0,0,1,0,11,0,0,0.20096006731486696
61,1105.57,2,2,0,13,0,0,0.05241158270904192
55,2609.2,8,0,0,13,0,0,0.010369905174779008
45,901.43,3,1,1,12,0,0,0.03161509712422697
22,2900.11,2,1,0,12,0,0,0.20650433577478725
25,1057.53,2,2,0,23,0,0,0.09509827318036451
31,265.88,2,2,0,10,0,0,0.09971832570681553
48,913.72,2,0,0,12,0,0,0.03186330157047226
56,679.37,3,1,1,13,0,0,0.019940851425901414
48,1619.12,4,0,1,4,0,0,0.027423046424094582
67,515.6,4,1,0,15,0,0,0.012298725073896954
69,1952.94,4,2,1,11,0,0,0.029416233914389127
51,2649.72,3,2,1,16,0,0,0.0687455826704125
27,1215.05,3,1,1,10,0,0,0.06578926232097305
43,671.78,5,1,1,14,0,0,0.016660959900933008
31,1320.07,0,1,0,14,0,0,0.13717645990431385
45,2400.71,1,0,0,13,0,0,0.07763533518065334
58,1856.17,6,0,0,12,0,0,0.012254486198418017
27,483.2,6,0,1,17,0,0,0.010923722976450998
36,1704.12,2,1,0,15,0,0,0.08263450705090683
4,1510.64,0,0,0,10,1,0,0.2316092766365721
53,1115.91,4,4,1,12,0,0,0.07419762143050704
35,508.45,4,1,0,11,0,0,0.0377975712792752
33,2947.11,3,2,1,14,0,0,0.13655678043798627
38,692.92,2,0,1,10,0,0,0.032879456184886746
16,739.68,2,3,1,13,1,0,0.18205724412292956
43,607.63,4,1,0,16,0,0,0.02513221931035101
53,1796.54,1,1,1,13,0,0,0.057274008301252156
25,1442.27,3,1,1,13,0,0,0.06736552605468059
10,898.76,4,2,0,8,0,0,0.14944228431821208
28,1402.39,3,0,0,16,0,0,0.04567769917080437
15,2085.86,1,3,0,11,1,0,0.42923545711472716
27,988.76,2,1,0,6,0,0,0.11513442766953236
45,2762.69,5,1,1,5,0,0,0.05379443985974315
9,1057.77,1,0,0,5,0,0,0.16936989249411213
54,754.9,1,1,0,11,0,0,0.051466585903237605
16,2872.79,3,1,0,11,0,0,0.19825664056979606
64,2469.57,4,2,1,7,0,0,0.04964991610116325
53,1160.79,2,0,1,10,0,0,0.025507341966571017
20,2556.01,2,0,1,13,0,0,0.10151815657578904
40,1652.68,5,3,0,6,0,0,0.11127143121722338
8,1170.91,3,1,0,12,0,0,0.1288107521170081
8,2550.91,3,0,0,7,1,0,0.17466764157141115
68,2306.06,3,1,1,14,0,0,0.02604107645573807
57,1034.05,6,1,0,15,0,0,0.012178119878124581
11,1898.7,2,1,0,16,1,0,0.1671811582031496
21,1234.29,1,0,1,7,0,0,0.09644636469159648
15,202.95,3,0,0,15,0,0,0.04300222196817434
29,2893.08,1,1,1,10,1,0,0.18596892186683608
21,1738.96,4,1,0,12,0,0,0.08815435931241714
24,1875.61,1,1,0,9,0,0,0.19157048647870786
38,1879.7,6,1,1,8,0,0,0.03161140685680279
14,1741.8,4,3,0,18,0,0,0.18174762672237194
63,1012.13,1,5,1,7,0,0,0.19543331496908958
52,2920.41,2,0,1,13,1,0,0.047224550053965385
54,1940.67,1,2,0,13,0,0,0.11266937231607249
13,2078.58,1,1,1,5,0,0,0.24760265542588436
51,1473.42,3,0,0,7,0,0,0.03494544854064475
60,1006.01,1,1,0,19,0,0,0.03417745280726975
13,380.18,4,1,0,14,0,0,0.060071332930575046
54,1180.64,3,2,1,9,0,0,0.047030648361052016
26,693.07,3,0,1,14,0,0,0.030578436789267346
56,2053.85,3,1,1,11,0,0,0.03804879470991731
34,2661.21,2,2,0,16,0,0,0.17535686908988968
57,1047.71,3,2,1,13,0,0,0.03452057116324337
11,1132.07,4,2,1,18,0,0,0.08500409675683683
28,2077.02,2,1,1,8,0,0,0.12262925157586824
20,617.96,4,2,0,20,0,0,0.06375592403856577
18,2802.42,2,2,1,15,0,0,0.22720785358656703
22,1218.77,3,3,1,11,0,0,0.15928653174381593
28,483.36,8,0,1,11,0,0,0.00810535428799566
10,689.12,2,2,0,15,0,0,0.1679874198700741
51,2811.69,8,1,1,19,0,0,0.011641183303551164
40,891.93,4,0,0,15,0,0,0.02097928536429605
59,2054.35,4,0,1,15,0,0,0.014738212275447615
51,637.26,1,0,1,10,0,0,0.02832580718478449
11,743.48,7,1,1,13,0,0,0.02765048727361512
5,2661.87,3,0,1,17,1,0,0.10722568619001943
31,614.49,3,2,1,21,0,0,0.04440922539506585
35,252.5,2,0,1,15,0,0,0.024282163895636862
18,1603.45,1,2,0,20,0,0,0.19588611540257073
56,2615.64,2,0,1,15,0,0,0.03415692811958838
42,1112.77,3,4,0,10,1,0,0.17252271215437487
54,558.85,7,0,0,14,0,0,0.005673411247099763
8,2950.25,1,2,1,11,0,0,0.3976337897120666
58,2094.87,3,0,1,10,0,0,0.02484814814371954
15,2581.93,5,0,1,9,0,0,0.06650427392178351
32,2305.99,0,4,1,12,0,0,0.4214737546804548
32,2155.08,3,1,1,11,0,0,0.07908945351928126
59,1276.78,1,0,1,7,0,0,0.03293421562258068
20,1108.15,1,4,1,16,0,0,0.2901106722166961
18,2207.48,4,0,0,11,0,0,0.0798880075591402
25,2206.8,0,0,0,10,1,0,0.17537076680453603
26,2861.65,7,1,1,13,0,0,0.04195194032071933
13,1792.25,3,1,0,20,0,0,0.1040601417176467
13,1024.94,1,2,1,3,0,0,0.2636699995946203
17,1570.68,3,1,1,6,0,0,0.11673818732454826
34,1918.4,1,2,0,12,0,0,0.19485896483876936
25,1394.84,2,2,1,7,0,0,0.15717559481859
28,2415.17,7,3,0,12,0,0,0.10096887789544882
52,1836.92,1,1,0,14,0,0,0.07381050499679628
18,226.42,0,0,0,14,0,0,0.08778613730567403
65,1795.55,5,2,1,15,0,0,0.02019901586223614
54,1974.09,2,3,0,8,1,0,0.16001726150998352
13,2762.73,6,1,1,10,1,0,0.08507421282217437
23,1358.42,4,0,0,16,0,0,0.04024352602498201
14,1808.51,3,0,1,10,0,0,0.07968470472934949
20,1529.99,5,1,0,9,0,0,0.07384880153869339
26,1688.64,1,0,0,10,1,0,0.11277117549014212
10,388.45,5,0,0,22,0,0,0.023868634270115104
2,2712.39,4,0,0,10,0,0,0.1545237970893139
32,2749.15,3,1,1,10,0,0,0.10325745013910655
50,1734.57,2,0,1,8,0,0,0.03831221784399318
22,1758.36,4,5,0,8,1,0,0.39519109405661895
62,361.16,2,0,0,15,0,0,0.014707066456368701
27,1874.26,5,0,1,17,0,0,0.025209212230745535
64,1401.63,3,3,1,7,0,0,0.06331220511971364
17,2185.32,2,0,1,17,0,0,0.08170351673223064
39,331.95,4,0,1,10,0,0,0.016355557222494477
55,2190.49,2,1,1,14,0,0,0.04712084024436181
5,1003.3,2,3,0,8,0,0,0.36129587975522215
67,2024.77,2,0,0,13,0,0,0.027355938127898393
26,1955.95,3,1,1,15,0,0,0.07377627155586579
36,835.16,4,2,1,12,0,0,0.04733666975992899
45,1433.27,1,0,0,11,0,0,0.05765770356407326
46,2539.77,5,1,0,18,0,0,0.03584124846098614
2,1895.66,0,1,1,15,0,0,0.2644425249380685
62,392.47,0,0,0,11,1,0,0.02978431888458774
45,1440.14,4,1,1,6,0,0,0.0391665803315189
71,1072.96,0,0,0,11,0,0,0.03010468222238099
34,1996.61,3,2,1,8,1,0,0.11798211020245453
44,1920.78,2,0,1,17,0,0,0.03373415710786593
32,229.11,1,0,1,15,0,0,0.03405527875756124
64,1901.55,1,0,0,11,0,0,0.0400297278926648
60,2257.58,6,2,1,13,0,0,0.02379740473230082
65,2352.44,4,0,0,9,0,0,0.02341681324134584
36,365.13,0,2,0,11,0,0,0.13919674016637307
57,1050.24,1,1,1,13,0,0,0.0378139963693088
26,1379.57,2,0,1,10,0,0,0.061418053636988906
33,703.36,1,2,1,9,0,0,0.11557770020775361
54,1378.05,6,2,1,19,0,0,0.015328365583679412
6,399.16,1,3,1,8,1,0,0.29837069584392006
51,517.01,3,0,1,7,0,0,0.01820498738580069
2,2072.35,3,1,0,8,0,0,0.2359824675306709
42,935.2,3,2,1,5,0,0,0.07105291938508022
34,2191.94,6,3,1,8,1,0,0.09198389414854946
34,334.7,1,1,1,13,1,0,0.055471432201279765
36,1775.57,4,0,0,14,0,0,0.03536532788414579
35,1296.06,0,2,0,9,0,0,0.2119851853320876
29,2431.52,1,3,0,12,0,0,0.3518405452330416
33,2395.06,2,0,1,5,0,0,0.0915133121581205
41,1251.57,2,2,0,11,0,0,0.10570509275689878
55,1943.6,3,1,0,18,0,0,0.036114035036873375
40,837.14,7,5,0,15,0,0,0.07815562976305142
46,1825.14,4,1,1,9,0,0,0.039168038545807644
60,427.54,4,1,0,18,0,0,0.012865192801930271
71,1416.89,2,1,1,11,0,0,0.024385105863862694
8,711.64,7,2,1,10,0,0,0.05160684788025883
51,2673.47,2,2,1,12,0,0,0.10388760383641443
16,1445.72,5,0,0,13,1,0,0.044927941568268334
14,1854.17,4,2,1,21,0,0,0.09148341196349379
57,1209.07,5,0,0,15,0,0,0.011036984041179249
5,1008.47,3,0,0,11,0,0,0.09245468448574734
61,768.18,7,1,0,15,0,0,0.0074194595509036575
55,2753.24,2,0,0,14,0,0,0.05009582866625063
71,2438.5,7,1,0,14,0,0,0.011472821209295214
48,573.13,7,1,0,16,0,0,0.009709311494964968
62,2290.83,1,1,1,11,0,0,0.058377004728834704
9,1371.89,4,1,1,12,0,0,0.08380502776565589
64,243.11,5,1,0,12,0,0,0.010517564309931551
12,1679.43,2,1,0,8,0,0,0.2012234119173428
23,564.13,1,2,1,5,0,0,0.16613236293904657
10,787.82,1,1,0,17,0,0,0.1395557021687257
29,2148.91,4,2,0,10,0,0,0.13222409536034105
54,920.0,0,1,0,8,0,0,0.07966095840156588
20,2697.29,2,2,0,4,1,0,0.35871330564789766
59,2040.08,3,0,1,8,0,0,0.02568243502073888
44,2530.39,4,0,0,17,0,0,0.03342759638918301
45,1922.53,2,0,0,11,0,0,0.05442978778616544
67,2632.78,2,1,0,11,1,0,0.05793875622061542
31,1212.72,2,0,0,14,0,0,0.054336252886828286
25,1737.59,2,0,1,10,0,0,0.07271222000581115
71,1644.49,2,0,0,13,0,0,0.0207763407993507
40,2730.61,1,1,0,14,0,0,0.1433419051148639
44,661.76,5,0,0,9,0,0,0.01685542565925997
22,1818.57,3,0,1,17,0,0,0.047758154484119256
16,2312.41,1,3,1,18,0,0,0.31132991926397185
13,1236.14,3,1,1,19,0,0,0.06847566137092592
16,2629.23,6,0,1,16,0,0,0.038240716606705034
14,1244.44,2,1,0,17,0,0,0.11754790324379333
54,685.26,0,0,0,15,0,0,0.03587622340239882
5,1835.34,2,2,1,11,0,0,0.25758371151400933
45,1377.59,5,1,1,13,0,0,0.021907447620710983
68,242.53,6,2,0,10,0,0,0.012056430657972133
55,395.55,3,0,1,11,0,0,0.012923651421220443
29,746.78,2,0,1,6,1,0,0.0517005034965304
5,2354.12,2,1,0,10,0,0,0.27508555017790487
60,2697.71,2,2,0,14,0,0,0.09628273860459477
1,1727.79,6,1,1,11,0,0,0.07675036404365493
49,495.58,2,0,1,14,0,0,0.01843170857046723
48,1696.37,3,4,0,12,0,0,0.16891339096980185
14,2595.7,1,3,0,9,1,1,0.5117817914741052
53,2298.54,3,2,1,12,0,0,0.0666180374302472
13,1015.07,0,1,1,12,0,0,0.16831710763266358
17,546.89,3,0,1,11,0,0,0.04262035518705805
58,2721.91,2,0,0,11,0,0,0.05136621008774937
70,2591.45,3,1,1,9,0,0,0.03408159405535269
19,350.4,3,2,1,14,1,0,0.07533963671377718
66,2506.29,6,1,0,11,0,0,0.02028417114557527
65,472.2,4,2,1,17,0,0,0.013946909180438087
55,377.19,4,1,0,12,0,0,0.01895620632237851
10,2324.08,3,0,0,18,0,0,0.10064418902310807
22,1701.67,3,1,0,12,0,0,0.10754738617438128
49,1360.73,1,1,1,14,0,0,0.05187924935390531
71,2730.81,3,2,0,9,0,0,0.06855142979186733
58,2550.05,3,0,1,11,0,0,0.028683390723310203
30,361.35,1,3,0,18,0,0,0.14513209512014397
17,1925.04,5,1,1,8,0,0,0.07618526602275277
69,2362.35,5,1,1,11,0,0,0.017455091151240467
20,1741.37,4,2,0,13,0,0,0.1290980944921704
25,2952.42,5,1,1,9,0,0,0.0869235354337345
69,2120.93,3,0,1,7,0,0,0.020560933154267737
40,491.6,4,3,1,10,0,0,0.06057449370421737
19,755.23,2,0,1,14,0,0,0.04973512736908004
1,2513.49,4,1,1,8,0,0,0.18345474740727216
31,2990.92,2,3,0,12,0,0,0.331015516370244
71,475.35,8,2,1,16,0,0,0.004223934772653684
31,480.92,4,1,1,15,0,0,0.027415867928547125
50,2337.48,8,1,0,15,0,0,0.015251285573240911
18,380.19,3,1,1,12,1,0,0.056436870374055585
56,391.97,5,4,0,8,0,0,0.06044253805878429
56,2688.69,3,0,1,13,0,0,0.02958484325032444
44,2441.26,5,3,1,10,0,0,0.09020391431227744
55,2668.38,2,0,1,10,0,0,0.04432857198393619
42,2021.44,4,0,1,13,0,0,0.026344448632651583
27,1103.1,3,1,1,14,0,0,0.05339724431276613
53,2737.68,0,1,1,14,0,0,0.10130569966524292
60,1036.43,3,0,0,11,0,0,0.018861432780024393
60,971.43,5,1,0,19,0,0,0.011866716807318599
16,2681.92,2,0,1,11,0,0,0.12808200013557997
49,2106.3,2,0,0,9,0,0,0.05665812577442519
1,2707.88,4,0,1,10,0,0,0.12581453679753138
41,636.52,3,1,1,17,0,0,0.0258388187874052
41,2866.43,2,2,0,15,0,0,0.1635638410909438
26,1915.68,1,2,0,14,0,0,0.22044990688424435
71,2070.5,3,1,0,11,0,0,0.0318754366054813
63,2759.37,4,1,0,10,0,0,0.04299446028216527
3,1266.11,3,2,0,14,0,0,0.20315399475168316
15,2214.81,1,1,0,13,0,0,0.2319345555225894
15,1992.95,8,1,1,10,1,0,0.03581951096345176
64,2405.71,5,2,0,15,0,0,0.03464551207347625
37,2711.44,3,1,1,13,0,0,0.07862429529210814
52,2104.17,2,0,0,12,0,0,0.04582459942082007
58,389.39,2,1,1,13,0,0,0.021643411364721647
55,712.79,1,0,1,13,0,0,0.02282534467631545
7,2871.14,2,2,0,12,0,0,0.38681792480599575
10,2912.22,1,0,0,14,0,0,0.2252851839273837
29,2908.76,0,1,0,14,1,0,0.2477627980928494
25,303.04,4,1,0,13,0,0,0.04288691345480877
54,1270.85,7,3,0,13,0,0,0.029178125697393528
12,2327.08,4,1,0,14,0,0,0.12988416287130025
27,2308.08,2,4,1,12,1,0,0.33264320038960915
17,440.54,3,1,1,15,0,0,0.052560490196439665
14,1906.57,4,4,1,11,0,0,0.277413251973541
13,600.03,4,2,0,18,0,0,0.083693619000168
14,1580.99,0,0,1,13,0,0,0.13310989226262782
41,871.12,4,1,0,7,0,0,0.04339720824766966
30,348.85,3,3,0,13,0,0,0.10977339706099767
31,424.05,2,1,0,9,0,0,0.07379521289948876
35,2750.5,4,1,1,12,0,0,0.06871889179893964
53,2285.01,2,2,0,8,1,0,0.1260258595320112
62,2809.11,3,5,1,12,0,0,0.20078358555676679
38,1515.97,3,1,1,16,0,0,0.04208805070614575
46,1357.22,4,0,1,14,0,0,0.01704616473704848
53,1203.54,3,1,1,12,0,0,0.028212729800035377
50,1925.66,6,1,1,9,0,0,0.021606457769404966
10,1184.37,1,0,0,14,0,0,0.12337233858664404
70,2289.57,1,0,1,17,0,0,0.023491437976929902
12,2443.69,5,1,0,12,0,0,0.1158723042838369
30,2652.36,4,1,1,15,0,0,0.06746905088415188
47,879.84,4,2,1,19,0,0,0.02595572966470033
29,1675.66,2,0,0,13,1,0,0.07192638093799446
18,825.64,5,1,0,11,0,0,0.05461799263904198
66,305.16,8,1,1,16,0,0,0.002955381779164961
6,2181.91,7,0,1,20,0,0,0.027954914526396504
18,1737.15,3,0,1,7,0,0,0.07816067349015877
71,2227.0,2,0,0,15,0,0,0.024228464391595345
52,445.34,0,0,1,14,0,0,0.02779502564624547
7,2987.47,5,0,0,17,0,0,0.09036365596195718
54,2984.18,4,3,0,15,0,0,0.11175930325384324
69,1502.0,4,0,1,17,0,0,0.007945100205905161
7,2624.96,3,1,1,14,0,0,0.16448413686056798
30,881.99,2,2,1,12,0,0,0.0939750283214535
34,2265.19,5,3,0,14,0,0,0.1205687998308689
10,2661.83,5,0,1,12,0,0,0.0700068260254642
15,2481.07,1,1,1,8,0,0,0.24331553991436652
13,2472.97,3,1,1,13,1,0,0.138409893865378
14,1496.47,3,0,1,15,0,0,0.057526045178884835
29,2495.97,2,2,1,12,0,0,0.17399331127472217
33,2133.97,8,0,0,10,0,0,0.01879539940761506
17,570.86,5,1,0,15,0,0,0.04300175993387134
21,519.72,4,0,1,13,0,0,0.026613208798928666
14,2361.38,3,1,0,10,0,0,0.18134607335227124
57,1951.3,3,0,1,10,0,0,0.02413689814551432
16,1654.25,3,1,0,8,0,0,0.14456151074751572
65,2740.33,4,2,1,11,0,0,0.04549926264581863
39,2046.85,3,0,0,15,0,0,0.04475140561738409
57,1309.21,7,3,0,16,0,0,0.0238612290517407
46,1359.01,3,1,0,13,0,0,0.045805050025739
19,1894.68,5,2,1,12,0,0,0.09075741698137121
43,2328.77,1,3,1,10,0,0,0.2206775423172397
20,1780.19,1,0,1,17,0,0,0.08206211466621065
9,1624.53,6,2,0,9,0,0,0.12127744960148533
19,2235.32,3,3,1,12,0,0,0.23349514207128785
20,2174.74,3,1,0,16,1,0,0.11597349233252295
10,2524.97,5,1,0,12,0,0,0.12598806849949565
2,375.15,0,2,0,9,0,0,0.33353908022832335
68,2313.87,1,1,1,15,0,0,0.041924507956625535
37,1638.53,1,1,1,9,0,0,0.09939926804533372
29,409.14,2,0,0,11,0,0,0.0473348338246113
67,2101.23,1,1,1,12,0,0,0.04492915891572976
16,2206.31,1,3,1,14,1,0,0.339926555971885
29,1666.16,3,0,0,13,0,0,0.05583006781186335
61,2422.64,3,0,0,8,0,0,0.036659329084376586
45,1040.69,5,0,0,10,0,0,0.01832187002896355
29,765.34,1,2,0,8,0,0,0.17142766397401174
19,1182.06,3,1,1,11,0,0,0.07823656079832952
3,1348.14,3,1,0,13,0,0,0.15082802288200242
7,2148.61,0,0,0,11,0,0,0.25605161586820224
12,2567.46,5,0,1,14,1,0,0.05870592426563272
56,2218.57,0,1,1,5,0,0,0.1091919181151613
46,687.17,2,1,1,9,0,0,0.04129474547986916
31,1225.41,2,0,0,7,0,0,0.07273794715763085
56,643.56,4,2,1,13,0,0,0.023274971139154648
12,2122.83,4,1,0,10,0,0,0.14028539327854722
15,894.88,1,1,0,16,0,0,0.1320482859565051
28,1671.08,2,1,1,11,0,0,0.09368827524815378
66,2417.12,0,2,0,13,0,0,0.1230890419773766
44,2078.63,5,1,0,15,0,0,0.03578990508380314
61,1035.45,2,1,0,13,0,0,0.03344494609347369
18,1132.03,5,3,0,14,0,0,0.12190769813828681
61,2029.42,7,1,1,8,0,0,0.013021808539456737
6,1738.51,3,0,1,16,0,0,0.07627592955974985
17,469.9,2,3,0,9,1,0,0.23078276806664522
38,2647.18,2,0,1,14,0,0,0.060911857204130074
4,1635.32,2,0,1,8,0,0,0.13469232091367825
61,1525.41,3,1,1,15,0,0,0.022322774278812886
62,755.63,2,0,0,12,0,0,0.019689527504570703
39,1255.58,3,0,0,12,0,0,0.03689573336601858
22,1131.91,2,1,1,9,0,0,0.09750555151456876
8,958.06,4,2,0,11,0,0,0.14379171255396375
44,1788.74,7,3,0,12,0,0,0.05029948583772464
39,1494.37,4,0,1,15,0,0,0.02131054707971564
54,2689.75,2,0,0,13,0,0,0.05240898886307424
43,2835.76,6,3,0,8,0,0,0.11645351000907334
10,814.53,5,2,0,13,0,0,0.09453638372829079
9,480.3,7,0,1,13,0,0,0.01713848349778404
56,2398.95,4,1,0,14,0,0,0.038595975544909546
12,2985.61,3,1,1,11,0,0,0.18313099999166127
67,2618.08,6,1,0,7,0,0,0.024455350157236586
8,266.35,3,3,1,10,0,0,0.16904430246080324
52,903.54,2,2,1,15,0,0,0.04479407274099148
70,321.36,3,1,0,10,0,0,0.016725252981750257
32,2498.18,3,1,1,7,0,0,0.10566387416468817
5,1827.94,3,2,1,10,0,0,0.21678591775642042
63,1638.41,2,0,0,10,0,0,0.029883906915386976
14,1752.46,2,0,0,8,0,0,0.13603157471464888
38,906.86,4,0,1,16,0,0,0.016512880208410154
70,1884.59,4,0,0,7,0,0,0.01812174274691157
53,285.87,1,1,0,7,0,0,0.051877189084736174
4,2008.83,1,3,1,13,0,0,0.41666963450161637
59,2256.41,2,1,1,4,0,0,0.0651262063920741
12,2084.47,3,0,0,11,0,0,0.11447702705119153
54,1129.93,1,0,0,19,0,0,0.028037929030192827
45,2513.54,4,0,0,12,0,0,0.03979448562647214
21,2203.52,4,3,0,11,0,0,0.22822616959923211
31,559.23,7,4,0,17,0,0,0.05537673036117288
9,746.4,4,1,1,16,0,0,0.055760558837446184
71,1983.9,2,0,1,6,0,0,0.02479607523710605
17,1010.37,1,3,0,15,0,0,0.2743571848398805
22,534.41,4,0,1,17,0,0,0.021911483348141185
36,633.91,4,0,0,8,0,0,0.02865735761246988
48,663.73,2,4,0,16,0,0,0.12615361676131112
36,1537.81,1,1,1,15,0,0,0.07741716008295473
36,1900.68,5,0,1,9,0,0,0.027411257035911595
42,693.93,2,1,1,9,0,0,0.0465359263852939
61,2194.99,5,2,0,11,0,0,0.041115552893599694
29,986.84,2,2,1,11,0,0,0.10454151840160492
60,1072.36,6,2,0,16,0,0,0.01670025839947414
56,825.8,1,0,1,11,0,0,0.02527269969150091
69,2398.58,1,0,1,8,0,0,0.037054445508746814
65,2887.48,5,0,0,11,1,0,0.020636633181914717
57,1579.0,4,1,1,19,0,0,0.016686648007420594
18,317.69,2,2,1,11,1,0,0.1097837974686907
55,929.59,2,1,0,10,0,0,0.043356901635535024
53,642.54,5,1,1,12,0,0,0.01328073920201081
21,2559.73,1,0,0,12,0,0,0.16360850779312935
49,437.59,3,4,0,11,0,0,0.10823555473295768
18,2906.13,2,0,1,9,0,0,0.14215693692873846
38,1847.84,2,3,0,15,0,0,0.17819964112267653
57,1649.67,6,1,1,10,0,0,0.014974959656370175
14,2572.58,2,1,1,18,0,0,0.14563133004176465
24,277.13,4,1,0,8,0,0,0.05380211681373149
57,2376.03,1,2,1,12,0,0,0.10007853692531901
33,526.49,4,1,0,13,0,0,0.03712035032813245
69,2554.18,2,0,0,13,0,0,0.031991121469453807
1,1681.69,2,3,0,10,1,0,0.437800141031924
52,371.16,0,1,1,16,0,0,0.037916997611301184
58,2533.09,5,1,0,11,0,0,0.033719893463468216
66,276.48,1,2,0,10,0,0,0.0475151923431756
12,587.44,3,2,0,14,1,0,0.12713236120900887
70,2433.91,2,2,0,5,0,0,0.09432430874266219
28,1501.64,1,2,1,8,0,0,0.18193197502921687
25,2667.89,2,0,1,12,0,0,0.09600464406140606
26,1979.2,3,2,1,12,0,0,0.12459905756330479
46,1945.88,2,2,0,10,0,0,0.12425884455835651
47,1018.26,2,0,1,19,1,0,0.01958833765997705
34,574.31,5,1,0,11,0,0,0.03090875590852858
6,2891.28,3,1,0,14,0,0,0.22876997590564546
71,493.43,2,0,1,9,0,0,0.01178419666072565
16,1681.23,3,1,0,12,1,0,0.12549090415195907
7,963.19,1,2,0,9,1,0,0.2964151026936661
43,939.59,2,0,0,12,0,0,0.03731297136332066
30,1864.84,4,0,1,6,0,0,0.047282027836037056
44,2434.22,5,1,1,13,0,0,0.034742567236025215
63,2376.1,4,0,1,15,0,0,0.01492836491366663
7,2632.64,3,0,1,13,0,0,0.1173374821154254
21,1020.13,5,1,1,14,0,0,0.03697479622697091
37,1504.1,0,1,1,12,0,0,0.10669193060169249
56,226.14,1,2,1,9,0,0,0.05032124606728296
43,2291.2,3,1,1,17,0,0,0.04761820839916
28,1046.56,1,2,1,20,1,0,0.0980556470439709
44,1772.18,4,2,0,18,0,0,0.05481726972391967
70,674.04,7,1,1,10,0,0,0.005170794247474112
35,2494.32,6,0,1,10,0,0,0.026613128580944074
63,2488.36,3,1,1,8,0,0,0.04187943587406884
56,2656.87,6,2,1,19,0,0,0.024446276742354788
22,328.62,7,2,0,19,0,0,0.02594966676110114
18,2978.88,5,2,1,13,0,0,0.13444610498178167
55,893.78,4,2,1,14,1,0,0.025458756940392253
15,1066.41,3,2,1,9,0,0,0.13400788147756176
24,898.14,0,2,0,11,0,0,0.2258836453697229
17,949.09,3,1,1,11,0,0,0.07562437821424658
44,1747.45,4,0,0,14,0,0,0.02759621340911301
21,871.47,3,1,0,18,0,0,0.06318042220067076
47,1302.56,4,4,1,13,1,0,0.09062350502437944
67,2035.7,3,1,1,12,0,0,0.026152912169259787
59,2540.87,4,0,0,14,0,0,0.02443911643668108
68,2139.68,2,0,1,14,0,0,0.02053983163076723
2,1864.1,4,2,0,18,0,0,0.17852410374653715
33,613.64,2,3,0,8,0,0,0.16961814472481293
16,2485.12,2,1,1,19,0,0,0.1288910713329899
66,304.37,2,2,0,12,0,0,0.0342151764398076
51,939.74,4,1,0,8,0,0,0.03188504778042556
23,359.76,0,1,1,12,0,0,0.1017270628049878
41,2068.8,7,3,1,17,0,0,0.03860306085034373
43,1231.44,8,3,0,12,0,0,0.03203904266665565
36,2025.74,3,0,1,8,0,0,0.050225830189242135
34,1171.69,4,0,0,7,0,0,0.03944489902714843
4,1476.07,1,0,1,8,0,0,0.15970208677363804
33,1482.29,3,1,1,8,0,0,0.06680923767348135
25,327.63,2,2,0,11,0,0,0.11558331096657123
59,1404.63,1,0,0,11,0,0,0.03793032329498937
62,1994.98,4,1,1,10,0,0,0.02506639002738374
54,1728.95,3,1,1,18,0,0,0.026301182949904415
3,410.79,7,0,0,7,0,0,0.033398002780549434
60,2070.56,2,0,1,10,0,0,0.030045056668703166
29,1064.82,2,3,1,15,0,0,0.13584261862052732
30,240.42,4,0,1,16,0,0,0.015943621695415643
68,635.67,4,1,0,8,0,0,0.016956660319954273
62,1593.17,3,1,1,11,0,0,0.02642173534784797
4,1069.12,3,1,0,14,0,0,0.12791017444355532
26,2144.27,4,1,1,18,0,0,0.054750953808572186
54,873.83,5,0,0,14,0,0,0.010977128062350575
39,2363.83,2,0,0,13,0,0,0.07084730407939278
19,1002.14,3,0,1,13,0,0,0.04439821361921981
38,1938.42,3,3,1,17,0,0,0.10792835209570921
62,2437.81,7,2,0,12,0,0,0.025216681208988033
16,1279.56,5,0,0,10,0,0,0.04763505315140796
53,331.05,9,1,0,7,0,0,0.006568296382360305
53,1699.25,4,0,0,14,0,0,0.020691276565180577
63,2987.15,2,1,0,8,0,0,0.08420281538264776
22,2913.18,1,1,0,14,0,0,0.23838977200844938
16,818.86,2,2,1,10,1,0,0.14459154754579387
39,2315.95,1,0,0,13,0,0,0.08888531645623089
38,1165.87,0,2,1,13,0,0,0.12991549563532812
30,648.76,4,1,0,8,0,0,0.05243897167682459
56,2064.56,3,0,0,16,0,0,0.026181196561295427
57,1602.43,2,1,1,17,0,0,0.03088895275542451
18,1709.85,4,2,0,14,0,0,0.12956128296900543
57,2516.7,5,0,1,12,0,0,0.016584011524861643
17,1142.32,4,2,0,14,0,0,0.10786956546006496
29,2067.87,4,0,1,13,0,0,0.039416008014963574
2,1225.34,1,2,1,15,0,0,0.24388408788717716
25,319.63,3,1,0,22,0,0,0.0382257722766195
69,1258.44,2,0,1,15,0,0,0.013268197292250717
32,2860.1,4,0,1,17,0,0,0.04200470348522492
51,1553.13,4,1,1,15,0,0,0.023450478595065775
8,503.05,5,1,1,11,0,0,0.049785517538551996
46,2125.92,5,2,1,14,0,0,0.04232579885183825
27,2897.46,0,0,1,7,1,0,0.18916715433646225
53,2742.25,2,0,0,7,0,0,0.07043795600266672
66,1801.49,2,1,1,19,0,0,0.023554714906656275
38,1253.59,4,1,1,10,0,0,0.03770764108115751
8,1825.9,3,2,0,16,1,0,0.20235174571419992
34,2484.61,3,1,1,8,0,0,0.09566930939127379
9,2611.46,1,1,1,14,0,0,0.23886706819297832
32,2492.76,3,4,1,10,1,0,0.278792871278407
5,1475.33,3,1,1,13,0,0,0.11885328756681869
46,532.8,4,1,0,16,0,0,0.022287691178218254
23,1793.69,2,0,1,16,0,0,0.06160638476253499
15,638.0,4,0,1,8,0,0,0.04117295628193052
2,370.68,2,2,0,12,0,0,0.20451523151212886
64,1596.27,2,0,1,11,0,0,0.021049336236735605
60,2035.05,5,1,1,11,0,0,0.019973103228880563
58,2591.61,3,0,0,8,1,0,0.042853550709246874
5,2391.94,3,3,1,7,1,0,0.3829921507043447
25,2600.27,1,3,0,9,1,0,0.4287856729901608
69,2328.19,3,0,1,10,0,0,0.019691669349132843
42,2169.07,4,1,1,19,0,0,0.03323095882413364
10,228.39,5,0,1,10,1,0,0.028712942203830936
11,1953.09,4,0,1,13,0,0,0.0634478552576431
19,537.35,2,1,0,7,0,0,0.11625421608217733
70,364.27,2,1,0,14,0,0,0.018628420870735764
13,637.95,3,4,0,14,0,0,0.2579429866198792
65,2505.22,3,0,1,8,0,0,0.025988842580368522
49,2282.78,6,0,0,15,0,0,0.016845427694426988
66,2856.56,2,1,0,6,0,0,0.07976158729064618
59,2941.13,5,2,0,16,0,0,0.047721139630535564
24,2701.2,0,3,0,11,1,0,0.49130793414348484
59,572.19,7,0,1,11,0,0,0.004278915101657884
13,2659.47,2,1,0,14,0,0,0.22100279875892206
21,2548.18,1,2,0,11,0,0,0.32880969534096555
16,2639.04,3,0,1,7,0,0,0.11632326804779751
10,624.72,6,0,1,14,0,0,0.021962920778174973
7,527.02,3,1,0,12,0,0,0.10419724201733759
14,2786.66,6,0,0,6,0,0,0.08371033914302779
9,686.71,2,1,1,15,0,0,0.09299513459738092
28,1232.14,3,1,1,12,0,0,0.05929936064336515
6,1476.76,5,1,0,8,0,0,0.11103611948167884
5,548.44,1,1,0,13,1,0,0.16910071933969245
71,257.78,0,2,0,12,0,0,0.04836362256048803
7,2983.45,4,2,0,12,0,0,0.2795680867673163
6,2654.64,5,0,0,9,0,0,0.11217020173641008
3,2754.55,7,2,1,18,0,0,0.09534313548788241
10,996.78,3,0,0,11,0,0,0.08005500737664029
38,816.28,3,0,0,14,0,0,0.02921343334762622
59,1392.43,2,1,0,8,0,0,0.050485545006941274
53,1469.29,4,3,1,16,0,0,0.04788224424153182
42,215.68,4,1,0,8,0,0,0.030992015264637764
7,2381.91,3,0,1,14,0,0,0.10276105302192412
55,2990.67,2,1,0,8,0,0,0.10519177875434167
3,1680.33,1,0,1,11,0,0,0.15772444219747433
45,1287.12,1,3,1,15,1,0,0.12143853284766487
30,1299.71,2,2,1,9,0,0,0.12352727214053526
63,469.02,4,1,1,11,0,0,0.012418945082621586
22,945.25,9,2,0,9,0,0,0.030405910021837443
46,1605.97,0,1,1,6,0,0,0.10961152809304892
32,1409.17,1,4,0,10,1,0,0.35321074232200633
38,1726.1,3,0,0,16,0,0,0.038837644578926855
67,2577.38,4,2,1,14,0,0,0.03542938296415625
51,830.68,5,1,0,10,0,0,0.02160510455371719
30,277.46,4,0,0,12,0,0,0.024973647070283364
32,307.03,5,3,0,12,0,0,0.06531139307841148
51,575.67,5,1,1,10,0,0,0.014954643896043101
25,1797.35,4,1,1,12,0,0,0.06288147608144865
12,2462.92,4,1,0,13,0,0,0.1417034225899956
34,2683.06,2,0,0,11,0,0,0.09978919843815738
5,1978.32,6,1,0,10,0,0,0.10038447329281461
13,1328.8,3,1,1,11,0,0,0.09781703391758939
30,632.64,2,1,1,8,1,0,0.06688761412618455
57,1323.97,1,2,0,14,0,0,0.0788479229830375
56,1130.76,4,3,0,12,0,0,0.05834241863414852
19,2636.07,1,3,1,9,0,0,0.4118936063920344
30,1562.81,3,0,0,17,0,0,0.04407489183452511
11,833.35,4,2,1,9,0,0,0.10829535805447278
54,1008.64,2,2,1,11,0,0,0.05205876740627148
18,582.12,4,1,0,9,0,0,0.0691674176545767
57,2772.04,2,2,1,6,0,0,0.11565120281940366
60,340.97,1,1,0,13,0,0,0.03361885834305343
49,235.97,4,1,0,15,0,0,0.01882169647999641
24,712.37,4,0,0,9,0,0,0.04040215925402221
68,2470.45,2,1,0,15,0,0,0.044691423311159086
49,1665.71,2,0,1,12,0,0,0.032415566098177806
46,1952.36,3,1,0,7,0,0,0.07412610783940561
61,1201.65,3,0,1,16,0,0,0.012142023542493895
63,392.3,0,1,1,15,0,0,0.028833182615375347
6,2597.24,3,1,0,8,0,0,0.2541696930808203
63,737.3,2,1,1,14,0,0,0.020604646039137937
55,292.57,1,1,0,11,0,0,0.04153847440950556
15,1803.57,3,0,0,14,0,0,0.08420571974774274
22,433.21,1,1,0,14,0,0,0.09946458954575213
54,468.13,2,3,0,14,0,0,0.07223016338878577
16,2441.06,3,1,0,15,0,0,0.14761658979838238
33,1576.51,0,2,1,18,0,0,0.14244536805781183
49,876.22,2,2,1,9,0,0,0.06195158735887735
47,1176.15,1,2,0,8,1,0,0.12427186373828748
65,2241.87,1,0,0,9,0,0,0.0484554258783186
8,385.79,4,0,0,8,0,0,0.05882492982739278
21,526.15,3,2,0,8,0,0,0.12294674016156532
70,1925.53,0,2,1,11,0,0,0.07782620148589206
41,1899.52,6,1,1,4,0,0,0.03453833110864517
18,2922.89,3,0,1,16,0,0,0.08603976813795704
21,1248.74,1,0,0,5,0,0,0.13281648544992578
25,382.22,3,2,0,17,0,0,0.07304551172101882
40,1705.1,3,1,0,11,0,0,0.06783183972533592
21,1987.37,2,0,0,14,0,0,0.09744073407107079
45,590.89,5,3,0,12,0,0,0.05027110509919981
32,1748.01,4,0,0,13,0,0,0.04102243850620886
44,753.75,3,1,1,10,0,0,0.033373001395333855
12,2565.24,0,0,0,11,1,0,0.2603287261462544
45,2538.45,2,2,1,13,0,0,0.1118498029808555
66,1402.96,4,1,1,4,0,0,0.0225467394899068
10,2906.88,3,1,1,10,1,0,0.1941030354177166
24,2943.37,5,3,0,11,0,0,0.2199890674616391
50,561.9,3,2,1,11,0,0,0.037907317967538275
44,1229.6,3,0,1,14,0,0,0.02229948663619774
48,1880.9,1,2,1,15,0,0,0.09443356356052005
40,437.55,9,2,1,15,0,0,0.008535642490836541
49,1271.44,3,2,1,9,1,0,0.0563602827710491
44,931.28,1,2,1,10,0,0,0.08957506485873123
6,2865.74,5,1,0,12,0,0,0.1582054393230722
54,1352.44,5,2,0,14,0,0,0.031655118320639934
32,2335.48,3,0,0,15,0,0,0.06146311611552487
4,1282.78,3,1,0,10,0,0,0.16043863803827
30,569.07,4,4,0,12,0,0,0.14383593844743317
31,2616.82,2,2,0,6,0,0,0.26152797393046245
7,201.17,7,0,0,14,0,0,0.020204047208691574
71,356.63,2,0,0,8,0,0,0.015137630729821877
16,1220.28,5,4,1,9,0,0,0.18455807546931022
24,2123.32,1,2,0,15,0,0,0.2389438017217705
32,1156.77,2,1,1,10,1,0,0.07150124213771139
60,385.68,5,0,1,7,0,0,0.007762046839470151
53,1089.95,3,0,1,14,0,0,0.016078018211639056
55,885.95,6,0,1,9,0,0,0.007830359344877096
17,215.18,1,3,0,9,0,0,0.2603113319387029
61,1697.45,1,1,1,8,1,0,0.05374571653335571
59,526.61,3,1,0,3,0,0,0.03402958610597726
33,1004.99,3,4,0,7,0,0,0.2301991194166341
39,1995.33,6,1,1,7,0,0,0.03355731153002835
3,2230.32,0,1,0,9,0,0,0.4053743033756855
54,937.68,2,4,0,15,0,0,0.12348632204313069
69,1121.74,4,0,0,15,0,0,0.009641917234017415
34,891.35,2,1,1,3,0,0,0.08088282722746504
39,2879.29,2,2,1,9,0,0,0.17210656175910719
36,733.46,3,0,0,7,0,0,0.04026376288463978
6,712.91,1,0,0,13,0,0,0.11993378763574014
45,1446.1,3,1,1,7,0,0,0.04858425357137697
52,730.06,5,1,0,8,1,0,0.02191653318208499
66,638.78,3,2,0,6,0,0,0.03901299567747275
67,468.46,3,1,0,8,0,0,0.02118276071225968
35,1992.48,4,0,1,14,0,0,0.030710865771668837
69,1913.83,2,1,1,8,0,0,0.035979591507069746
38,2020.46,1,3,0,11,1,0,0.266061163939843
46,2365.24,0,2,0,12,1,0,0.209007906255623
43,1113.8,2,4,0,7,0,0,0.23142572664111274
71,2771.59,1,3,0,14,0,0,0.13729621985912524
53,2252.97,6,1,1,11,0,0,0.020745438224200358
9,2453.18,2,0,1,12,0,0,0.1365689368138619
6,2218.69,2,3,0,9,1,0,0.46667674616741855
30,1203.68,1,2,1,11,0,0,0.139353493574808
37,992.49,2,3,0,19,0,0,0.11586492909647925
48,1383.05,7,0,1,9,0,0,0.009140173568103614
35,471.69,3,1,1,8,0,0,0.04219607904553397
37,1463.59,3,2,1,18,1,0,0.05928443556878
66,320.79,5,0,0,12,0,0,0.006612454655977707
24,211.05,2,2,1,8,1,0,0.10067005125268931
36,2808.2,1,3,0,10,1,0,0.3591520201219697
40,2130.14,4,1,1,11,0,0,0.04851928570074908
34,1773.17,6,2,0,13,0,0,0.05436519800830393
69,1155.09,1,1,0,10,0,0,0.04069225376239768
69,1797.51,0,1,1,13,0,0,0.046419086401939806
37,2696.41,3,1,1,19,0,0,0.06123885281489772
32,2026.66,3,2,0,16,0,0,0.11710590721449637
42,1886.95,4,1,0,7,0,0,0.06315961597131581
13,1488.57,2,0,1,13,0,0,0.08202891985295482
31,1167.95,1,0,0,12,0,0,0.07436198370916487
16,2155.93,8,0,1,10,0,0,0.024257926417375064
11,2946.75,5,2,0,13,0,0,0.19870616239774072
7,1389.32,2,1,0,11,0,0,0.18557929040149213
42,1298.17,7,3,0,10,0,0,0.047619909485585345
1,1398.72,3,1,1,19,0,0,0.1019576317426936
46,1391.52,2,1,1,11,0,0,0.050381935436944
31,2973.75,2,2,1,10,0,0,0.20906938923294083
27,2178.98,7,2,1,14,0,0,0.04522747827286991
55,1205.72,4,0,1,9,0,0,0.015149799809977212
39,1240.21,4,1,0,8,0,0,0.05114400440708854
53,1406.23,4,1,0,9,0,0,0.034822330284403805
51,302.79,1,0,0,12,0,0,0.02943795811094476
3,1677.89,3,2,1,12,0,0,0.20199344700697636
16,2471.87,2,0,0,16,0,0,0.12376525778883088
41,2049.59,5,0,0,16,0,0,0.024184827403951392
70,755.58,4,0,1,13,0,0,0.006716682891784737
11,2238.5,2,0,0,12,0,0,0.1508753527150866
8,2214.48,4,2,0,12,0,0,0.21414349167486146
67,935.11,4,0,0,11,0,0,0.011268428526007786
69,1944.05,3,0,0,10,0,0,0.02185023504418368
12,1910.66,5,1,1,11,0,0,0.07728231725627763
29,2551.41,5,1,0,23,1,0,0.04802702740710959
45,581.0,3,1,0,14,0,0,0.03303991620691575
14,745.55,2,1,0,6,0,0,0.14873440267844182
24,1560.71,5,1,1,15,0,0,0.04038414551896123
29,323.61,6,2,1,16,0,0,0.02386856603289617
46,1363.66,2,2,0,12,0,0,0.09239977180510257
22,2407.01,0,2,1,12,1,0,0.29982102378707653
30,616.4,1,1,0,8,0,0,0.10829973309872193
21,1487.86,4,2,0,10,0,0,0.12843899000408066
54,2971.35,2,1,0,9,0,0,0.10320412609014282
11,1616.58,3,3,0,13,1,0,0.27280297045653706
17,1595.31,3,2,0,13,1,0,0.16628727869672588
18,1764.62,1,3,1,12,1,0,0.3051730492596724
65,720.81,5,1,1,12,0,0,0.00955025981246227
68,612.06,2,2,0,11,0,0,0.03811138021327925
36,2096.59,2,0,1,9,0,0,0.06373805212930692
12,1308.15,2,0,1,13,0,0,0.07868548831787073
54,1011.74,4,0,0,7,0,0,0.020423187055833528
35,287.9,6,1,1,8,0,0,0.018001776870600044
61,2568.94,3,0,0,11,1,0,0.03427614080674509
26,290.52,1,1,1,13,0,0,0.06855435672872844
71,2299.95,7,1,0,16,0,0,0.009933525082970733
58,1269.57,2,1,1,12,0,0,0.03236558689621321
16,1876.33,6,3,1,11,0,0,0.11880870714840851
52,893.5,5,0,0,5,0,0,0.017324503038083628
21,635.12,3,3,0,8,0,0,0.1855099949323962
25,1693.49,3,4,1,8,0,0,0.27189746447999824
18,2147.73,4,0,1,12,0,0,0.058400808544228855
49,747.38,4,2,0,16,0,0,0.03412324338172482
19,1421.81,6,0,0,15,0,0,0.02896342178933291
46,1445.03,3,1,0,11,0,0,0.05151874120281848
42,804.74,2,2,0,10,0,0,0.09030767533321662
54,1782.14,6,1,1,15,0,0,0.013958451768516553
71,608.62,6,2,1,20,0,0,0.006377634308233952
1,1627.3,2,0,0,9,0,0,0.17537465781074157
71,517.61,1,1,1,8,0,0,0.024864280585101765
8,1559.52,3,1,1,15,0,0,0.10461214718269506
38,1072.48,2,0,0,14,0,0,0.041913458197034216
25,1466.29,4,0,0,10,0,0,0.050921380270813096
46,1414.5,1,2,0,11,0,0,0.12421826583981892
52,2742.21,3,1,1,13,0,0,0.05184510035855874
62,1571.82,4,3,0,8,0,0,0.068855823344059
29,2491.8,1,2,0,13,0,0,0.2556037750932238
67,831.83,0,1,0,8,1,0,0.05310459573717572
23,1185.83,2,0,1,7,0,0,0.07009021681080221
15,410.25,0,2,1,8,1,0,0.21445727394552308
27,1378.09,6,2,1,10,0,0,0.04998392597607562
38,2072.36,2,3,1,12,0,0,0.17211393297668576
48,2546.87,4,1,1,13,0,0,0.04177800699635956
60,1784.56,5,1,0,8,0,0,0.026604847420686164
16,1992.2,0,1,1,13,0,0,0.21040425152431744
22,696.35,2,1,0,9,0,0,0.1052099938642323
67,304.18,1,0,0,7,0,0,0.02264372984197543
32,2416.73,1,1,1,16,0,0,0.11605015146383739
18,667.71,3,1,0,17,0,0,0.06618841206837327
70,455.27,3,5,1,12,0,0,0.06822059842694898
32,2825.17,2,0,1,6,0,0,0.10642238918080463
70,2897.86,4,2,1,13,0,0,0.03851555066411465
66,1925.52,5,2,0,16,0,0,0.025735783717404776
65,1260.18,1,2,1,11,0,0,0.05388089549091226
42,2533.07,6,1,1,8,0,0,0.03662143184755204
57,773.22,5,2,0,12,0,0,0.024888393614051662
69,1402.3,1,2,1,8,0,0,0.05749244961940105
20,1199.65,5,0,1,12,0,0,0.029139940159919966
3,2755.56,2,1,1,16,0,0,0.21940476565155445
23,2775.38,2,0,0,11,0,0,0.13884345922036012
46,2022.48,4,3,0,15,0,0,0.09686326660529779
39,510.07,2,0,1,11,0,0,0.028400867516280102
6,1550.14,4,2,0,8,0,0,0.206975864504725
40,886.92,3,0,0,9,0,0,0.03501597432948554
13,2677.76,3,1,1,7,0,0,0.185387658844456
36,587.53,3,1,1,15,0,0,0.03197867594892389
41,352.07,4,3,1,13,0,0,0.04918766610256544
46,2172.4,1,1,0,7,1,0,0.13016776011418363
30,1469.2,3,0,1,18,0,0,0.0314502839000603
29,2547.42,4,2,0,13,1,0,0.13643875203807668
49,408.96,2,0,0,7,0,0,0.031131781008915702
54,2443.01,4,1,0,9,0,0,0.05131428459341995
58,304.54,3,2,0,16,0,0,0.028268686604266586
24,278.6,2,3,1,19,0,0,0.09950998071529493
31,1491.68,4,2,1,11,0,0,0.07379253581097649
24,819.62,0,0,1,11,0,0,0.08230462291361255
38,1862.41,4,0,1,14,0,0,0.026644190800925165
10,272.29,4,1,0,16,0,0,0.05778982546812212
31,299.09,3,1,0,9,0,0,0.05474215289433436
14,2236.02,3,2,0,11,0,0,0.23793582363159416
38,788.46,7,2,0,16,0,0,0.022106133786479236
61,2037.97,5,1,0,13,0,0,0.023149601741740324
70,2299.78,1,1,1,7,0,0,0.054871088560915646
32,366.13,0,4,1,16,0,0,0.21309372902502902
4,2355.31,4,3,0,12,0,0,0.33642853586085664
17,951.58,2,0,1,9,1,0,0.06991962054109985
8,1290.73,1,4,0,16,1,0,0.4540818526463662
54,442.59,3,1,1,8,0,0,0.023784130981270715
70,2548.16,4,0,1,12,0,0,0.014777345920561005
40,1770.04,2,1,1,12,0,0,0.06673541072990534
13,1613.06,4,1,1,12,0,0,0.08221920699728848
2,2911.95,3,3,1,11,0,0,0.4153961888871618
70,1136.62,4,3,0,11,0,0,0.04059768796962665
23,2694.18,6,1,0,16,0,0,0.06272889345435809
8,2215.13,4,0,0,9,0,0,0.11426471427832231
13,2799.88,5,0,1,13,0,0,0.06513673757941373
19,2741.85,1,1,0,13,0,0,0.25008117747996383
47,2974.88,2,1,0,10,0,0,0.12019138117027707
64,568.69,4,1,0,15,0,0,0.013762001571075481
20,2428.85,0,4,1,10,0,1,0.5470356226151134
49,2452.58,5,0,0,9,0,0,0.030279067637023992
5,2004.25,6,2,1,9,0,0,0.12278327160361448
1,980.81,3,0,1,10,0,0,0.08337360489460093
4,2902.42,3,2,1,17,1,0,0.24812414565269583
66,772.38,3,3,0,18,0,0,0.037945659319672476
42,1598.81,5,1,0,8,0,0,0.041961976823521846
58,1660.16,6,1,0,13,0,0,0.016692151217508385
2,653.12,3,0,1,7,0,0,0.08058678201387609
2,2223.08,3,0,1,11,1,0,0.1245724819117443
61,448.83,2,1,1,8,0,0,0.02510556578639933
8,2140.67,3,0,1,13,0,0,0.09491359683310538
12,2576.12,3,1,1,13,0,0,0.1474552294383104
37,1178.31,1,0,0,10,0,0,0.06830908203496994
44,2186.38,2,3,0,15,1,0,0.1722742577861889
17,638.97,1,1,0,11,0,0,0.1378862482540834
32,2568.66,4,3,1,10,0,0,0.1645570298528704
48,2865.69,3,0,1,10,0,0,0.0456201047126664
32,627.54,3,2,0,6,0,0,0.10241578796899542
28,2137.21,2,1,1,13,0,0,0.10330329683024257
6,1616.33,2,1,1,8,0,0,0.1839904972902615
33,1688.2,4,0,1,9,0,0,0.03556703564464005
57,2178.17,3,1,1,11,0,0,0.03885049094824752
45,1568.47,4,1,0,11,0,0,0.0432282616871882
64,1880.91,1,2,1,20,0,0,0.048904113482367034
9,846.52,1,1,1,11,0,0,0.14565581968080962
1,1259.82,0,1,0,13,0,0,0.28811710386244166
39,2622.67,0,1,1,7,0,0,0.18277569250690767
13,507.73,3,0,1,13,0,0,0.04337157146847375
43,1873.21,8,1,1,12,0,0,0.013580728706550901
65,716.0,3,3,1,16,0,0,0.032102007706948384
24,2570.31,2,2,1,8,1,0,0.2316810232528154
40,1821.32,2,1,0,15,0,0,0.07727340820714795
49,1328.54,3,1,0,15,0,0,0.03811462501533054
11,899.51,1,4,1,11,1,0,0.3801011679016909
64,1423.17,2,1,1,11,0,0,0.030098277748028812
15,2881.31,3,1,1,12,0,0,0.1578386722558905
58,1625.79,1,2,1,11,0,0,0.07597780868923582
47,1514.57,6,1,0,17,0,0,0.018412783885944636
11,2289.57,2,1,0,16,0,0,0.19130368728938993
52,1261.33,3,3,1,14,0,0,0.0633996364005415
14,1396.79,2,0,0,8,0,0,0.11940875830743486
43,1143.45,4,1,0,10,0,0,0.040279012309734914
69,622.58,1,0,1,16,0,0,0.01270107912277291
68,2198.67,3,2,1,16,0,0,0.03507252825963985
62,2644.49,3,3,1,18,0,0,0.06965419801011266
36,2735.66,3,3,0,15,0,0,0.20405312865087724
40,2666.25,3,2,0,15,1,0,0.12433210452880608
22,1464.99,5,2,1,6,0,0,0.0899517711641394
66,995.39,3,0,0,13,0,0,0.014210570808134149
34,1986.19,3,0,0,11,0,0,0.059591010204520935
55,2873.17,3,1,1,16,0,0,0.044193030592120534
26,2235.74,1,1,1,10,0,0,0.15963825922670075
53,1585.58,2,0,0,11,0,0,0.0376636270917725
16,2128.66,4,2,1,7,0,0,0.16390666347646854
53,2363.11,6,0,1,7,0,0,0.016742131861104976
4,2773.95,3,0,1,11,0,0,0.14436376438973275
8,2337.0,5,1,1,14,0,0,0.09031535426193184
26,1412.93,3,2,0,11,0,0,0.13283202454205958
35,966.1,5,1,0,11,0,0,0.035185934711053427
51,1599.67,5,0,1,11,0,0,0.014190903940268298
26,1118.9,2,1,0,18,0,0,0.0773650937131998
2,2839.74,1,1,1,8,0,0,0.35732195948276824
24,1622.3,5,1,1,11,0,0,0.04892178667405486
32,1521.76,1,3,0,19,0,0,0.19929991817433876
39,1174.95,3,2,0,10,0,0,0.08872351433272954
46,1990.34,2,2,0,11,1,0,0.12155970574332506
18,1656.14,4,2,1,9,0,0,0.12170230750567965
44,561.34,0,2,0,13,0,0,0.11192234926547286
45,2633.78,1,2,1,16,0,0,0.13049981583354728
56,1205.24,1,0,1,15,0,0,0.024894232165901503
38,1411.22,3,2,1,14,0,0,0.06648558694839148
58,775.87,3,1,0,13,0,0,0.02538695148971963
16,1749.51,3,1,0,12,0,0,0.12867223922252571
51,2165.75,3,1,1,19,0,0,0.03292214097143069
4,2667.26,2,2,0,12,0,0,0.3882333248579799
8,344.5,6,1,1,11,0,0,0.03619058411252025
62,2925.33,1,2,0,18,0,0,0.10783933656551113
34,2170.69,3,1,0,9,0,0,0.10393046795821417
45,996.04,2,0,0,15,0,0,0.03171053331699776
43,772.53,4,2,0,12,0,0,0.04859389135031641
50,1029.05,5,1,0,8,0,0,0.02629567461073005
18,2652.03,2,0,0,18,0,0,0.11608202935717966
13,1015.89,2,2,0,5,1,0,0.24653610331136627
4,1495.9,3,5,0,15,0,0,0.49358851713795754
62,2176.07,1,2,0,12,0,0,0.10289759250614551
16,2641.57,5,0,0,12,0,0,0.07510995582398501
41,2044.0,1,0,1,16,0,0,0.05208812003204078
33,2308.71,4,2,1,17,0,0,0.07515947025490087
12,685.32,4,2,1,11,0,0,0.09208748913542439
30,2656.74,5,1,1,14,0,0,0.05482541427627588
6,972.01,2,0,1,16,0,0,0.07246189527362665
13,559.46,3,2,0,16,0,0,0.11342067402112775
10,2933.48,2,1,1,14,0,0,0.21069996856811524
59,764.59,7,3,0,7,0,0,0.026396993610931473
41,582.63,3,1,1,9,0,0,0.035481117354700976
66,1952.86,5,1,1,9,0,0,0.017576025387243472
31,1092.82,3,1,1,13,0,0,0.04936647833791767
15,573.38,2,0,1,14,0,0,0.051942406970965777
44,1883.14,2,3,1,12,0,0,0.13783436826737328
66,2325.16,4,1,1,11,0,0,0.024411148795652524
38,2420.96,8,1,1,13,0,0,0.01895767021841629
2,635.44,7,1,1,12,0,0,0.03602188298418973
22,1759.23,3,1,0,4,0,0,0.14903883799713083
66,2478.3,6,2,0,17,0,0,0.02384923453034562
37,651.04,1,1,1,21,0,0,0.04135806931490818
68,781.51,4,2,1,11,0,0,0.01874596428784958
37,206.75,5,2,1,14,0,0,0.02532229617800124
1,1668.98,4,1,0,20,0,0,0.1086291337034297
62,745.11,3,0,1,10,0,0,0.012631114509819548
55,2227.88,0,0,0,11,0,0,0.07593675664564267
51,2894.2,1,2,0,15,0,0,0.15988593855956162
69,784.52,1,0,1,14,0,0,0.014805505097593085
14,2017.47,3,2,0,12,0,0,0.21424238508203025
65,793.14,3,4,1,11,1,0,0.06205625282432431
17,250.42,4,0,0,16,0,0,0.03065202338444425
69,2323.95,3,1,1,12,0,0,0.027725482054820172
14,1415.21,3,0,0,9,0,0,0.0910772056345424
40,2851.0,3,1,1,16,0,0,0.06752740105578708
57,1696.0,2,1,1,11,0,0,0.041312525596031706
6,640.95,2,2,1,12,0,0,0.16321617221057472
5,1459.37,0,1,0,7,0,0,0.3361313261784955
61,768.1,4,3,0,14,0,0,0.04016631491496294
5,2658.48,2,0,1,9,0,0,0.1817432617672845
44,2134.53,4,0,0,21,0,0,0.023997865209155193
67,1155.47,1,1,1,10,0,0,0.03335837328207014
44,1677.9,3,2,1,12,0,0,0.06750077062879915
35,2074.54,2,0,1,9,0,0,0.06501927088629371
30,2392.0,3,1,0,12,0,0,0.11201253130042486
46,424.41,2,1,1,11,0,0,0.03413695075891154
41,263.05,1,1,0,12,0,0,0.059113670464731614
36,520.47,1,1,0,9,0,0,0.08506543282320408
11,1305.99,4,2,0,16,1,0,0.12475283051361714
48,1506.78,8,2,0,16,0,0,0.016961608146437455
53,582.09,2,3,1,6,0,0,0.08375473267475327
51,1351.23,4,1,0,11,0,0,0.03319763819375556
6,1436.54,4,0,1,10,0,0,0.06753733826772283
50,505.45,0,1,0,14,1,0,0.059455389420203675
52,2766.65,1,0,1,17,0,0,0.04845892079758111
14,1877.61,4,1,0,12,0,0,0.1126040606629612
61,1287.9,2,2,1,11,0,0,0.04750034621883602
38,1619.34,3,1,0,14,0,0,0.0614232143307823
34,1079.75,3,2,1,17,0,0,0.057855728616652294
52,2592.13,0,0,0,18,0,0,0.07173907113937264
37,1810.04,4,2,0,13,0,0,0.08323570709816695
39,1585.71,7,0,1,18,0,0,0.00884172353670936
23,2750.48,0,1,1,18,0,0,0.19212093097186897
66,2546.34,3,3,1,10,0,0,0.08274167607613474
69,2475.85,0,0,1,16,0,0,0.035286764334818845
10,831.71,4,2,0,9,1,0,0.1405344427016762
53,628.74,0,1,1,14,0,0,0.04442050721009127
2,2132.27,1,3,1,12,1,0,0.4551626480860989
27,1512.2,3,2,0,23,0,0,0.08397364377267394
69,2114.4,2,1,0,10,1,0,0.04636344564889977
13,2329.76,3,1,1,14,1,0,0.12648233707824252
27,1026.88,3,0,0,11,0,0,0.04983029017802262
16,997.02,2,1,1,11,0,0,0.10100209215546625
52,1574.33,3,0,0,14,0,0,0.026274348595320025
33,965.94,0,1,0,13,0,0,0.118674790325862
43,2068.43,3,1,0,6,0,0,0.08779138433073022
67,2290.85,3,3,1,14,0,0,0.061898356508222806
37,1521.71,5,1,1,7,0,0,0.0379900624861904
53,2226.64,4,0,0,8,0,0,0.033139238496491655
7,1629.23,3,1,1,7,0,0,0.14963347375906835
16,2196.04,1,1,1,8,0,0,0.2167272836820644
68,829.91,2,2,0,12,0,0,0.039902512312380026
62,2268.76,5,1,0,13,0,0,0.024699795376452807
47,2202.35,2,0,1,19,0,0,0.03180882624526299
27,946.5,2,4,1,10,1,0,0.23492070629313624
15,1756.72,2,2,0,10,0,0,0.25244127152156143
61,2594.87,2,1,1,8,0,0,0.059645395959771856
56,898.66,3,1,1,16,0,0,0.019192177156942554
18,2260.74,5,1,1,14,0,0,0.06616478072582854
42,2871.11,4,4,0,14,0,0,0.21913973513977955
44,2625.48,1,3,0,9,0,0,0.29810357111996544
34,1324.26,1,2,1,11,0,0,0.130998974865813
66,1900.18,4,0,1,10,0,0,0.013892933243954799
9,2976.96,5,2,1,11,0,0,0.1823077933016627
19,1791.62,7,3,1,18,0,0,0.06276907173390874
7,522.08,0,0,0,14,0,0,0.13228297245665283
50,327.21,8,1,1,15,0,0,0.005068316997217105
46,2412.88,3,2,1,17,0,0,0.06935445727714779
71,1386.16,3,2,0,10,0,0,0.03850644597347023
39,891.08,3,0,0,19,0,0,0.023633826906130116
11,1173.48,3,2,1,11,0,0,0.14352706188381015
33,2320.64,2,0,0,9,0,0,0.09675282776803781
7,1502.69,0,1,1,10,0,0,0.24561035953338764
48,2631.8,1,0,0,10,0,0,0.08799922599406104
48,2257.79,5,1,1,12,0,0,0.029975130432688072
61,2927.24,2,2,1,16,0,0,0.07389462700271722
25,2687.81,2,1,0,13,0,0,0.17212930970848986
23,912.73,2,0,0,15,0,0,0.058296447605327734
6,2045.37,0,1,1,9,0,0,0.30576896589661545
30,257.52,3,2,1,17,0,0,0.046822615981683156
34,2975.1,3,2,0,11,0,0,0.18781753887716296
54,930.82,3,1,1,9,0,0,0.027832940030043662
54,2061.43,6,4,1,7,0,0,0.07785743328586041
10,2577.63,2,1,0,6,0,0,0.2988242558676893
21,649.3,4,1,1,8,0,0,0.05281055218306483
37,2574.06,8,0,0,12,0,0,0.018345115333182487
24,234.29,1,1,0,4,0,0,0.1289051309743648
2,1437.54,3,1,0,10,0,0,0.17815492877568453
61,1521.71,1,2,0,16,0,0,0.07013575734454243
52,1247.45,2,2,1,8,0,0,0.06853547435940624
37,1841.88,3,1,1,14,0,0,0.053649496154581054
23,2761.56,4,0,1,9,0,0,0.0728340667226132
60,1115.57,2,0,0,14,0,0,0.022249009901615213
3,1821.93,4,1,0,14,0,0,0.13712648727970267
32,2656.9,1,2,1,10,0,0,0.2265968654281856
57,2364.39,4,1,0,14,0,0,0.03695867539502328
68,314.05,6,2,0,10,0,0,0.012419540322845563
18,2839.81,1,2,0,17,0,0,0.31826414779798323
47,330.61,4,1,0,12,0,0,0.023619335055140203
14,1848.52,1,2,0,6,0,0,0.3600483024461066
9,1810.99,5,0,1,11,0,0,0.0536710737411311
26,2401.89,1,2,0,22,0,0,0.19646610144722482
63,615.64,1,0,1,11,0,0,0.018808898573613606
49,702.24,3,1,0,9,0,0,0.0380858469242451
35,2305.9,6,0,0,8,0,0,0.03477299873964042
21,618.61,3,2,1,15,1,0,0.07589020958669039
11,1514.45,4,1,0,11,0,0,0.11089424372153128
20,2248.61,2,0,0,19,0,0,0.09076791666304493
11,2023.48,2,0,1,16,0,0,0.09444847194647106
14,789.69,6,2,0,9,1,0,0.07700806111853375
49,1051.09,1,1,1,12,0,0,0.04982191511427092
10,2913.13,5,0,1,10,0,0,0.0836616649263946
4,1456.28,4,0,1,10,0,0,0.0720383908785148
39,324.48,1,2,1,14,0,0,0.06940301137319117
21,814.84,3,0,1,15,0,0,0.03569813863871401
33,1158.82,4,2,1,9,0,0,0.06640370914054433
10,2998.57,3,3,0,10,0,0,0.4407055955110934
15,1047.54,3,0,0,12,0,0,0.0680740513741255
32,273.91,1,1,1,18,0,0,0.04662589546070428
49,1636.18,5,1,1,13,0,0,0.02161968579732726
30,434.1,2,3,1,15,0,0,0.10473262691022996
39,967.39,3,1,1,10,0,0,0.04214156137654854
38,2978.67,2,0,1,6,0,0,0.09564828601197199
20,2172.99,3,1,1,12,0,0,0.1067308081371868
20,341.87,2,1,0,3,0,0,0.12280003095543593
31,1456.32,1,1,0,13,0,0,0.11872756952447645
3,680.59,1,2,0,12,0,0,0.2704904630942471
49,544.25,2,1,1,19,0,0,0.023348213654664874
44,1843.78,2,2,1,16,0,0,0.07839386949301366
22,1615.84,4,1,1,14,0,0,0.058766179213952836
27,2280.03,2,3,1,13,1,0,0.2330190289590815
24,2698.46,1,2,0,7,0,0,0.3618836739350713
47,890.71,1,1,1,13,0,0,0.04750698625808553
54,2784.38,4,0,0,7,0,0,0.04205189517851345
8,1650.38,2,0,0,9,0,0,0.14778993898373083
30,924.74,3,2,1,19,0,0,0.05622060433980415
1,2568.2,2,0,1,9,0,0,0.1946036723376709
33,299.48,3,1,1,9,1,0,0.04002910152040924
18,1766.63,2,1,0,5,0,0,0.19875445759831256
24,2220.54,4,1,1,9,0,0,0.08610615993134081
33,983.94,2,1,0,13,0,0,0.07374407023895445
23,2617.78,5,2,0,9,0,0,0.15134117090411
28,872.8,2,0,0,7,0,0,0.06901748724338146
55,2551.65,0,1,0,17,0,0,0.10105350501907709
58,419.93,5,2,0,14,0,0,0.019180358740621385
1,647.8,4,1,0,12,0,0,0.10119279730656555
27,1266.76,2,1,1,13,1,0,0.07612993654286337
61,2591.36,2,0,0,12,0,0,0.0428526777363741
38,604.84,3,0,0,10,0,0,0.03175496016111493
15,2651.23,5,1,1,5,0,0,0.11940077229378143
43,843.25,6,1,1,10,0,0,0.016341901113895118
11,1467.02,5,1,0,11,0,0,0.08563807020805068
2,1187.66,7,0,0,15,0,0,0.033629128980256086
45,530.75,2,0,0,16,0,0,0.025135170281273655
37,2844.07,4,1,0,12,0,0,0.08621663032607936
54,1426.9,2,1,0,9,0,0,0.05674154878355371
25,2132.93,5,2,1,19,0,0,0.0633556324098517
61,1810.75,1,1,0,9,0,0,0.06934459731284497
30,1604.8,1,1,1,16,0,0,0.09026970373383252
53,1926.42,5,1,0,7,0,0,0.03617061175228651
8,2715.36,7,0,0,10,0,0,0.06409735554266617
7,2158.07,3,0,0,12,0,0,0.12943784115443024
56,1690.94,4,0,1,17,0,0,0.012730604576919869
60,2006.52,8,1,1,9,0,0,0.009782237460204738
67,1897.9,4,0,0,10,0,0,0.017527438078310687
24,1412.74,2,1,0,11,0,0,0.12044548253244523
2,1949.34,2,0,0,10,1,0,0.18437476861147303
70,1442.0,2,0,0,9,0,0,0.02337099267575971
43,2321.32,1,2,0,13,1,0,0.17249981166917183
18,2912.95,1,0,1,9,0,0,0.17827337549464012
55,2887.62,4,1,1,8,0,0,0.048119619451512184
65,2498.06,2,2,0,18,0,0,0.0659517973973191
21,1884.92,6,3,0,12,1,0,0.1268657764715612
55,2298.13,3,1,0,16,0,0,0.045305969540270025
56,698.54,3,0,1,8,0,0,0.01617761157396778
36,1541.25,2,1,1,10,0,0,0.0741588488750477
45,920.45,5,0,1,12,0,0,0.012289199946693447
20,209.79,3,0,1,9,0,0,0.03705359138625116
66,2906.87,6,3,0,12,0,0,0.053469357027129454
70,2618.78,3,0,0,11,0,0,0.026797308099033437
70,1638.36,3,3,1,12,0,0,0.04757961424583316
53,911.63,2,0,0,10,0,0,0.029885672406306404
4,2140.33,6,4,0,16,0,0,0.26155932664114484
27,1417.44,4,2,1,11,0,0,0.08025467911886969
32,2449.38,3,0,1,12,0,0,0.05654699843506377
69,2998.65,3,4,0,17,1,0,0.12941843819007623
39,1177.43,4,1,1,9,0,0,0.03703103709936496
39,884.33,3,0,0,12,0,0,0.03173758190914207
11,948.67,0,0,0,18,0,0,0.11933668199485621
57,461.37,4,5,1,8,0,0,0.0905826567745081
24,1303.33,3,1,0,11,0,0,0.09106425199301929
7,248.79,2,2,0,14,0,0,0.16116331023097138
71,520.31,3,0,1,19,0,0,0.005931561922297876
14,960.75,2,2,1,14,0,0,0.13801743372481826
2,647.62,1,2,0,13,0,0,0.2651902425732393
6,2250.05,2,1,0,14,0,0,0.22827633717422402
33,495.69,2,2,1,11,0,0,0.07754495446986774
8,2624.78,4,1,1,10,0,0,0.1483594593482132
60,819.12,3,3,0,13,1,0,0.056704826739494736
37,504.05,2,0,0,12,0,0,0.03732225127069302
23,228.3,3,1,0,12,0,0,0.05922092911715438
1,2202.57,3,2,0,11,0,0,0.3140718522521051
35,918.53,4,1,0,21,0,0,0.029259178489722776
11,1626.6,1,2,0,17,0,0,0.2577657959330661
70,512.52,6,0,0,10,0,0,0.0053098134181350795
21,2958.83,4,0,0,11,0,0,0.09797944456938235
34,551.08,3,1,1,13,0,0,0.03636861818179233
2,1353.39,2,3,0,8,1,0,0.41797370146833734
10,2584.62,1,2,0,12,0,0,0.399843279568578
15,885.68,2,2,0,13,0,0,0.1704224789208697
4,947.52,2,0,1,13,0,0,0.08568055815426484
52,2463.8,3,3,1,13,0,0,0.10489202900471105
68,965.35,4,1,0,18,0,0,0.01263400181929152
70,208.04,1,2,1,16,0,0,0.024632374970121194
19,1398.16,2,3,0,10,0,0,0.28520667894965085
57,235.1,1,0,0,13,0,0,0.022956429463972167
36,2747.42,2,1,0,15,0,0,0.12251115998597704
4,1997.08,6,0,1,14,0,0,0.04580115392262786
7,1832.44,3,2,1,5,0,0,0.2450654596681773
39,764.45,3,0,0,8,0,0,0.035794782558965337
31,2159.85,3,0,1,12,0,0,0.05187976383850042
1,2096.31,4,2,0,15,0,0,0.21974183408103454
67,369.3,1,2,0,6,0,0,0.05653401567978876
52,2666.37,2,0,1,11,1,0,0.04636468593649672
36,1822.36,4,5,1,11,0,0,0.22708708259116978
71,2418.91,2,2,0,10,0,0,0.07465137253982136
69,936.16,1,1,0,12,0,0,0.0342387854578547
70,541.73,5,1,1,8,0,0,0.009061464480096365
19,2166.86,2,1,1,12,0,0,0.13822819825434765
63,2422.87,4,1,0,13,0,0,0.033079028162149686
36,1280.89,4,0,0,9,0,0,0.035735131948963085
52,266.34,3,3,1,12,0,0,0.04638441616997512
62,2491.11,3,2,1,13,0,0,0.0532789053372472
12,777.06,1,0,0,13,0,0,0.1043956908397869
32,1149.29,4,0,0,19,0,0,0.024952614789129527
10,1959.05,3,0,1,17,0,0,0.0712749490469204
20,479.87,1,1,1,11,0,0,0.0945798931234547
30,401.59,2,1,0,14,0,0,0.061383364161862713
61,271.97,1,2,1,14,0,0,0.03592702405291098
62,2766.59,6,0,1,12,0,0,0.012166447342990983
28,1071.87,2,0,1,15,0,0,0.04166479145080959
24,2049.84,3,1,1,15,0,0,0.0809449921330814
38,2969.86,4,1,0,9,1,0,0.09909789444589967
65,2074.46,1,0,0,12,0,0,0.03996756427435066
70,1670.27,1,0,1,15,0,0,0.019839425674848338
17,1658.58,5,2,1,10,0,0,0.09491060022047138
14,1255.37,4,0,0,14,0,0,0.054537209650829824
51,1879.38,3,2,0,12,0,0,0.0767559820194056
22,2884.62,0,1,0,14,0,0,0.28761646673160385
15,2406.52,6,1,0,9,0,0,0.09323839459320962
3,1387.83,4,0,1,13,0,0,0.06385540359148638
29,1130.85,2,0,0,18,0,0,0.04720634845262245
28,2673.89,5,3,1,14,0,0,0.1301354829587054
40,580.2,2,0,0,15,0,0,0.03104193636483012
15,2578.84,2,1,0,13,0,0,0.21231089043115994
51,914.21,3,0,1,8,0,0,0.02054126098278829
49,2203.76,1,1,1,7,0,0,0.0957406286965818
33,2457.42,5,4,0,14,0,0,0.19213649049118017
13,1535.59,2,5,1,9,1,0,0.4943679599234549
36,738.4,1,1,1,11,1,0,0.06667698135096943
48,2565.35,1,2,1,11,0,0,0.14205540506160125
27,1229.02,6,1,0,11,0,0,0.03830464846840579
19,1097.9,4,1,0,10,0,0,0.07891703526746949
36,1628.05,2,1,1,13,0,0,0.06791454517237719
26,1418.24,3,2,0,8,0,0,0.14896048957837493
29,2112.55,3,2,1,13,0,0,0.11620367525761137
25,584.15,1,0,0,15,0,0,0.06211189333923693
22,1419.93,5,0,1,10,0,0,0.03269827501526645
51,2696.77,4,3,0,13,0,0,0.1176794934735362
33,300.98,4,1,0,11,0,0,0.03686050790421767
34,1480.55,2,1,1,10,1,0,0.07663836912323463
47,2049.49,5,0,0,15,1,0,0.021101694852712845
26,2685.59,4,2,0,11,0,0,0.16684863744522
8,1862.6,2,2,0,12,0,0,0.2860069589762987
61,2508.56,2,0,0,12,0,0,0.041448658519245014
4,823.53,3,1,0,11,0,0,0.1310644669808836
41,1187.87,2,2,1,9,0,0,0.08768116483938705
19,2837.97,2,0,0,11,0,0,0.15755846539042603
16,2680.73,2,1,0,9,0,0,0.2452820556408784
3,1762.27,1,0,1,16,0,0,0.13477225040066013
64,1531.37,3,1,1,9,0,0,0.02643209365156393
31,1462.99,2,2,0,18,0,0,0.11433131404181357
25,364.61,1,1,1,15,0,0,0.06692679247703043
53,2698.66,1,1,1,14,0,0,0.07829617728158422
3,2490.82,4,3,1,10,1,0,0.3160587940982207
41,1477.5,3,0,1,8,0,0,0.034802735735269534
36,982.43,2,2,0,8,0,0,0.12296741082190757
40,1160.18,1,0,0,3,0,0,0.08270263742960046
9,544.85,3,1,0,9,1,0,0.11166239322776686
68,2221.01,6,1,0,10,0,0,0.017730133469117934
17,1758.68,6,0,1,10,0,0,0.03360902922508225
49,855.49,3,2,0,20,0,0,0.03894184809477113
54,1944.42,3,0,1,13,1,0,0.023157403153576308
25,2941.84,1,2,0,7,0,0,0.3785978169970546
10,542.71,2,0,1,13,0,0,0.061758025370658366
22,1483.76,2,1,0,10,0,0,0.13544974819448546
58,1583.64,1,1,1,7,0,0,0.058373933875267396
65,667.03,9,1,0,8,0,0,0.00502696972278872
67,1688.42,5,1,0,14,0,0,0.016046495221007727
17,1896.74,2,0,0,12,0,0,0.11359856963412009
44,640.56,1,1,1,10,0,0,0.05312407505634173
11,633.23,2,0,0,12,0,0,0.0830193764988132
51,2597.78,3,3,0,10,0,0,0.15996420872718245
30,1071.88,5,3,0,10,0,0,0.10053490459643401
51,1964.93,5,1,0,12,0,0,0.03155401251959826
49,1954.96,2,1,1,12,0,0,0.05545779931854911
71,2549.68,3,2,0,14,0,0,0.051965911769513776
35,2271.7,2,2,1,11,0,0,0.14291700990055173
25,2553.61,3,1,1,14,0,0,0.09932046902938628
38,1950.6,2,0,1,14,0,0,0.04617395336346069
12,1458.48,7,1,1,9,0,0,0.04247519664329708
8,1301.99,7,0,1,13,1,0,0.024759496438993358
37,1261.28,5,0,1,9,0,0,0.020470105106174977
59,1371.5,5,0,1,14,0,0,0.008905834459921845
38,562.07,4,2,1,12,0,0,0.04001174373283774
56,1387.08,4,2,0,9,0,0,0.04824096454929117
13,1290.45,3,1,1,10,0,0,0.10028034065480632
32,296.8,4,2,0,14,0,0,0.05089149462092744
44,970.37,3,3,1,9,0,0,0.08689260440402606
25,2305.34,2,1,0,13,0,0,0.15042653928929609
2,1818.25,3,1,1,10,0,0,0.16293376907636464
6,2457.27,3,4,0,14,1,0,0.4803129121854712
66,1719.53,3,2,0,13,0,0,0.04495434528624318
43,2591.43,4,2,0,16,0,0,0.08430017211996566
19,2428.99,0,1,1,14,0,0,0.21851557148787792
19,475.2,3,0,1,11,0,0,0.0390512609223844
3,2935.62,2,0,1,15,1,0,0.16947011383935454
68,241.29,3,1,1,9,0,0,0.013783660754620137
8,1871.15,4,1,0,9,0,0,0.1476957067885523
54,2419.03,0,0,0,13,0,0,0.07759478061715523
18,1129.3,2,1,0,12,0,0,0.12262681113479566
24,1876.0,7,2,0,7,0,0,0.07503042251841129
20,1213.94,1,2,0,19,1,0,0.16893895435889586
59,369.72,2,1,1,16,0,0,0.01832295716038444
3,223.69,3,1,0,11,0,0,0.10783998627987107
26,465.61,1,3,0,11,0,0,0.21393180767655046
20,475.55,2,0,1,12,0,0,0.0469488580663938
20,1910.49,4,2,0,15,0,0,0.1272664006930034
14,1672.42,2,1,1,11,0,0,0.13688748125046263
65,1475.3,2,3,0,10,0,0,0.09187983666380024
27,2137.38,2,1,1,13,0,0,0.1061728475805175
30,247.11,1,0,0,9,0,0,0.0602763726136028
28,958.75,5,0,1,12,0,0,0.02080532660886445
70,2376.7,3,0,1,11,0,0,0.018678224947805216
25,2747.94,3,0,1,9,0,0,0.08752788143492576
25,1427.34,3,1,1,9,0,0,0.07876123821276526
24,428.16,4,0,1,14,0,0,0.02246350042160644
24,2436.44,6,2,0,13,0,0,0.09345084267325893
7,2678.48,3,5,1,13,0,1,0.549667630515811
43,1358.25,1,1,0,12,1,0,0.08561352452092762
2,881.39,3,0,0,12,0,0,0.09199493446019238
17,323.12,5,2,1,11,1,0,0.05417983042045492
15,1855.03,1,0,0,14,0,0,0.13801880850932494
21,2747.63,4,3,1,14,0,0,0.19964377602440928
54,2098.09,4,0,0,6,0,0,0.03323223914414051
43,1088.3,4,0,0,12,0,0,0.023637592023397023
71,2000.09,1,2,1,11,0,0,0.06076758211267951
25,2529.79,3,1,1,12,0,0,0.10646430009782032
66,1532.32,3,0,0,18,0,0,0.014308407020864944
4,2495.3,2,1,0,9,1,0,0.3024990736865795
36,1297.35,3,2,1,10,0,0,0.07915518126581093
57,1175.82,7,1,0,9,0,0,0.012861522155129042
38,1832.37,3,1,1,11,0,0,0.05877150223589299
67,1501.12,2,0,0,10,0,0,0.025089570565229386
23,2935.91,1,0,1,11,0,0,0.14697367316751506
3,1645.89,5,0,0,12,0,0,0.07364455622137533
55,1278.48,4,3,0,5,0,0,0.08449833550164046
5,1305.81,3,2,1,9,0,0,0.18845318610504297
55,1734.23,4,2,1,10,1,0,0.04240978639390576
53,1193.75,2,1,0,9,0,0,0.053240262115891904
60,2224.14,1,0,1,17,0,0,0.0307837658038433
35,1265.86,2,2,0,14,0,0,0.11132062213685513
64,1275.6,2,0,1,13,0,0,0.016927732999402853
13,1927.53,2,0,0,10,1,0,0.1379992297966547
31,370.37,1,1,1,15,0,0,0.05648363448642391
9,2034.99,2,0,0,10,1,0,0.15912675812637003
55,1613.92,3,1,0,12,0,0,0.04068002090243245
51,1468.47,2,0,0,13,0,0,0.03501894560970778
58,2213.91,0,0,1,11,0,0,0.05396638269175192
55,2323.12,2,0,1,12,0,0,0.035460534523677215
22,2569.53,4,1,0,13,0,0,0.11286909776171956
5,1249.45,4,2,0,13,0,0,0.16008672084612655
66,1115.71,2,0,0,15,0,0,0.017813760226447393
35,2200.16,7,0,0,10,0,0,0.02361677881333214
7,1829.05,1,5,0,11,0,1,0.6749390989927545
66,1969.04,3,0,0,10,0,0,0.0241421970165139
71,1755.46,0,3,0,15,1,0,0.11487210850816572
32,2363.54,3,3,1,13,1,0,0.17143864207432885
55,732.11,2,1,0,10,0,0,0.040043874705748245
3,1755.99,3,3,0,10,1,0,0.3666795944780844
7,642.69,4,1,0,8,1,0,0.10024255182545641
20,1340.31,2,4,1,7,1,0,0.33839622595045404
47,2059.18,3,1,0,8,1,0,0.07213486735892695
10,1580.6,2,0,0,16,0,0,0.10447999456588611
3,1262.86,2,0,0,7,0,0,0.15779594574120018
48,2677.92,2,1,0,16,0,0,0.08255234007459335
55,2363.91,4,1,1,19,0,0,0.02446916863716029
53,1673.61,5,0,1,12,0,0,0.013195661304867122
57,2860.15,4,0,1,7,0,0,0.030672594914839445
58,1388.22,5,0,0,10,0,0,0.014313658600919665
43,2406.6,2,0,1,15,0,0,0.045961051178380216
37,670.22,4,2,1,11,0,0,0.044870098763628456
61,1000.22,1,3,1,18,0,0,0.061858506678554
25,1146.64,2,1,1,12,0,0,0.08003992859103712
7,496.3,4,0,1,12,0,0,0.04156528494520664
54,1605.05,3,0,0,11,0,0,0.028482772123297716
20,738.33,7,3,0,12,0,0,0.0662011415645239
70,1975.72,0,1,1,6,0,0,0.06463378408390898
30,732.26,4,2,1,9,0,0,0.06117675422202897
61,545.82,1,1,1,16,0,0,0.024087707855838456
4,2913.44,4,3,0,15,1,0,0.35986286015317487
47,2043.07,2,3,1,12,0,0,0.13495754796078224
32,2822.06,3,2,0,10,0,0,0.194073402950208
33,1571.69,1,1,0,11,0,0,0.12678200798846842
19,293.53,3,0,1,12,0,0,0.034788318198392336
69,1808.24,2,1,1,12,0,0,0.02910342203023805
28,1763.32,1,0,0,8,0,0,0.11867749220677495
61,241.93,0,2,0,11,0,0,0.06679169994336112
31,2611.48,1,0,0,16,0,0,0.11006607865595572
4,1935.92,3,0,0,8,0,0,0.1502302584194094
63,2285.14,1,0,1,10,0,0,0.038810335291350286
14,1582.98,2,3,1,11,0,0,0.2689869932443806
20,1931.53,0,3,1,13,1,0,0.35642367216549575
62,920.92,8,3,1,9,0,0,0.013991411812008544
64,2926.52,1,2,0,16,0,0,0.1104509128875136
66,1322.02,1,1,1,14,0,0,0.031041917691724895
31,654.51,1,2,1,11,0,0,0.11087144390985755
54,356.56,2,2,1,12,0,0,0.03843753289899308
24,1981.28,5,1,1,8,0,0,0.06383728726522435
53,2953.46,2,1,0,15,0,0,0.08306753627727122
36,2708.22,2,0,1,16,1,0,0.060870580907771185
4,2165.89,3,1,0,9,0,0,0.22437979971348554
30,2973.67,4,3,0,14,0,0,0.21402953097177016
34,2223.92,5,0,1,11,0,0,0.030483920561598654
19,1149.9,5,1,1,19,0,0,0.033477343855501177
27,1883.41,4,0,0,7,0,0,0.06416792490542812
36,423.35,0,1,1,11,0,0,0.07553029678761194
4,820.71,3,1,1,12,0,0,0.09938759510557882
11,1369.11,1,0,1,9,0,0,0.12316253994351069
55,765.09,2,1,0,19,0,0,0.027747281508358798
25,2869.8,7,5,0,4,1,0,0.3373651712123563
44,2987.67,4,1,0,19,0,0,0.05624564427534694
41,1238.62,2,1,1,16,0,0,0.04450828816094449
40,2185.84,3,3,1,7,0,0,0.16354433713113672
30,1341.76,6,1,0,12,0,0,0.03519287835257845
35,590.63,3,1,0,16,0,0,0.04091462441788528
59,1143.4,1,0,1,15,0,0,0.022194129432550877
69,853.44,2,2,1,7,0,0,0.03731791464454284
19,1118.62,4,0,1,13,0,0,0.03602846644905205
48,802.06,1,3,0,13,0,0,0.12794866111828357
69,514.57,2,0,1,11,0,0,0.011582352567320719
1,808.8,2,3,0,6,0,0,0.39129273455143615
56,2736.12,5,1,0,12,0,0,0.0372287520028705
36,438.62,0,1,1,13,0,0,0.07006450335509944
69,1109.32,3,2,0,7,0,0,0.041418076361637385
42,1679.66,3,1,0,14,0,0,0.05607415713119602
60,1192.64,3,3,1,14,0,0,0.04898973064182859
12,1649.3,2,0,1,10,0,0,0.10102291132038473
11,321.58,2,2,1,12,0,0,0.1277166867786146
66,2015.99,3,0,1,17,0,0,0.014019353964185901
38,1777.74,3,0,1,9,0,0,0.04114485295262654
40,2106.71,0,2,1,10,0,0,0.19209534079410062
13,1788.32,4,0,0,9,0,0,0.0847231371514813
17,1426.13,3,1,0,12,0,0,0.11114367746044151
59,1180.4,0,0,0,15,0,0,0.03783918106741762
22,834.02,3,1,1,12,0,0,0.06019683789534903
42,1600.19,4,0,0,17,0,0,0.02426822944353002
23,272.95,2,0,1,20,0,0,0.02827727688237925
19,1119.07,5,0,1,7,0,0,0.03588747443033098
12,2098.04,4,0,0,19,0,0,0.06559900056351654
67,504.41,3,0,0,11,0,0,0.012263492206414501
67,376.1,1,0,1,13,0,0,0.013862489468690583
9,2026.1,5,2,0,13,1,0,0.15186671678132435
26,1313.77,3,1,0,11,0,0,0.08648017127024281
41,2445.11,6,1,0,12,0,0,0.03979108739018243
28,2824.47,5,0,0,14,0,0,0.052763934279862236
52,2879.71,3,1,1,11,0,0,0.05946409859073901
19,1391.66,3,0,0,4,0,0,0.09582119189418566
5,940.12,3,1,1,10,0,0,0.10938888372656891
24,1904.12,1,0,0,12,0,0,0.11935055253523687
43,1958.94,0,0,0,5,0,0,0.12098157788135527
13,1942.57,4,1,1,10,0,0,0.10094762736253363
58,1100.98,5,0,1,10,0,0,0.009753346943469512
1,378.5,1,1,0,8,0,0,0.21037008979610194
5,788.01,2,1,1,17,0,0,0.09971941042823498
37,632.37,2,0,1,8,0,0,0.03595227090252361
37,546.92,3,3,0,11,0,0,0.10563094820848581
21,2793.59,0,2,1,14,0,0,0.3224208370459992
19,238.77,3,3,0,9,0,0,0.1640250878731213
5,1885.2,3,5,1,11,1,1,0.5036547823580066
48,2852.93,0,3,0,14,0,0,0.3025948674247958
27,1208.15,4,2,0,11,0,0,0.09455633504438071
9,1675.87,2,3,1,12,0,0,0.2990553995368653
29,2148.19,3,1,0,17,0,0,0.0862121650303306
67,1088.08,2,3,0,10,0,0,0.0748406519083648
19,1537.43,3,1,0,12,0,0,0.10973717449280021
64,2487.89,3,2,1,9,1,0,0.05924341547267611
19,2287.0,0,2,0,8,1,0,0.40986198453202366
14,2463.66,3,3,1,16,0,0,0.24694769642087924
19,2964.55,3,2,0,14,0,0,0.24198447593760222
23,1236.92,5,0,1,13,0,0,0.025938901444337973
9,2291.86,4,0,1,17,0,0,0.06516300561943698
42,1887.8,3,1,1,14,0,0,0.047267191587459664
24,2066.49,4,0,0,19,0,0,0.045826069545818644
51,2271.65,4,1,0,11,0,0,0.048112169838198875
35,2299.25,6,0,1,9,0,0,0.02564070770275497
32,2680.09,0,0,1,11,1,0,0.1330507015578306
34,1178.1,0,0,0,14,0,0,0.08093094276607328
12,2029.75,2,0,0,9,0,0,0.15253874151771335
51,984.81,3,1,0,17,0,0,0.028715951753701258
8,1864.79,8,1,0,11,0,0,0.05170904396699574
52,2303.29,6,3,0,15,0,0,0.055677387765439595
71,2414.8,2,1,1,3,0,0,0.05116211684801378
55,1376.35,4,1,1,12,0,0,0.02200188327192729
33,1624.42,6,1,0,21,0,0,0.02466546288104995
23,1134.78,1,2,0,11,0,0,0.20289321711780778
62,673.3,2,2,1,9,0,0,0.03918042697725879
19,929.45,2,0,1,6,0,0,0.07397689507274197
35,2753.98,4,1,1,15,0,0,0.06086992096579067
55,1065.11,4,1,1,14,0,0,0.01776612395930578
66,2929.33,2,2,1,4,0,0,0.10381124290620075
66,876.14,2,3,0,11,0,0,0.0680646168678215
7,2224.6,3,2,1,8,0,0,0.25133092718260364
64,1806.93,4,1,1,20,0,0,0.014230630582993294
9,2151.24,7,2,1,8,0,0,0.09538852213067159
42,2003.08,5,1,1,11,0,0,0.03366576657513971
67,2178.9,2,1,0,12,0,0,0.04639579790827693
47,2735.53,4,2,1,9,0,0,0.0825276891623808
68,1777.71,2,2,1,15,0,0,0.03987929451470009
25,389.98,4,2,1,15,0,0,0.04814287727902842
23,958.31,2,2,0,14,0,0,0.13703872264686714
24,2183.01,2,1,1,8,0,0,0.14171560211196263
26,1583.41,6,0,0,10,0,0,0.03107996669976763
49,1735.95,1,1,1,13,0,0,0.06272324850726924
33,1870.43,1,2,0,10,1,0,0.2106634587666828
53,1271.36,3,0,0,9,0,0,0.027874847088403234
30,2366.91,2,1,0,18,0,0,0.11138918498650457
22,2225.9,2,1,1,15,0,0,0.11629178581685083
14,2200.04,6,1,0,14,1,0,0.07246139135421613
40,2202.87,3,1,1,17,0,0,0.050151549381840535
64,2693.0,4,2,1,10,0,0,0.04791954305202954
61,1867.1,5,4,1,13,0,0,0.059361151375139934
18,2907.8,9,3,1,11,1,0,0.08082542330264486
34,533.74,4,1,1,12,0,0,0.029110660156478306
51,1969.49,2,1,1,9,0,0,0.0595858968236056
44,2207.39,2,0,0,15,0,0,0.05317394982471816
5,1536.22,2,0,1,6,1,0,0.1364818137644412
42,1006.98,4,3,1,15,1,0,0.057078700965737805
3,1740.1,1,0,1,11,0,0,0.16108832560619793
9,1221.29,1,0,1,14,0,0,0.10134165834523
47,2745.55,2,0,1,12,0,0,0.0530740077902576
8,1199.02,4,1,1,11,0,0,0.08393070505884306
25,691.98,1,0,1,13,0,0,0.054704818409273284
42,1813.89,0,0,0,15,0,0,0.0793879873220473
47,1308.78,2,1,0,15,0,0,0.05171066118983254
32,468.51,3,1,0,7,0,0,0.06175889306330746
7,1781.56,3,0,0,19,0,0,0.08548321025248219
57,1705.97,1,0,1,8,0,0,0.03984379514207442
68,684.95,3,2,0,20,0,0,0.020679344648141085
64,1873.39,4,3,1,10,0,0,0.0524612114926182
54,1788.61,2,2,0,7,0,0,0.10603608239364887
29,2366.12,1,1,1,10,0,0,0.15475836514738295
63,1212.4,2,1,1,19,0,0,0.020224498311790143
35,896.53,1,1,0,11,0,0,0.0932680742595379
10,2863.42,0,1,1,11,1,0,0.3349394454748891
61,1771.41,2,2,1,14,0,0,0.05086365009429502
23,275.99,5,0,1,14,0,0,0.01674017184239145
67,2497.99,0,1,0,17,0,0,0.07079718099529539
27,750.92,0,0,0,9,0,0,0.10184446953780013
62,2400.9,3,0,1,9,0,0,0.02609202390346773
39,2174.45,5,0,1,13,0,0,0.023649774371953824
34,2912.68,6,0,0,15,0,0,0.034088370928211716
22,2903.62,2,1,0,17,0,0,0.17318533338163858
60,968.35,3,1,1,16,0,0,0.017520052605982772
5,2346.06,2,3,0,11,0,0,0.46583204730339844
34,1087.19,1,1,1,8,0,0,0.09110771599813597
27,1961.75,2,1,1,15,0,0,0.09181769481942052
39,1873.69,1,1,0,16,0,0,0.09933539415551626
19,352.72,1,4,0,10,0,0,0.34259149107064313
48,214.51,0,1,1,15,0,0,0.04174022013962076
28,361.74,3,1,1,8,0,0,0.049511684760484724
14,558.24,3,1,1,11,0,0,0.07070504118559362
14,921.43,2,0,0,11,0,0,0.08876198828645172
50,2739.47,1,0,1,11,0,0,0.06504386097776885
19,1652.17,2,1,1,13,0,0,0.11007427873954248
22,2431.3,1,1,1,9,0,0,0.19577137354725183
45,2547.27,2,3,1,13,0,0,0.16401033575620455
24,2257.84,4,1,1,10,0,0,0.08392462678626629
28,1295.88,1,2,1,13,1,0,0.14084325843538156
18,2618.81,2,1,1,10,0,0,0.17912410723792818
25,2277.74,2,3,1,12,1,0,0.25208469668511646
50,2280.82,2,1,0,13,0,0,0.07551656894834002
38,2724.41,2,2,1,15,0,0,0.1338230468997613
71,1876.26,3,1,1,9,0,0,0.02471653823341667
55,1680.01,5,1,1,14,0,0,0.017622566317931344
2,2692.46,3,0,1,11,0,0,0.14771058507697912
27,1472.49,4,2,1,14,0,0,0.07263443877507228
21,2472.4,2,0,1,13,0,0,0.09568463243659968
42,350.77,3,0,1,8,0,0,0.021322714878443495
19,203.61,2,3,0,11,0,0,0.18781992319370683
69,1679.22,7,0,0,14,0,0,0.005744898298278616
22,406.11,8,0,0,15,0,0,0.010316672328135936
38,2934.32,1,1,1,8,0,0,0.16158696484511023
9,215.4,2,1,1,14,0,0,0.08077588887013808
65,2210.82,1,3,0,10,0,0,0.15246205784402314
65,881.48,2,2,0,15,0,0,0.039223142390299864
57,2909.15,3,0,0,9,0,0,0.04806364889837722
25,1268.32,5,0,0,16,0,0,0.028272759320683252
5,276.39,3,3,1,16,0,0,0.14693082953212505
51,275.42,4,0,0,16,0,0,0.011189295109283773
31,1749.45,4,1,1,20,0,0,0.03716263057447504
71,2962.79,3,0,0,10,0,0,0.031230955373780813
50,2943.37,3,0,1,10,0,0,0.04439781815558806
39,1144.36,8,3,0,10,0,0,0.03786037963991126
71,1551.57,2,3,1,10,0,0,0.06240763112313686
57,481.28,5,0,1,17,0,0,0.005731130000225348
33,1662.1,2,0,0,17,0,0,0.05415911044044138
2,1879.16,3,1,1,6,1,0,0.19214648731362224
7,902.97,6,1,1,15,0,0,0.039473932463483734
32,1913.92,4,4,0,9,1,0,0.24070124860217582
40,2719.14,3,0,1,10,0,0,0.05426901184107719
3,202.67,2,2,1,13,0,0,0.1454559322083487
9,841.01,1,2,0,13,0,0,0.2401849977549093
51,787.77,0,2,1,8,0,0,0.09631280761054314
54,546.88,3,1,1,17,0,0,0.01688535772094643
3,665.08,3,2,1,8,0,0,0.16459363498092455
37,1952.56,2,3,0,12,0,0,0.21033039679691753
6,487.54,6,0,1,7,0,0,0.031502242394211594
52,2267.89,4,1,1,4,0,0,0.04840195689652174
60,2683.66,2,0,1,5,0,0,0.04749523764837156
62,2794.45,4,0,0,10,0,0,0.029395918974787414
43,2048.49,0,1,1,10,0,0,0.12003510739498163
45,752.71,1,1,0,16,0,0,0.054234715183285154
66,438.83,2,0,0,14,0,0,0.014057999297092517
44,849.67,5,1,1,13,0,0,0.01816393165256425
32,2893.48,3,0,1,11,0,0,0.07016051636309657
54,2894.57,2,0,0,10,0,0,0.06430363029552179
42,1269.37,0,0,0,10,0,0,0.07864944269110109
60,1112.22,2,1,0,12,0,0,0.03706382252104287
38,1628.03,3,1,0,13,1,0,0.06421111400565821
62,1016.73,4,1,0,15,0,0,0.017589094663959498
4,2943.05,2,3,1,11,1,0,0.4692465405922686
3,819.42,7,0,1,11,0,0,0.0256787497930704
8,1233.6,3,1,1,14,0,0,0.09619988552253128
40,1402.24,1,2,0,13,0,0,0.13441718871258004
51,550.18,5,4,1,13,0,0,0.0469432764835473
16,1271.91,5,2,1,9,0,0,0.08760260681166135
12,2598.85,7,3,1,14,0,0,0.12176475901514351
62,593.01,2,1,0,16,0,0,0.023861276020459638
54,1835.26,0,2,0,7,0,0,0.1709058506621862
47,1338.58,3,2,1,9,0,0,0.0613001769440665
35,677.5,2,1,1,11,0,0,0.05213014961531524
30,234.54,5,2,1,9,0,0,0.038923633803412336
2,965.36,1,1,1,8,0,0,0.20192583354723134
14,373.12,6,0,1,12,0,0,0.019141360815817198
64,1254.95,5,2,0,12,0,0,0.02461345762054528
25,2468.59,5,1,0,15,0,0,0.07244514906944664
51,2215.12,4,1,0,14,0,0,0.0414952389622847
50,2852.67,4,0,0,11,0,0,0.04109418748554783
22,1395.64,1,0,0,15,0,0,0.09260416039200266
15,2181.84,2,2,1,11,1,0,0.228226073799332
50,2062.96,5,0,0,8,0,0,0.026159801532424892
7,807.73,4,1,0,11,0,0,0.09480310119254606
36,1050.03,3,1,0,17,0,0,0.0458354971782524
64,1683.52,3,2,0,9,0,0,0.05544521299995274
51,2430.64,2,1,1,18,0,0,0.04933051901924284
55,1493.08,4,0,1,19,0,0,0.011085889403187558
6,837.68,3,2,0,15,0,0,0.1568357917390578
15,2981.7,6,1,0,13,0,0,0.09903614320521953
20,523.62,2,1,1,14,0,0,0.06671674688049686
21,2876.49,4,0,0,16,0,0,0.07777058805152486
14,2465.33,1,1,0,12,0,0,0.2654273324668433
70,2548.9,5,1,0,7,1,0,0.028187942744476613
12,2425.77,1,2,1,7,1,0,0.358263220726279
51,782.88,3,2,0,9,0,0,0.05642919318871682
42,1971.23,4,0,0,14,0,0,0.03207640387381239
44,2318.9,2,1,1,18,0,0,0.05776744361127411
16,2287.92,2,0,0,16,1,0,0.11562676599391715
22,960.38,4,2,0,6,0,0,0.12003812862858304
44,707.13,5,1,1,11,0,0,0.01866193510903215
22,1118.74,2,3,0,11,0,0,0.23659190554385912
50,1543.56,2,0,0,4,0,0,0.0541294316626245
3,1806.59,4,1,0,19,0,0,0.11260805752235438
6,2543.46,4,0,1,8,0,0,0.11177041146773534
52,2353.3,1,0,0,9,0,0,0.07352853509841731
44,2093.22,6,3,0,21,0,0,0.050347623902194695
4,937.77,3,2,1,9,0,0,0.1702089625931854
64,1540.87,2,2,0,12,0,0,0.05953334282657872
1,1139.22,9,2,1,12,0,0,0.04155537509579087
68,857.8,5,3,0,15,0,0,0.0250861292668198
52,228.69,4,4,1,8,0,0,0.06349454451589531
71,1150.49,1,2,0,13,0,0,0.051430713077616486
68,917.13,2,1,1,13,0,0,0.01994096509203881
23,1801.33,4,3,0,13,0,0,0.17714982455484654
54,374.44,5,4,0,12,0,0,0.0539179564987099
15,957.45,5,1,1,15,0,0,0.04122206376340254
34,325.35,3,1,0,21,0,0,0.03065125612249237
18,1995.97,0,1,1,9,0,0,0.2302110050288936
35,1790.93,1,2,1,16,0,0,0.1250734661948029
62,1144.94,2,0,0,10,0,0,0.025164499303419356
31,612.54,1,1,1,11,0,0,0.07316274968812322
7,2882.18,4,3,0,12,0,0,0.3659690685414412
24,1836.3,0,2,0,11,1,0,0.30203047079918255
56,2101.52,2,1,1,8,0,0,0.05665794981445642
38,1687.78,2,1,1,12,0,0,0.06840586353400789
40,2458.29,4,1,1,5,0,0,0.0707026049932591
31,2709.86,4,2,1,12,0,0,0.11285720303885975
21,1271.59,2,0,1,15,0,0,0.055309006716990385
43,2132.07,0,1,1,16,1,0,0.09803326552931203
45,843.68,4,3,0,12,1,0,0.07135682605424755
64,2025.19,3,1,1,7,0,0,0.035177297386604967
44,1317.64,3,1,0,11,0,0,0.05188933477593754
71,218.99,3,1,1,14,0,0,0.010051576865138221
59,2875.48,3,3,1,9,0,0,0.11815976020994337
6,2631.64,2,3,0,12,0,0,0.47722094057393377
28,1014.34,3,1,1,12,0,0,0.05439725778455811
28,2993.72,2,1,0,17,0,0,0.15334909480008785
1,1087.96,2,0,0,9,1,0,0.14497825516758517
13,1484.76,2,0,1,14,0,0,0.07868079163616419
55,2583.53,4,1,0,6,0,0,0.05966563258746885
26,1052.87,1,1,1,11,0,0,0.09961809121875936
11,1461.51,0,3,0,9,0,0,0.48222679477446734
21,2063.64,3,0,1,12,0,0,0.06656864307073249
20,565.31,3,0,0,10,0,0,0.052927807029808586
13,1382.58,2,1,0,24,0,0,0.09680017642734598
8,1066.35,3,2,1,9,0,0,0.16080217643094652
55,2094.97,5,3,0,8,0,0,0.08036001343023086
59,580.71,4,0,1,14,0,0,0.008344919024363304
36,851.65,1,1,1,9,0,0,0.07558544379280979
44,2191.85,4,2,1,9,0,0,0.07274616856399929
66,637.43,2,0,0,11,1,0,0.017363847262773555
60,1381.65,3,0,0,16,0,0,0.017547200956254706
3,2196.07,0,1,1,20,0,0,0.24123461887069042
68,2343.31,2,2,0,13,0,0,0.06987334809259457
5,465.67,1,1,0,8,0,0,0.19651590745239775
2,2585.59,3,1,0,13,0,0,0.23544379677970068
29,2227.12,3,0,1,11,0,0,0.05882744360757141
53,1150.02,3,0,0,15,0,0,0.02053239611426505
6,2338.65,2,3,0,14,0,0,0.4251492697936894
21,2239.24,5,2,0,10,0,0,0.1340324324003341
19,1882.5,7,1,1,12,0,0,0.03618687680020098
29,1763.75,5,2,0,12,0,0,0.08338833182695699
71,2257.17,2,1,0,8,0,0,0.050333342395791666
24,2997.93,2,2,0,16,0,0,0.24948411255626882
15,1819.95,5,0,1,9,0,0,0.049185316349633114
9,2464.41,5,2,0,16,0,0,0.15881507566104283
15,2283.97,3,1,0,14,0,0,0.14865941584009412
10,2596.26,4,0,0,9,0,0,0.12467547679735101
41,2872.67,4,3,1,15,0,0,0.12021725165555752
30,740.63,3,1,1,21,0,0,0.031524457515402775
36,663.29,3,0,1,8,0,0,0.02897373927861085
60,1841.79,3,1,0,8,0,0,0.04553856489599239
42,1458.03,2,0,0,14,0,0,0.04354158879435526
12,1798.02,2,1,0,9,0,0,0.20220535940165066
27,2434.52,4,1,0,13,0,0,0.09354177222823701
23,2808.8,4,1,1,13,0,0,0.09454456059068633
59,1368.76,4,1,1,9,0,0,0.022127457520209292
22,2210.21,2,2,1,13,0,0,0.18129535033106187
10,751.04,1,1,1,12,0,0,0.1319944492443959
53,1696.75,3,2,1,7,0,0,0.06452252734600841
31,261.05,1,2,0,10,0,0,0.12610431002630776
7,1610.5,5,0,1,15,0,0,0.04445882212925742
49,1726.94,5,0,0,15,0,0,0.017401900201290173
15,2259.25,6,3,0,13,1,0,0.16352299193497266
62,2018.56,2,1,1,8,0,0,0.046069481808927365
60,1203.51,1,1,0,14,0,0,0.04565586308658751
27,216.05,3,0,1,16,0,0,0.022428780632688345
40,523.36,3,2,1,11,0,0,0.049981677147724314
41,2924.57,2,1,1,10,0,0,0.10947418674605984
47,2782.53,5,2,1,7,0,0,0.07123601287097685
5,1110.26,0,1,0,10,0,0,0.27720699986066805
24,924.79,1,0,0,10,1,0,0.08927532141657815
13,1421.97,0,2,0,15,1,0,0.29929269691001636
50,2131.83,3,0,1,14,0,0,0.02699140035488481
5,1199.12,4,0,0,12,0,0,0.07486904112511372
37,388.42,1,1,1,12,0,0,0.054159551151804354
52,1327.83,4,0,0,10,0,0,0.02171588057083937
68,929.65,3,3,0,10,0,0,0.05324087154429802
21,1109.8,2,0,1,8,0,0,0.06914573167329992
1,656.28,1,2,1,14,0,0,0.2147922062363339
52,2044.75,7,0,0,9,0,0,0.013891053230682257
1,1674.57,6,2,0,19,0,0,0.10412227253418467
5,958.42,4,1,0,11,0,0,0.10602620225854041
71,1750.81,1,0,1,8,0,0,0.026837345497711208
62,1579.58,1,2,0,14,0,0,0.0756197953299476
51,2428.73,2,0,0,13,0,0,0.05152042254533278
60,2876.76,4,0,0,10,0,0,0.03225098358533625
6,565.88,3,4,1,9,1,0,0.28450318744039993
7,2674.96,3,4,1,12,1,0,0.4506536751997132
22,2173.43,0,0,1,12,0,0,0.1387817177503711
2,2139.15,2,0,1,8,1,0,0.16974962014817038
64,1248.04,5,0,0,8,0,0,0.012287912944526061
4,1162.94,4,0,1,14,0,0,0.054482375341885235
39,215.79,11,1,1,16,0,0,0.002918038126283929
61,2950.17,7,0,0,7,0,0,0.016797427836420464
53,1898.22,6,1,0,4,0,0,0.03137372835140103
17,1326.52,4,0,1,13,0,0,0.041552289865500684
34,1722.55,4,0,0,15,0,0,0.035197962899214175
39,313.48,3,2,1,17,0,0,0.03680129766856152
55,686.22,4,0,1,10,0,0,0.011699732386793346
31,1945.41,6,2,1,9,0,0,0.058145343905311
21,1639.93,0,1,1,7,0,0,0.20410382704262914
57,2403.81,2,0,0,13,0,0,0.0428380060057174
63,2044.48,3,1,0,6,0,0,0.049189970461865073
35,1884.02,4,1,0,11,0,0,0.06542420793337572
2,2482.74,4,0,0,14,0,0,0.12229607873727688
36,391.14,3,2,1,15,0,0,0.04508460670122641
64,2134.48,4,3,1,8,0,0,0.06316824323882922
71,2203.65,5,3,1,14,0,0,0.031978396367869144
29,970.46,3,0,1,17,0,0,0.02758176754543677
11,747.82,5,3,0,12,0,0,0.13767815912022988
41,798.79,5,1,1,4,0,0,0.02857199630645411
59,754.79,0,3,1,9,0,0,0.10898810573547907
68,1666.59,3,1,1,13,0,0,0.020906298064521035
4,579.75,0,2,1,9,0,0,0.28192765613722953
21,2046.0,5,1,1,14,0,0,0.05577979541653341
34,494.22,6,2,1,11,0,0,0.027292468342992714
7,275.29,7,2,0,7,0,0,0.06506126637148746
63,1094.01,3,0,0,13,0,0,0.016199632307633088
8,737.21,5,0,1,9,0,0,0.039061402448017174
48,2968.25,2,1,1,9,1,0,0.09553991357475207
66,1048.39,2,1,0,14,0,0,0.027793111037797365
49,821.78,4,6,1,10,0,0,0.17382914866266366
55,750.96,2,2,0,16,0,0,0.047803120836731695
19,1246.79,6,1,0,11,0,0,0.048734836668118245
59,1896.38,2,0,1,13,0,0,0.0253742485807247
30,2389.45,4,2,1,13,0,0,0.09888775582402609
5,1220.81,3,0,1,8,0,0,0.08856635711698446
27,1952.72,6,1,0,14,0,0,0.04520491901443808
25,1549.77,2,2,0,9,0,0,0.19244887158648036
38,2570.19,1,0,0,4,0,0,0.14226764441768727
19,1793.32,3,0,1,11,0,0,0.0660261871566659
33,1011.7,1,1,1,7,0,0,0.09469197894952947
31,2170.04,3,3,1,11,0,0,0.1767124364897631
24,2496.18,5,1,0,13,0,0,0.081647186604202
50,1503.23,0,2,0,12,0,0,0.14002080314484036
22,2964.15,3,1,0,13,0,0,0.16390208366502657
55,2661.47,3,1,0,14,0,0,0.056898103554234865
18,751.47,5,1,1,15,0,0,0.034730053398655744
62,2402.92,5,1,0,17,0,0,0.02200032835406362
26,1882.66,0,3,1,13,0,0,0.31117212697831864
3,1697.47,4,2,0,13,0,0,0.19649672044173444
11,1639.03,2,1,1,8,0,0,0.1634646392586207
58,2589.55,2,3,0,10,0,0,0.16670711565709742
62,1910.44,8,3,0,13,0,0,0.0230475985225348
16,1705.58,1,0,0,14,0,0,0.12728839361522967
43,336.81,1,2,1,12,0,0,0.0675200771920521
41,1455.25,2,0,0,11,0,0,0.05073769988689034
10,2742.52,4,1,0,11,0,0,0.17722233749687316
33,2192.86,5,0,0,18,0,0,0.02987123894591404
50,342.67,3,1,0,9,0,0,0.03196442243184191
69,2675.18,3,1,0,13,0,0,0.03969970878341794
61,2514.67,3,0,0,11,0,0,0.03352955561158446
7,1730.72,6,1,1,9,0,0,0.07031358382851573
17,262.74,3,1,1,10,0,0,0.060204584696451124
32,1774.8,2,3,0,19,0,0,0.17495245092882541
11,352.85,5,2,1,10,0,0,0.0678404571043025
41,1097.06,1,0,0,8,0,0,0.06405639753111166
1,1960.95,4,1,0,13,0,0,0.15760026903869553
9,2756.16,3,1,0,16,0,0,0.18984013367117325
4,1201.83,4,0,1,9,0,0,0.06792846242984302
21,2608.07,5,3,1,12,0,0,0.16434464810505997
55,2771.41,3,1,1,8,0,0,0.05913227755523635
13,258.92,2,2,1,17,0,0,0.09732991699708134
71,870.4,6,3,0,12,0,0,0.020198603306837013
20,2187.61,4,2,0,10,0,0,0.16932995800987435
4,2319.16,1,2,1,12,1,0,0.35388816587998817
24,1298.77,3,0,1,11,0,0,0.04698566930386533
54,2038.91,2,3,1,8,0,0,0.13028471304814226
8,1914.04,4,1,0,10,0,0,0.14448998327001508
6,2271.37,4,0,1,15,1,0,0.0763460363979618
61,2212.24,4,1,1,13,0,0,0.02483888154458993
43,440.44,2,3,0,10,0,0,0.1136648320499819
25,643.1,3,1,1,17,0,0,0.04155049589798951
54,571.64,2,1,1,11,0,0,0.02860742053004048
60,2810.94,4,2,1,11,0,0,0.05410683260790136
26,2757.92,4,1,0,13,0,0,0.10863441285362171
40,2432.75,5,1,1,10,0,0,0.04428663130041546
1,526.81,4,2,1,7,0,0,0.13654679488842206
22,1807.96,2,3,1,8,0,0,0.2653402871923967
43,724.25,3,1,0,9,1,0,0.04579778982986581
14,1231.48,1,0,0,16,1,0,0.10427086351665091
71,947.86,3,1,0,13,0,0,0.018478554155020855
69,2521.01,2,2,0,13,0,0,0.07279480848788594
19,604.46,1,0,1,16,0,0,0.055501288187359436
29,2009.3,4,1,0,11,0,0,0.08140704572317921
14,2954.91,3,1,0,9,1,0,0.2289514986270235
36,2123.75,3,0,1,15,0,0,0.03899598178633806
9,421.85,0,1,1,8,0,0,0.17511708932860043
28,2741.98,2,0,1,16,0,0,0.07743211626206836
40,2000.62,3,0,1,18,0,0,0.02904286125427458
44,1477.67,2,2,1,14,0,0,0.07373226982263432
43,2047.14,0,0,0,13,0,0,0.09146920584532459
16,2661.32,3,1,1,16,0,0,0.12215427564698512
57,1535.96,2,0,1,13,0,0,0.023233788368593373
50,1687.7,4,0,0,12,0,0,0.024531477394741118
54,1466.85,4,2,0,12,0,0,0.04658946304051073
34,403.26,1,2,0,13,0,0,0.10920789642827229
64,2403.8,0,3,1,10,0,0,0.16730280929395472
28,553.95,1,1,0,9,0,0,0.10744534812557609
58,1304.8,3,0,0,13,0,0,0.020527843688858273
15,1283.1,4,0,1,10,0,0,0.04906057698670405
18,984.11,3,0,0,15,0,0,0.053858180597972885
38,1327.02,2,0,0,9,0,0,0.05711642929163485
40,1930.43,2,1,1,13,0,0,0.06822389205536836
53,1071.88,2,1,0,12,0,0,0.04476379700928383
22,683.03,8,1,1,11,0,0,0.016295533492876678
62,2634.23,3,0,1,17,0,0,0.020404442358023016
24,2918.33,5,1,0,13,0,0,0.09596722048810233
38,1484.03,2,1,1,11,0,0,0.06578550872157622
67,1115.66,1,2,0,9,0,0,0.06708433044749001
39,332.95,4,1,0,10,0,0,0.0326374212465558
49,303.18,4,2,1,12,0,0,0.02602438873909428
65,1300.07,5,2,1,9,0,0,0.021299280369951993
70,2804.68,4,3,0,13,0,0,0.07246735768136614
36,2245.98,1,2,1,10,1,0,0.17911452059855268
30,1177.95,4,1,1,10,0,0,0.04622254195094127
14,2910.53,5,1,0,11,0,0,0.1354766438187726
39,1400.52,1,1,0,10,0,0,0.10516609484436214
66,975.02,5,0,1,10,0,0,0.007264143452064516
35,1393.79,2,0,0,15,0,0,0.049902865689272574
25,792.32,0,0,1,8,0,0,0.08929297235041452
8,2679.79,5,1,0,15,0,0,0.12543362287276627
28,1211.29,2,0,1,16,0,0,0.04226167767053928
17,2042.31,3,2,0,10,0,0,0.2152982566417002
70,1289.33,2,0,1,11,0,0,0.015493287638531798
38,2724.85,4,2,1,17,0,0,0.07671199716436235
10,1998.67,4,1,1,15,0,0,0.09194262917141012
5,1567.11,6,1,1,13,0,0,0.05927907856516511
61,570.0,4,2,0,13,0,0,0.025263206854937385
67,2725.37,2,1,0,3,0,0,0.08316599920013487
55,1731.09,5,1,0,10,0,0,0.027735434603574055
9,998.15,5,1,0,13,0,0,0.06969421202636417
7,2658.2,1,2,1,8,1,0,0.4070120809813183
15,352.43,3,3,0,13,0,0,0.16334332834916587
54,1079.42,5,0,0,11,0,0,0.013607808252076069
55,1703.12,5,1,1,13,0,0,0.018571604636765427
60,1151.48,4,1,1,12,0,0,0.017267742594248764
7,1534.86,1,1,1,9,0,0,0.2089159066712784
11,940.09,4,2,1,11,1,0,0.1042504102025134
64,564.23,2,1,0,11,0,0,0.027493254778528566
66,303.19,6,2,0,14,0,0,0.011048668615762825
52,641.41,7,1,1,10,0,0,0.008804430685788518
8,2868.25,6,0,1,8,0,0,0.07374756978817233
5,1811.13,3,4,1,7,0,0,0.43015177346534306
4,1569.09,4,0,1,15,0,0,0.06140034565441069
50,1276.11,4,0,1,13,0,0,0.015260276646208206
61,2183.58,4,0,0,10,0,0,0.023588770355094258
45,595.53,1,0,1,14,0,0,0.028074159687993004
19,973.16,0,2,1,9,0,0,0.22658936100131716
54,2036.53,7,1,0,13,0,0,0.016918228056293626
5,1541.38,3,1,0,11,1,0,0.16512288293810892
59,2356.26,5,2,0,10,0,0,0.04848196044855439
64,2711.91,4,2,1,9,0,0,0.05033205717918553
52,2505.44,2,0,1,18,0,0,0.032378988367220835
63,715.78,3,0,1,10,0,0,0.012107689228905144
42,456.12,0,3,0,12,0,0,0.17206280735252427
34,674.43,5,1,0,14,0,0,0.028348985114088447
23,2393.89,5,0,0,14,1,0,0.0513725697820857
66,2758.73,3,1,1,19,0,0,0.02688171620424569
50,2791.26,2,0,1,18,0,0,0.03856017084370515
14,1035.0,5,1,0,8,0,0,0.07515892995892184
68,2552.96,3,4,1,12,0,0,0.10795665240389342
5,1701.46,5,3,1,9,0,0,0.19982537675322373
42,2503.82,3,1,1,15,0,0,0.057949615154856186
14,1735.42,3,1,0,11,1,0,0.14016877291890548
48,608.5,4,2,1,14,0,0,0.027895384269209737
30,421.81,1,3,0,6,1,0,0.22734753309264769
32,2880.21,2,0,0,9,0,0,0.1225750482799813
48,1392.25,7,4,1,7,0,0,0.05539732192181356
54,1181.46,3,1,1,15,0,0,0.023885451634111682
27,1197.65,4,0,1,11,0,0,0.031972172039320776
71,1261.02,1,1,1,13,0,0,0.027239855710119436
36,2845.99,1,2,1,21,0,0,0.14789824535712917
12,375.57,2,3,0,15,0,0,0.20535878371939645
1,533.37,5,1,1,13,0,0,0.05679025975124346
15,2411.02,2,2,0,12,0,0,0.2894132456634689
50,1738.35,1,0,1,7,0,0,0.05160831665278093
39,559.9,3,3,1,13,0,0,0.07264325279142643
24,296.49,5,2,0,12,0,0,0.05412558894798852
35,827.86,3,1,0,11,0,0,0.05539470736152619
60,930.27,3,1,1,9,0,0,0.02327702339523101
41,239.8,4,1,0,14,0,0,0.02498546212443674
5,805.05,3,1,1,23,0,0,0.06168741133941042
4,2267.29,2,2,0,10,0,0,0.36927759480116334
35,2595.21,3,0,0,6,0,0,0.08989063348642798
29,2715.06,4,0,1,9,0,0,0.060274540835356126
61,1291.76,4,2,0,13,0,0,0.03390636145730731
42,1094.36,4,1,1,15,0,0,0.025406024932567682
54,2999.61,1,1,0,14,0,0,0.10887542041139135
42,2354.15,1,0,1,12,0,0,0.06743763155066673
25,1704.59,1,1,0,15,0,0,0.141306213456778
47,913.36,5,1,0,9,0,0,0.026277567319613712
45,1099.66,3,2,1,13,0,0,0.05007537973311341
52,1643.02,2,1,0,9,0,0,0.06543701634895922
14,1717.83,3,1,0,16,0,0,0.11508270864038286
46,238.3,5,0,1,19,0,0,0.006628558569559291
21,2886.32,6,1,0,11,0,0,0.08755871381271679
57,1811.7,3,2,0,11,0,0,0.06567079746549354
57,1849.64,1,1,0,8,0,0,0.08206455903689161
45,792.12,2,2,1,15,0,0,0.05250466664177798
68,2341.96,2,0,0,15,0,0,0.027765174783804178
39,2264.34,2,3,1,9,0,0,0.19949156516401487
2,466.44,2,0,0,14,0,0,0.09239817212619737
44,1865.98,3,2,1,13,0,0,0.0697560057958885
56,2042.94,2,2,1,18,0,0,0.055485923063913395
8,2539.59,2,2,0,12,0,0,0.34739683753603406
8,777.06,2,0,0,11,0,0,0.09918729746008162
20,2657.38,4,2,0,10,0,0,0.1989186916499204
60,1492.15,5,1,0,12,0,0,0.01989151226866385
38,470.27,2,2,1,14,0,0,0.058930269475437634
70,495.74,0,2,0,13,0,0,0.05251734572398789
62,753.85,1,0,1,3,0,0,0.028856288547295463
40,991.7,1,1,0,14,0,0,0.0745921556485654
49,1589.94,7,0,0,20,0,0,0.007823248481411997
24,2296.5,6,1,0,21,0,0,0.042278169543330774
7,722.83,5,1,1,13,0,0,0.05148813252902968
29,2979.43,6,4,1,12,0,0,0.17632093393365383
43,652.26,10,0,1,12,0,0,0.0031071802799214217
13,1878.26,1,0,0,14,1,0,0.14666260635796216
16,2801.03,5,3,0,6,0,0,0.2967781852812106
2,2531.02,2,1,1,11,0,0,0.24706024924873957
53,2014.09,8,1,1,11,0,0,0.011119506760871926
64,2203.38,0,0,1,11,0,0,0.04515113945461075
59,575.78,3,0,1,8,0,0,0.014050061480886151
27,227.06,4,0,1,9,0,0,0.023415919111113827
43,1415.62,6,4,0,18,0,0,0.06783121631166159
69,450.65,3,0,1,12,0,0,0.008295437930945093
42,1201.71,0,0,0,13,0,0,0.06783707360885388
22,826.48,2,0,1,10,0,0,0.05536513431448049
25,2765.77,5,1,0,16,0,0,0.078088163353865
52,2664.16,4,2,1,14,0,0,0.05680242355087751
32,2493.04,1,3,0,12,0,0,0.3369943411859896
60,2199.04,4,1,1,9,0,0,0.030167705192852563
62,631.4,4,1,1,6,0,0,0.01697768098938618
3,335.43,1,1,0,14,0,0,0.15920814049126938
52,2030.89,3,1,0,16,0,0,0.04442114087170278
27,1998.32,2,1,0,9,0,0,0.14849802355184863
37,1234.39,6,2,0,14,0,0,0.03850328086340668
19,1523.52,3,0,1,14,0,0,0.05245790206536328
27,1569.62,2,3,1,14,1,0,0.1774897592222879
24,871.8,2,0,0,7,0,0,0.07726017348880498
4,1079.67,3,1,0,14,0,0,0.1284052987603118
56,1371.49,4,0,1,13,0,0,0.013252085427853767
11,1888.9,6,0,1,13,0,0,0.03725439779657705
27,2876.29,1,4,1,13,1,0,0.4415762441221964
14,1707.76,3,1,1,5,0,0,0.1381432077210417
12,2247.26,1,1,1,12,0,0,0.21147654770851348
27,2459.6,2,1,1,8,0,0,0.14473135798995254
66,517.82,2,0,0,16,0,0,0.013325585557328812
68,2028.75,2,0,0,9,0,0,0.03152037981788584
28,1549.91,1,0,0,7,0,0,0.11395751208828801
36,1802.81,2,1,0,14,0,0,0.08932434345973642
70,307.57,1,2,1,14,0,0,0.027935579481705233
17,2737.4,5,4,1,12,1,0,0.266939974507531
68,2867.8,2,2,1,6,0,0,0.08867565462145334
8,209.75,2,3,0,9,1,0,0.2614645524238071
17,795.82,4,0,1,11,0,0,0.03647942156331716
25,704.54,7,1,1,12,0,0,0.018703272591000415
3,2387.65,5,1,1,11,0,0,0.11870911834554862
58,1874.62,5,1,0,13,0,0,0.02367516392290001
61,696.53,0,2,1,8,0,0,0.07027091957287789
28,2479.12,5,0,1,11,0,0,0.04034104996222983
60,1189.73,2,2,1,15,0,0,0.03977585196164168
55,1490.4,2,1,0,18,0,0,0.03886154343918362
57,1284.46,2,1,1,11,0,0,0.03498385271425673
57,1659.86,1,1,0,8,0,0,0.07625634570793921
41,1544.4,4,1,0,17,0,0,0.03742303397381293
8,968.84,3,4,0,9,0,0,0.36668302556275056
66,1388.76,1,0,0,15,0,0,0.025866859489649174
44,2743.34,3,0,1,13,0,0,0.04306142968968945
64,1608.1,2,3,0,16,0,0,0.07821422452253698
69,2765.88,3,0,0,8,0,0,0.03328386583427723
14,1740.36,5,3,0,9,0,0,0.20128644960279268
29,2352.69,3,3,0,16,0,0,0.20554473207757903
14,1022.06,4,0,1,11,0,0,0.04363753983571624
4,2413.16,5,0,1,9,1,0,0.08496710891509654
69,940.1,3,2,1,12,0,0,0.024151726542942262
66,254.74,3,2,1,8,0,0,0.02365201276372168
67,650.04,4,1,1,14,0,0,0.010422891682152767
63,260.63,4,0,1,8,0,0,0.008392255602837791
47,2851.78,4,0,0,8,0,0,0.05080779443501852
38,2999.94,2,2,0,10,0,0,0.2199935602175598
71,2334.24,0,1,1,9,0,0,0.06396693418881942
40,502.76,2,1,0,13,0,0,0.049907385036228054
46,2717.05,2,3,0,11,0,0,0.22567243261234365
16,2282.57,1,3,0,15,1,0,0.3994558581300154
54,1130.28,0,0,0,14,0,0,0.04476587570164968
59,1606.38,4,2,1,8,0,0,0.038961253749347884
49,2052.93,2,0,1,10,0,0,0.041245466743386465
36,267.34,3,1,0,8,0,0,0.04874816255081049
